codigo,estacion,latitud,longitud,2026091600,2026091603,2026091606,2026091609,2026091612,2026091615,2026091618,2026091621,2026091700,2026091703,2026091706,2026091709,2026091712,2026091715,2026091718,2026091721,2026091800,2026091803,2026091806,2026091809,2026091812,2026091815,2026091818,2026091821,2026091900,2026091903,2026091906,2026091909,2026091912,2026091915,2026091918,2026091921,2026092000,2026092003,2026092006,2026092009,2026092012,2026092015,2026092018,2026092021,2026092100
ACOBAMBA,ACOBAMBA,-12.84361,-74.56161,8.5,7.2,6.4,6.0,6.5,9.3,10.9,10.4,8.2,7.4,6.0,5.2,5.4,8.1,10.9,10.2,8.6,7.5,5.9,4.2,5.1,9.4,11.4,9.4,7.4,6.6,6.3,5.6,5.7,10.0,10.8,11.4,9.1,7.1,5.1,3.9,5.9,9.7,13.6,14.5,9.0
ACOPALCA,ACOPALCA,-11.98732,-75.10352,6.8,3.7,2.9,3.5,3.8,8.0,9.9,7.9,6.4,5.4,4.8,3.7,3.9,7.8,9.9,7.7,6.3,5.7,4.4,4.2,4.6,7.7,10.9,7.4,6.6,5.1,4.3,4.6,4.0,8.5,10.8,9.1,7.1,6.1,4.4,2.7,4.4,8.7,11.6,11.5,8.0
ACOSTAMBO,ACOSTAMBO,-12.36078,-75.05725,7.0,6.9,6.4,5.8,5.8,8.8,9.7,7.9,6.9,5.9,5.5,5.0,5.4,8.3,9.7,9.5,7.1,6.5,4.9,4.5,5.4,8.7,11.6,7.9,7.1,6.8,5.8,4.6,5.0,10.0,11.1,10.1,7.9,7.1,5.4,3.4,5.9,9.7,12.6,12.2,8.7
AGUAYTIA,AGUAYTIA,-9.04225,-75.50624,22.5,21.2,21.2,20.5,21.8,26.3,27.2,25.4,22.7,21.9,20.5,19.5,21.1,26.1,26.9,26.5,22.8,22.5,21.4,20.5,22.4,27.2,29.6,28.4,24.6,23.1,22.3,21.6,22.7,27.0,28.6,27.9,23.6,22.3,21.6,20.9,22.6,26.9,27.8,28.2,24.2
AIJA,AIJA,-9.78164,-77.60674,8.8,7.9,5.4,4.5,5.8,9.8,10.4,8.1,7.2,5.9,5.0,3.7,5.4,9.8,10.9,9.2,8.1,7.0,5.9,5.0,6.6,10.2,10.1,9.4,7.6,6.6,5.6,3.9,5.7,10.0,10.3,10.6,8.6,7.1,5.1,3.2,5.1,9.9,10.8,10.0,8.5
ALAO,ALAO,-6.517,-76.73806,20.5,18.2,17.2,17.3,18.3,23.5,25.2,23.1,19.7,19.4,19.5,19.0,19.4,22.8,25.7,23.7,20.3,19.7,20.6,19.5,19.6,23.2,26.6,26.4,20.6,19.8,20.1,19.1,20.0,24.2,26.6,23.9,20.4,19.3,18.6,18.4,20.1,24.7,26.6,25.5,22.2
ALCANTARILLA,ALCANTARILLA,-11.06068,-77.55028,20.8,19.4,17.9,17.3,18.8,22.5,23.4,22.4,19.4,18.4,19.8,18.2,19.1,22.8,22.7,22.7,19.1,18.7,17.6,17.2,18.9,22.7,22.9,22.2,19.4,18.6,18.1,17.1,18.2,22.5,22.8,23.6,19.4,18.6,17.9,18.7,18.1,22.2,23.8,23.0,19.7
ALTO DE POCLUS,ALTO DE POCLUS,-4.9169,-79.89047,18.3,14.4,15.4,15.8,17.3,22.8,23.2,22.1,16.9,13.9,16.3,16.7,17.6,22.6,24.7,23.5,17.1,16.0,15.9,15.7,17.9,22.9,23.4,23.4,17.4,14.8,15.1,16.9,18.2,22.2,23.1,21.1,16.9,16.1,15.4,16.4,17.4,22.2,22.6,19.5,16.7
AMAZONAS,AMAZONAS,-3.7,-73.3,24.8,23.9,22.4,22.8,22.5,25.3,26.4,26.6,24.9,23.9,23.5,23.0,23.4,24.3,26.2,26.7,24.6,23.7,23.6,23.2,23.4,26.4,27.4,25.4,24.1,23.8,23.1,22.9,22.7,26.0,27.3,28.1,26.4,24.8,23.9,23.2,23.9,26.7,28.1,27.5,26.0
AMBAR,AMBAR,-10.75484,-77.2668,14.5,15.2,16.2,14.8,17.0,17.5,17.2,16.9,17.2,17.2,15.0,15.7,16.9,18.3,17.7,17.2,16.6,16.5,17.6,17.2,18.6,20.2,18.9,19.4,19.1,18.6,17.1,15.4,18.5,20.0,18.8,18.6,17.4,16.1,15.1,13.7,16.1,19.4,18.3,19.0,17.7
ANANEA,ANANEA,-14.67628,-69.53386,2.5,0.4,0.4,-0.2,1.8,4.0,4.9,5.1,1.9,0.4,-0.5,-0.8,0.4,3.6,4.2,3.5,0.3,-0.8,-0.9,-1.0,0.4,3.2,4.1,2.9,1.6,0.6,-0.7,-1.4,-1.5,2.7,3.1,3.4,2.1,1.1,-0.6,-2.3,0.6,4.4,6.8,7.2,4.7
ANDAHUA,ANDAHUA,-15.5009,-72.3551,7.8,4.7,4.2,3.0,7.0,11.0,13.2,10.1,5.9,4.4,5.0,3.0,5.1,12.1,9.7,8.5,4.3,5.0,5.6,3.7,5.1,9.7,10.4,7.4,5.6,5.1,4.6,3.6,7.0,10.0,11.6,9.4,7.1,5.8,3.9,2.9,6.4,11.4,13.1,10.2,7.7
ANDAJES,ANDAJES,-10.78361,-76.90028,7.0,5.2,4.4,2.8,4.0,9.5,10.9,8.4,6.4,6.4,4.0,4.2,4.9,9.6,10.7,9.7,7.8,7.5,6.6,5.5,5.6,9.4,9.9,8.9,6.6,6.1,6.1,3.9,5.5,9.2,11.1,9.9,7.1,6.1,3.4,1.7,4.4,9.9,10.8,10.0,7.5
ANGAMOS,ANGAMOS,-5.18318,-72.87709,24.8,24.9,23.7,23.8,23.8,25.5,28.4,28.1,24.2,22.9,22.3,21.7,22.1,28.1,29.4,28.0,24.1,23.0,23.1,22.7,22.9,28.4,29.4,29.2,24.4,23.1,22.8,22.6,23.5,27.2,30.8,30.6,26.1,23.8,22.6,22.7,22.6,29.2,31.8,29.7,25.7
ANTA ANCACHURO,ANTA ANCACHURO,-13.47242,-72.21876,9.0,5.9,3.7,3.0,4.3,10.0,12.2,10.9,8.7,6.9,4.8,3.5,5.4,10.6,13.2,11.7,8.3,6.5,6.1,5.5,5.9,8.9,12.1,10.9,8.4,7.8,6.8,5.4,6.2,10.0,13.1,11.9,9.4,6.8,6.1,3.9,5.6,9.9,14.6,13.5,10.2
APLAO,APLAO,-16.07288,-72.49226,18.8,16.9,15.4,16.3,19.8,22.5,24.9,23.6,16.4,16.4,14.8,14.7,19.9,24.1,24.9,24.5,17.3,18.0,20.1,20.5,21.9,26.7,25.4,22.9,18.6,18.6,17.1,16.6,22.7,25.0,25.6,25.4,16.9,16.8,15.9,15.4,21.4,24.4,25.6,22.7,15.7
ARAHUAY,ARAHUAY,-11.62091,-76.67034,9.8,9.4,8.9,7.8,10.8,13.0,12.9,11.1,10.4,10.9,9.5,8.0,10.6,13.6,13.4,12.5,11.6,10.7,9.9,9.0,11.1,13.9,13.6,13.9,12.4,11.3,9.6,8.4,11.2,14.0,13.8,13.6,11.9,10.3,8.1,6.9,9.6,13.7,13.3,13.0,11.5
ARAMANGO,ARAMANGO,-5.41994,-78.43553,18.5,18.2,18.2,17.5,18.3,23.0,22.4,21.9,19.7,19.2,17.3,18.0,18.1,21.8,21.4,21.5,19.6,19.7,18.9,19.0,18.1,22.7,23.6,23.9,20.6,19.1,18.6,19.1,19.0,23.0,22.6,23.6,19.4,19.3,18.4,17.9,19.1,23.7,26.3,25.5,21.2
ARAPA,ARAPA,-15.17857,-70.10904,10.0,5.9,3.2,2.0,4.3,10.3,14.7,13.9,9.9,6.4,4.0,2.0,4.4,10.6,13.9,13.7,8.6,6.0,2.9,1.0,4.4,10.4,13.4,9.2,7.4,5.6,2.8,2.4,3.2,9.2,12.3,14.4,9.9,5.6,3.1,0.7,2.6,9.4,13.6,16.0,11.7
ARICOTA,ARICOTA,-17.32914,-70.23731,9.5,5.9,4.2,4.5,10.5,13.0,12.2,11.1,8.9,7.7,6.8,5.5,8.9,11.3,9.7,8.7,6.6,6.7,5.4,5.7,4.9,9.2,11.4,11.2,10.4,7.1,6.1,4.1,8.7,11.5,12.3,11.6,8.9,6.6,4.9,4.2,9.1,12.2,12.8,12.0,9.7
ASUNCION,ASUNCION,-7.30938,-78.51583,13.3,10.2,9.7,8.0,9.5,16.8,19.9,18.6,11.9,12.9,12.3,9.5,10.4,15.8,17.9,17.7,13.6,12.2,10.4,8.5,10.6,16.2,18.6,16.7,13.9,13.8,14.1,11.1,12.5,17.2,17.3,13.9,13.1,13.6,12.4,12.4,12.4,17.2,18.1,14.7,13.5
AUCAYACU,AUCAYACU,-8.92972,-76.11167,19.5,17.9,17.7,17.8,18.0,21.8,25.2,23.6,21.2,20.7,19.0,18.7,18.9,24.1,26.7,24.7,20.8,20.2,19.9,19.0,19.9,23.7,27.6,24.4,21.9,19.6,19.6,20.1,19.5,24.2,26.3,24.1,22.1,19.3,18.9,17.9,19.6,24.9,27.6,25.7,22.0
AUGUSTO WEBERBAUER,AUGUSTO WEBERBAUER,-7.15083,-78.49309,12.0,8.7,7.7,6.5,8.0,15.0,17.9,17.1,11.7,11.4,9.5,7.7,8.9,13.8,16.2,16.2,12.3,10.2,8.6,7.0,9.1,14.4,16.4,14.9,12.1,12.3,11.6,10.1,10.7,15.2,15.6,12.1,11.6,11.3,10.6,10.2,10.1,15.7,16.6,14.5,12.2
AYABACA,AYABACA,-4.63776,-79.72743,18.3,15.7,15.9,16.3,18.0,24.5,24.9,24.9,18.7,16.2,16.5,16.2,18.4,23.8,25.2,24.7,19.3,15.2,17.1,16.2,18.4,24.2,25.1,24.4,19.6,15.8,15.1,15.1,17.7,24.2,25.6,22.4,17.9,17.1,15.9,14.7,17.1,25.2,25.3,20.7,17.7
AYAVIRI,AYAVIRI,-12.38208,-76.13672,9.8,8.4,8.2,5.8,7.0,11.5,12.4,10.1,8.4,6.7,6.0,4.7,6.9,11.6,11.9,11.0,9.1,8.7,9.1,7.0,7.6,11.4,12.1,11.4,9.1,8.1,6.1,5.1,7.5,11.2,12.3,11.4,8.9,7.1,4.6,3.4,6.4,11.4,11.8,11.5,9.2
AYLAMBO,AYLAMBO,-7.19345,-78.52679,12.0,8.7,7.7,6.5,8.0,15.0,17.9,17.1,11.7,11.4,9.5,7.7,8.9,13.8,16.2,16.2,12.3,10.2,8.6,7.0,9.1,14.4,16.4,14.9,12.1,12.3,11.6,10.1,10.7,15.2,15.6,12.1,11.6,11.3,10.6,10.2,10.1,15.7,16.6,14.5,12.2
AYMARAES,AYMARAES,-14.29056,-73.25168,9.0,4.4,3.2,3.8,3.8,6.3,10.2,10.9,6.7,5.2,4.3,3.7,3.1,6.3,9.7,8.7,6.6,5.0,4.1,3.2,3.1,5.9,10.1,8.9,5.9,5.6,4.6,2.4,3.7,8.0,12.1,13.9,8.4,4.8,1.9,2.4,1.1,7.9,11.6,14.0,9.5
AYO,AYO,-15.68329,-72.27045,11.3,7.7,6.9,6.0,10.5,13.8,15.4,13.6,8.7,7.2,6.8,5.5,8.6,13.8,11.9,11.5,7.1,7.2,8.1,6.2,8.1,11.9,14.1,10.7,8.4,8.6,7.6,6.6,10.2,13.2,14.3,12.9,10.1,8.6,6.4,5.4,9.9,14.4,15.3,13.0,10.2
AZANGARO,AZANGARO,-14.91719,-70.19047,9.5,5.2,3.4,1.5,5.0,10.3,12.9,13.1,7.9,5.2,2.5,0.5,4.1,11.1,12.9,12.5,7.1,5.0,3.1,0.7,4.1,9.9,10.6,8.7,7.6,4.8,1.8,0.9,2.2,8.7,11.8,12.1,10.4,5.6,2.6,0.4,2.6,8.9,13.1,15.0,10.7
BAGAZAN,BAGAZAN,-4.72402,-73.53213,24.5,24.4,23.4,22.5,22.8,25.8,29.2,28.1,23.9,22.7,22.3,21.7,23.1,27.8,29.2,27.7,24.6,23.0,23.1,22.7,23.6,29.2,30.1,28.9,24.9,22.8,22.1,21.9,22.2,27.5,31.3,30.6,26.4,24.6,23.4,22.9,23.4,29.7,32.1,29.5,26.5
BAGUA CHICA,BAGUA CHICA,-5.66148,-78.53396,22.3,20.4,20.4,20.5,20.0,24.3,26.9,25.6,22.9,21.9,20.8,19.5,19.9,23.6,24.4,25.5,23.3,21.2,20.4,20.0,20.4,23.9,26.4,27.4,23.6,23.1,21.3,20.1,20.7,24.7,27.6,28.1,24.1,22.6,21.4,20.4,21.4,25.4,29.6,29.5,26.0
BAMBAMARCA,BAMBAMARCA,-6.67655,-78.51834,10.3,9.7,8.7,7.8,8.5,12.5,14.2,12.6,10.7,10.2,9.0,7.5,8.9,11.6,12.4,13.2,10.3,9.7,7.4,6.7,8.9,11.4,13.4,12.9,10.4,10.1,9.1,7.6,10.0,13.0,13.1,11.1,10.6,9.3,9.6,9.2,9.4,14.2,14.3,12.0,11.0
BELLAVISTA,BELLAVISTA,-3.49542,-73.06798,24.5,23.9,22.4,22.5,22.5,28.3,29.2,28.9,25.4,24.7,23.3,22.7,23.4,25.8,28.7,28.2,25.3,24.2,23.9,23.0,23.4,29.4,28.9,27.2,24.6,23.6,22.6,21.9,23.0,29.0,31.1,31.4,27.1,25.1,23.9,22.7,24.4,29.9,32.1,31.0,27.2
BERNAL,BERNAL,-5.48783,-80.75929,25.5,23.7,22.4,22.0,22.3,27.3,30.7,29.1,26.2,23.4,22.5,21.5,21.4,26.8,31.4,30.7,25.6,23.0,22.6,22.2,22.6,27.2,31.1,29.2,25.9,24.1,22.8,21.9,22.2,26.2,30.3,28.1,25.9,23.8,22.6,21.9,21.9,27.2,30.6,28.5,25.5
BOCATOMA,BOCATOMA,-17.57583,-69.62667,5.0,-2.6,-4.1,-4.7,4.0,6.5,8.9,7.1,2.4,-0.1,1.8,-2.3,-0.4,6.6,6.2,2.0,0.8,-0.3,-0.4,-1.3,-0.6,1.2,2.6,2.4,-0.6,-1.9,-2.7,-4.6,-0.0,3.5,4.6,3.6,-0.9,-1.7,-2.6,-3.1,0.9,4.4,6.6,6.0,1.2
BRETAÑA,BRETAÑA,-5.25028,-74.35028,25.0,25.2,23.4,23.3,23.0,26.3,29.7,28.4,23.9,22.7,22.5,22.5,22.1,27.6,28.9,28.5,25.1,24.2,22.6,23.0,23.6,29.2,29.1,28.4,25.1,23.8,22.8,22.6,22.5,28.7,32.1,31.4,26.6,24.6,23.6,22.4,23.1,29.9,32.3,28.7,25.0
BUENA VISTA,BUENA VISTA,-9.43371,-78.20825,22.0,18.9,18.2,18.5,19.3,23.3,24.2,23.4,21.2,19.9,18.8,17.5,19.4,23.8,24.9,24.5,20.6,19.7,19.1,18.7,19.6,23.9,25.1,24.2,20.6,19.8,19.6,19.1,20.5,24.2,24.8,23.4,20.6,19.6,18.9,18.7,19.9,23.7,24.6,24.0,20.2
CABALLOCOCHA,CABALLOCOCHA,-3.91123,-70.51189,25.5,24.7,23.7,23.0,23.3,24.5,28.2,28.1,25.7,24.9,23.8,23.0,23.6,27.3,28.9,27.5,24.3,23.2,22.6,21.5,22.1,29.2,30.9,29.9,25.4,24.1,22.3,21.9,23.0,28.2,32.1,31.6,26.9,25.3,23.4,22.2,23.9,29.7,31.8,31.0,26.2
CABANA,CABANA,-8.39058,-78.00461,10.5,9.2,8.7,8.3,8.3,13.5,16.2,14.9,11.4,10.4,9.0,7.5,8.1,13.6,15.7,15.5,12.1,11.5,9.6,8.0,8.6,13.7,15.6,14.2,11.6,11.6,10.8,9.1,10.0,13.7,14.3,12.9,11.4,10.8,10.1,9.4,9.1,14.4,16.3,14.5,12.0
CABANACONDE,CABANACONDE,-15.62259,-71.97409,3.8,0.7,-0.8,-2.0,2.8,7.0,8.4,6.6,4.2,2.4,1.5,1.7,3.1,8.1,7.2,4.2,2.3,2.7,2.1,0.7,2.1,5.4,5.1,3.2,2.1,1.6,0.6,-0.1,2.7,6.2,8.1,6.4,3.9,2.1,0.4,-0.3,2.6,7.2,9.3,8.2,5.2
CABANILLAS,CABANILLAS,-15.63911,-70.34661,10.3,4.2,1.7,0.0,4.3,9.8,11.2,12.1,6.4,4.9,4.3,2.2,3.6,9.3,13.2,12.7,9.3,4.7,2.6,1.2,4.4,9.4,13.1,7.9,6.4,4.8,4.3,3.6,3.5,8.7,12.8,13.4,7.6,4.3,0.9,-0.3,3.9,9.2,12.3,14.7,9.5
CACHACHI,CACHACHI,-7.45106,-78.26855,16.0,11.7,10.4,10.3,10.0,16.3,18.9,18.6,13.9,12.9,11.5,10.5,10.4,12.3,16.9,18.5,15.1,12.0,9.9,8.7,10.4,14.9,17.4,17.4,14.9,13.8,12.8,11.9,11.7,16.7,17.8,15.9,14.1,12.8,11.6,11.2,11.1,16.4,20.1,16.7,13.7
CACHICADAN,CACHICADAN,-8.10851,-78.16605,10.0,9.4,8.2,5.8,6.0,10.8,14.2,13.9,10.4,8.9,7.3,6.7,7.1,11.6,13.4,13.7,11.3,10.2,7.9,6.7,7.1,10.9,13.4,11.7,10.4,9.1,8.1,7.1,8.0,11.5,13.3,11.4,10.6,8.8,8.6,7.2,7.1,12.4,15.3,13.7,11.2
CAICAY,CAICAY,-13.59999,-71.69548,7.0,4.9,3.4,3.0,4.5,8.0,9.9,9.9,6.9,5.2,3.0,2.7,4.9,8.6,10.4,10.0,6.8,5.7,4.4,4.5,4.6,7.9,10.1,9.7,7.1,6.1,5.3,4.4,3.7,8.5,10.6,9.4,7.9,5.8,6.1,3.4,4.9,9.7,12.1,12.0,9.0
CAIRANI,CAIRANI,-17.28121,-70.36269,10.3,6.9,5.2,5.8,12.8,14.5,13.2,12.6,8.9,6.7,7.3,7.7,11.4,12.1,10.7,9.5,7.6,9.0,6.1,7.0,6.6,10.4,14.1,13.2,11.9,8.8,7.1,5.4,10.5,13.2,13.6,12.9,10.6,8.3,6.4,5.4,11.1,13.9,14.1,13.0,11.5
CAJABAMBA,CAJABAMBA,-7.62166,-78.05131,15.0,12.7,10.7,10.3,10.0,15.0,16.9,17.6,12.4,11.9,10.3,10.5,10.1,12.8,15.9,17.7,13.6,11.2,9.4,8.2,10.4,13.9,15.9,16.4,14.4,13.1,12.1,11.6,11.5,16.0,17.6,16.4,13.6,11.8,11.4,10.9,10.4,15.4,19.6,18.0,14.2
CAJAMARQUILLA,CAJAMARQUILLA,-9.63204,-77.74136,8.3,9.7,8.7,6.5,8.8,11.8,11.7,9.4,9.4,9.4,8.5,6.5,8.6,12.1,11.9,10.7,10.3,8.7,9.1,8.5,9.9,12.2,11.9,11.7,10.6,8.8,8.1,5.9,8.7,12.5,12.3,12.6,11.1,9.3,7.4,5.4,7.9,12.2,12.1,12.0,11.2
CAJATAMBO,CAJATAMBO,-10.47788,-76.98971,7.8,3.9,2.4,1.8,3.8,9.3,11.4,9.1,6.9,6.4,4.0,3.5,4.6,9.1,10.9,10.5,8.1,7.5,6.4,5.7,5.9,8.9,10.6,9.2,7.4,6.8,5.3,3.9,5.7,9.5,9.8,9.4,6.9,6.3,4.1,2.4,3.1,9.4,11.6,11.0,7.2
CALACOA,CALACOA,-16.73989,-70.68764,9.8,2.7,1.7,2.5,9.0,11.0,11.9,9.9,4.9,5.2,4.8,4.2,7.4,10.6,8.4,8.0,4.3,5.0,4.6,4.0,4.1,7.2,10.1,7.9,5.6,5.8,4.1,2.4,6.2,9.7,10.6,9.6,6.9,4.1,2.9,2.2,6.9,10.7,12.3,10.5,7.7
CALANA,CALANA,-17.97458,-70.19264,15.5,14.2,13.9,12.3,17.0,21.8,21.9,22.1,16.4,15.9,15.5,15.2,18.6,22.8,23.7,23.2,19.8,19.0,18.9,22.0,22.4,24.4,23.1,20.7,16.9,15.6,16.8,16.1,22.2,22.2,24.6,21.4,16.6,15.3,15.1,14.2,19.9,22.7,22.1,21.2,15.7
CALIENTES,CALIENTES,-17.88402,-70.14248,15.8,13.7,14.2,13.5,19.3,21.5,20.7,21.1,16.4,15.4,14.5,13.5,18.9,20.6,20.2,20.2,16.6,16.2,16.6,18.0,19.1,22.7,22.4,20.7,17.6,16.1,15.8,14.6,20.7,21.5,22.6,20.9,17.4,15.8,15.1,13.7,19.6,21.7,21.1,20.2,16.2
CALLANCAS,CALLANCAS,-7.76747,-78.49394,13.8,11.9,11.7,11.5,12.5,17.8,19.7,18.6,15.4,14.4,13.8,13.5,12.9,17.1,19.2,18.5,15.6,13.5,12.6,10.7,11.6,17.4,18.6,17.7,15.9,15.1,12.1,12.9,12.2,18.5,19.6,16.1,13.9,12.8,12.9,11.4,12.1,18.7,20.3,15.2,14.5
CAMANA,CAMANA,-16.61062,-72.68765,17.5,16.4,15.9,15.5,17.5,18.3,17.2,17.1,17.7,17.4,17.3,15.7,18.1,18.3,20.7,19.7,17.3,16.5,16.1,16.5,16.9,17.9,17.9,17.9,16.6,16.3,16.1,16.4,17.7,18.0,18.8,16.6,17.4,16.6,17.4,15.9,17.1,18.2,17.6,17.2,17.5
CAMAY,CAMAY,-10.91294,-77.6489,21.3,20.4,19.7,19.3,20.0,22.0,21.9,21.9,20.4,19.9,20.3,19.5,19.6,21.8,21.4,21.7,20.6,20.2,19.4,19.0,19.6,21.9,21.6,21.4,20.6,20.1,19.8,18.9,19.0,22.2,21.8,22.4,20.4,19.8,19.4,19.2,19.6,21.9,22.3,22.0,20.2
CAMPO DE MARTE,CAMPO DE MARTE,-12.07053,-77.04317,20.5,19.4,19.4,19.0,19.0,20.0,20.4,19.9,19.2,19.4,20.0,19.5,18.9,21.1,21.4,21.0,19.6,19.2,18.9,19.2,19.4,20.2,20.6,19.9,19.6,19.6,19.8,19.1,19.0,20.5,20.3,20.9,19.1,19.8,18.9,18.9,18.6,19.9,20.6,20.2,19.7
CANCHAN,CANCHAN,-9.94889,-76.28806,10.0,7.9,5.9,5.3,7.0,12.5,12.2,10.9,9.7,9.4,7.3,8.5,9.1,11.3,13.7,11.7,10.3,8.7,7.9,8.0,9.1,11.9,13.1,11.4,10.9,10.6,8.6,8.1,9.2,13.2,12.8,11.4,9.9,9.6,8.4,8.2,8.9,13.9,14.1,12.2,11.0
CANDARAVE,CANDARAVE,-17.26775,-70.25536,9.5,5.9,4.2,4.5,10.5,13.0,12.2,11.1,8.9,7.7,6.8,5.5,8.9,11.3,9.7,8.7,6.6,6.7,5.4,5.7,4.9,9.2,11.4,11.2,10.4,7.1,6.1,4.1,8.7,11.5,12.3,11.6,8.9,6.6,4.9,4.2,9.1,12.2,12.8,12.0,9.7
CANTA,CANTA,-11.47121,-76.62569,8.0,6.4,5.4,5.0,7.3,10.5,11.7,8.9,7.7,7.9,6.5,5.5,7.4,10.8,11.4,10.2,9.3,8.2,7.1,6.2,7.9,10.9,10.9,11.2,9.6,8.1,6.6,5.4,8.0,11.2,11.6,11.1,8.6,7.1,5.6,4.2,6.9,11.2,11.3,10.7,9.2
CAPACHICA,CAPACHICA,-15.61344,-69.84222,12.0,9.7,8.2,7.5,6.8,7.0,6.4,7.9,9.4,7.4,6.3,5.7,5.6,7.1,9.4,10.7,10.8,8.7,6.9,6.2,6.1,7.9,8.4,6.2,6.1,5.3,6.3,6.1,3.7,7.2,8.3,9.1,10.4,8.3,7.9,6.9,5.9,7.7,7.3,8.7,11.5
CARAMPOMA,CARAMPOMA,-11.65531,-76.51514,6.3,4.2,3.4,2.3,3.8,9.0,10.7,7.9,6.4,5.9,4.5,3.7,5.1,9.3,10.2,8.2,7.3,6.2,5.6,4.5,5.1,8.4,8.6,8.7,6.6,5.8,4.3,2.9,5.0,8.5,9.6,8.9,6.1,4.8,2.6,1.9,4.1,8.9,9.8,8.7,7.2
CARANIA,CARANIA,-12.3444,-75.87215,4.0,3.2,1.9,0.0,-0.2,5.5,9.4,8.1,4.4,3.4,1.8,0.5,0.4,5.3,7.4,6.7,4.8,3.7,2.4,0.7,1.1,4.9,6.4,6.4,3.1,2.3,1.6,0.4,1.2,5.5,8.1,7.4,2.6,1.6,-0.6,-1.1,0.6,5.7,8.3,9.5,4.5
CARAVELI,CARAVELI,-15.77568,-73.36259,18.8,14.2,13.7,15.8,19.0,21.8,21.9,21.1,14.7,16.4,12.0,11.7,18.1,21.1,21.2,20.0,13.1,14.0,14.9,16.2,17.9,23.4,24.6,22.2,15.4,14.6,14.8,14.6,19.0,22.5,22.8,22.4,13.6,14.3,12.6,12.2,18.1,22.9,22.8,21.5,12.7
CARPISH,CARPISH,-9.70567,-76.09425,11.5,9.2,8.2,8.3,10.5,14.3,13.2,12.9,10.7,11.2,9.0,10.7,11.9,14.8,14.9,13.5,11.6,9.5,9.6,9.2,11.6,14.9,14.4,13.9,12.9,12.6,9.8,9.6,11.5,15.5,14.3,13.4,11.1,11.6,9.6,10.2,11.9,16.4,16.3,13.7,13.2
CARUMAS,CARUMAS,-16.81145,-70.69543,9.8,2.7,1.7,2.5,9.0,11.0,11.9,9.9,4.9,5.2,4.8,4.2,7.4,10.6,8.4,8.0,4.3,5.0,4.6,4.0,4.1,7.2,10.1,7.9,5.6,5.8,4.1,2.4,6.2,9.7,10.6,9.6,6.9,4.1,2.9,2.2,6.9,10.7,12.3,10.5,7.7
CASAPALCA,CASAPALCA,-11.63804,-76.23332,3.3,1.2,0.9,-0.5,-0.7,4.3,7.9,7.1,3.2,1.4,-0.5,-0.3,0.1,3.8,6.4,5.2,2.8,1.7,0.1,-0.3,0.4,4.2,5.6,4.7,2.1,1.1,-0.2,-0.9,-0.0,4.2,6.1,5.1,1.4,0.1,-0.6,-0.8,0.4,4.4,6.8,7.2,3.2
CAYALTI,CAYALTI,-6.88079,-79.54701,22.8,21.9,21.4,20.8,21.0,26.8,27.4,26.4,23.4,22.7,22.3,21.0,21.1,26.3,27.7,27.0,22.6,21.7,20.9,20.2,20.6,26.4,27.9,26.4,23.4,21.8,20.6,19.9,20.2,25.2,27.6,26.6,22.9,22.3,21.4,21.4,21.4,25.7,27.3,27.0,23.2
CAYLLOMA,CAYLLOMA,-15.18361,-71.77019,4.0,-1.3,-1.3,-1.5,-0.7,4.0,7.2,7.1,2.4,0.2,-0.2,-0.5,-1.1,4.1,6.7,6.7,2.6,1.0,-0.1,-2.0,-1.1,3.9,6.6,6.9,1.1,0.3,-1.9,-1.4,0.2,4.0,7.3,7.4,1.6,-0.7,-1.4,-2.3,-0.4,3.7,6.8,8.7,3.2
CAÑAVERAL,CAÑAVERAL,-3.9391,-80.65058,26.5,24.7,23.2,22.0,21.8,28.8,31.2,29.1,26.2,24.2,22.5,22.2,22.1,30.3,31.7,29.0,27.1,25.5,22.9,21.5,21.6,28.9,30.6,27.7,24.9,24.6,23.8,23.1,23.0,28.7,30.1,27.9,24.1,24.3,23.1,22.2,22.6,28.7,29.6,27.7,25.0
CCATCCA,CCATCCA,-13.60989,-71.56011,6.0,3.7,2.2,1.3,4.3,7.5,8.2,7.6,5.7,3.7,1.5,1.5,3.6,7.3,8.4,8.0,5.3,4.2,2.6,2.7,3.4,6.7,8.1,7.9,4.9,4.3,2.8,2.1,2.5,7.2,8.3,9.4,6.4,4.6,4.4,2.4,3.9,8.4,10.8,9.5,7.5
CELENDIN,CELENDIN,-6.85292,-78.14485,16.8,13.2,13.4,12.5,12.5,17.0,19.2,17.4,15.2,14.2,12.8,11.0,12.6,15.6,18.7,19.2,15.6,14.2,13.4,12.0,12.4,14.4,17.9,18.4,16.9,14.6,13.8,12.6,12.7,18.0,20.1,16.9,15.1,14.1,13.9,12.9,13.1,17.9,21.1,18.5,15.2
CERRO DE PASCO,CERRO DE PASCO,-10.69338,-76.26419,4.5,3.2,2.2,0.8,0.5,7.0,8.9,8.9,5.4,3.7,2.8,2.0,1.1,5.8,7.9,7.2,5.1,3.5,1.1,1.0,2.4,6.4,8.6,7.4,4.9,4.1,3.3,2.1,2.5,6.7,7.8,8.1,6.4,4.3,2.4,0.9,1.1,6.9,10.1,10.2,6.7
CHACCHAN,CHACCHAN,-9.53519,-77.77536,9.8,8.7,8.7,5.8,7.3,11.3,11.9,10.1,8.4,8.2,7.5,6.0,7.6,11.1,11.7,11.7,10.1,8.5,7.9,7.2,8.4,11.4,11.9,11.4,9.6,8.3,7.1,5.4,7.5,11.5,11.8,11.6,9.9,8.6,6.6,4.7,6.9,11.4,12.3,11.5,9.5
CHACHAPOYAS,CHACHAPOYAS,-6.2083,-77.86712,11.8,9.2,7.7,6.5,6.0,15.5,17.7,15.6,13.7,10.9,11.8,11.2,10.4,13.6,17.2,17.0,13.1,11.7,11.4,10.7,10.6,12.7,14.4,16.7,13.1,11.3,9.8,9.9,10.7,16.5,16.8,13.6,13.1,10.8,8.4,7.2,9.4,17.2,17.6,15.0,13.2
CHACHAS,CHACHAS,-15.50246,-72.26858,7.8,4.7,4.2,3.0,7.0,11.0,13.2,10.1,5.9,4.4,5.0,3.0,5.1,12.1,9.7,8.5,4.3,5.0,5.6,3.7,5.1,9.7,10.4,7.4,5.6,5.1,4.6,3.6,7.0,10.0,11.6,9.4,7.1,5.8,3.9,2.9,6.4,11.4,13.1,10.2,7.7
CHACLLABAMBA,CHACLLABAMBA,-13.10855,-71.72,8.3,7.2,6.9,4.8,5.0,8.0,7.2,8.9,7.4,6.9,5.5,5.2,6.9,9.1,9.2,8.0,5.6,6.2,5.9,5.0,6.9,8.9,8.9,8.4,6.1,5.6,4.8,4.6,7.2,9.2,9.1,10.4,7.9,7.6,5.9,5.7,8.1,10.7,10.1,11.0,8.7
CHAGLLA,CHAGLLA,-9.85008,-75.90706,9.8,7.9,7.2,8.5,10.3,13.3,11.9,11.4,11.2,8.7,9.3,9.7,10.6,13.1,13.2,12.0,10.1,8.7,9.1,9.2,10.4,12.9,12.6,12.7,11.6,10.1,9.1,10.4,11.0,15.2,13.1,12.9,11.6,10.1,8.6,9.7,11.1,15.2,13.1,13.2,12.5
CHALACO,CHALACO,-5.03865,-79.82502,19.5,16.2,16.4,15.8,17.5,23.0,24.9,23.4,17.7,15.9,17.8,17.0,18.9,23.6,25.7,24.5,18.1,17.2,17.9,17.0,19.4,23.9,24.4,25.4,18.9,16.8,17.1,17.6,19.2,23.7,25.1,23.4,18.4,17.1,16.9,18.2,19.1,22.7,23.6,22.0,18.5
CHALLABAMBA,CHALLABAMBA,-13.21754,-71.64938,7.5,7.2,6.9,6.3,6.5,8.0,8.2,9.1,7.2,6.4,5.5,5.2,7.1,9.1,9.7,9.0,6.6,6.7,6.4,5.7,6.9,8.9,8.6,8.7,6.6,6.1,6.1,4.9,7.2,9.5,8.8,9.1,7.9,7.6,6.4,5.4,8.1,10.9,10.6,11.0,8.5
CHALLACA,CHALLACA,-13.79047,-75.38212,14.5,12.9,12.7,11.5,14.8,16.8,16.4,14.9,13.4,13.2,12.8,10.5,14.6,16.3,16.2,15.2,13.8,13.2,13.6,12.0,15.9,18.4,18.4,17.7,15.9,14.8,12.8,11.9,15.7,18.5,17.6,17.6,15.4,13.3,11.1,9.7,14.4,17.7,16.8,16.2,14.7
CHALLACA PLU,CHALLACA PLU,-13.7896,-75.40029,14.5,12.9,12.7,11.5,14.8,16.8,16.4,14.9,13.4,13.2,12.8,10.5,14.6,16.3,16.2,15.2,13.8,13.2,13.6,12.0,15.9,18.4,18.4,17.7,15.9,14.8,12.8,11.9,15.7,18.5,17.6,17.6,15.4,13.3,11.1,9.7,14.4,17.7,16.8,16.2,14.7
CHANCAY BAÑOS,CHANCAY BAÑOS,-6.57583,-78.88111,15.3,13.9,12.9,12.5,13.0,17.8,19.9,17.6,14.7,14.7,13.8,13.0,12.6,17.8,18.7,17.7,15.3,14.7,13.4,12.7,12.4,17.4,18.9,17.2,15.6,14.6,14.3,12.6,13.7,18.5,18.6,16.6,15.4,15.1,14.1,13.9,14.6,19.7,19.1,18.0,16.2
CHAPARRA,CHAPARRA,-15.74765,-73.87089,19.3,15.4,15.9,13.3,19.8,23.0,20.9,21.9,18.2,18.9,17.3,17.2,19.9,22.6,22.2,22.0,16.8,16.5,17.1,16.5,21.9,22.9,23.9,23.2,18.1,17.1,16.3,15.6,22.0,22.7,23.6,22.6,16.4,16.6,15.9,15.2,20.6,23.2,22.3,23.0,15.7
CHAVIN,CHAVIN,-9.58633,-77.17526,4.5,3.2,2.7,2.0,1.3,4.5,8.4,8.9,4.9,3.9,2.8,1.7,1.9,4.6,7.4,9.2,5.3,4.0,2.6,1.5,1.9,5.4,8.1,8.4,5.4,4.3,3.3,2.1,1.2,6.5,8.8,8.6,5.6,4.6,3.4,2.2,1.4,5.4,9.8,9.7,6.5
CHAZUTA,CHAZUTA,-6.57119,-76.1315,23.3,20.9,19.9,20.0,21.0,26.5,27.2,26.9,22.9,20.7,20.8,21.0,21.6,26.1,25.2,27.7,23.1,21.5,21.1,21.5,22.6,26.4,28.6,28.7,23.9,21.8,22.1,21.6,22.5,26.5,28.1,27.1,23.4,22.1,21.4,21.2,22.1,27.7,28.1,28.5,24.0
CHERREPE,CHERREPE,-7.11887,-79.56118,22.5,21.9,21.2,20.8,21.3,26.5,26.4,25.4,22.9,22.9,22.3,20.7,21.1,25.8,26.7,25.7,21.8,21.7,20.4,19.7,20.9,26.2,26.6,25.4,22.9,21.6,20.3,19.4,20.5,25.5,26.6,25.9,22.6,22.1,21.4,21.4,21.6,25.7,26.3,26.2,22.5
CHICHAS,CHICHAS,-15.54811,-72.90165,8.5,4.4,3.4,3.3,6.5,9.0,10.9,9.6,6.2,4.2,2.8,2.0,6.9,9.3,8.9,7.7,4.8,5.5,3.4,3.5,3.1,6.7,10.1,6.7,5.4,5.3,4.1,2.9,6.5,9.0,10.6,9.1,7.1,5.3,3.6,2.4,6.1,9.7,11.6,10.2,7.5
CHIGUATA,CHIGUATA,-16.40644,-71.40914,7.3,3.7,1.7,1.5,8.0,10.8,11.9,10.6,6.9,6.9,5.8,3.7,7.4,10.6,9.4,8.7,4.8,4.5,5.6,4.0,6.1,7.9,10.6,8.7,6.1,6.3,4.1,2.1,6.5,9.5,10.8,10.1,6.6,4.1,2.6,1.7,6.9,10.9,12.1,10.7,7.2
CHILCAYOC,CHILCAYOC,-13.88298,-73.7268,9.8,8.2,6.9,6.5,6.8,9.0,11.9,12.1,7.9,7.7,6.8,6.2,6.4,8.1,11.9,11.2,8.1,8.0,7.4,6.7,7.1,9.7,12.6,10.4,6.9,6.8,5.6,4.9,3.5,10.2,14.3,16.9,10.9,8.1,7.1,5.2,4.9,10.7,14.6,16.5,9.5
CHILETE,CHILETE,-7.21968,-78.83799,15.5,12.4,12.4,11.3,12.5,19.3,21.2,17.4,13.9,13.9,12.0,10.7,12.1,19.1,19.7,17.7,14.1,13.2,11.9,11.2,13.1,19.2,20.1,17.7,14.9,15.3,15.6,15.1,15.2,19.5,18.1,15.6,14.6,15.3,14.4,14.4,14.4,20.4,18.1,16.7,15.5
CHIQUIAN,CHIQUIAN,-10.14763,-77.15949,4.8,3.4,1.9,0.3,1.5,7.5,11.4,8.4,6.4,5.7,4.0,2.5,2.9,7.1,9.9,10.0,7.1,6.5,5.6,4.5,3.9,7.7,9.1,7.4,5.9,4.8,3.6,3.6,4.0,7.7,8.3,7.6,5.9,4.6,2.6,0.9,2.1,7.9,10.6,9.5,6.0
CHIRINOS,CHIRINOS,-5.3085,-78.91426,18.5,17.7,16.4,16.5,18.0,21.5,23.4,23.1,19.2,17.7,17.3,17.2,17.9,20.6,23.2,22.2,19.3,18.0,16.9,16.2,18.1,21.7,23.4,23.2,19.4,18.3,16.8,15.9,18.0,22.7,25.1,24.4,19.9,18.1,17.1,16.4,18.1,22.9,25.6,25.5,21.0
CHIVAY,CHIVAY,-15.64163,-71.58502,2.5,-1.6,-2.1,-4.0,0.3,5.3,7.7,3.9,2.4,0.9,0.5,-1.0,0.4,5.1,8.2,2.5,1.3,0.5,0.4,-0.3,0.6,3.9,4.4,2.7,0.6,-0.2,-1.7,-1.9,0.2,4.2,6.6,5.4,1.9,-0.2,-1.4,-2.3,0.4,4.9,7.6,7.7,3.7
CHOCO,CHOCO,-15.57707,-72.12963,7.3,3.2,2.2,1.5,5.5,9.5,11.2,8.1,5.2,3.2,3.3,3.2,4.9,10.3,8.4,6.7,3.8,4.5,4.9,3.2,4.6,8.4,9.4,5.2,4.6,4.1,3.6,2.6,5.7,8.7,10.6,8.4,6.1,5.1,2.9,1.9,5.1,9.9,12.1,9.5,7.0
CHONTACHACA,CHONTACHACA,-13.02389,-71.46778,17.5,16.9,16.7,16.3,15.5,16.3,17.2,18.6,15.9,15.9,15.0,15.7,18.4,20.3,20.9,19.2,16.6,17.2,16.4,16.2,20.1,22.7,22.9,20.9,17.6,17.6,17.1,16.6,18.5,22.0,19.6,21.1,18.4,17.6,17.1,16.4,19.9,21.4,20.6,21.0,18.2
CHONTALI,CHONTALI,-5.64361,-79.08472,16.3,15.7,14.4,14.3,14.0,17.5,19.9,19.9,16.2,14.4,14.0,15.0,14.9,16.1,19.2,18.5,14.8,14.5,14.1,13.7,15.1,17.2,19.6,19.4,15.4,16.1,15.1,13.6,15.7,19.0,21.3,20.9,16.1,15.3,14.6,13.9,15.4,19.9,21.8,21.5,17.0
CHOSICA,CHOSICA,-11.92986,-76.68975,15.3,14.7,14.7,13.0,15.8,17.5,18.2,17.6,16.2,15.4,14.5,14.7,16.4,18.8,18.9,18.7,16.6,16.0,15.4,15.0,17.6,20.4,20.1,19.4,17.9,17.1,15.6,14.9,18.0,20.5,19.3,19.6,17.4,16.1,14.9,13.4,16.4,19.2,19.6,19.2,16.7
CHOTA,CHOTA,-6.54713,-78.64863,12.5,12.4,10.9,10.5,11.3,15.5,16.4,13.9,12.9,12.4,11.8,11.2,10.6,14.8,15.9,14.7,12.8,12.5,11.9,10.2,10.1,14.7,15.4,14.4,12.4,11.8,11.8,11.4,12.0,16.2,15.3,13.9,12.9,11.8,12.1,11.7,12.1,16.9,17.3,14.7,12.7
CHOTANO LAJAS,CHOTANO LAJAS,-6.56216,-78.73885,13.8,12.9,11.4,11.0,11.3,16.0,17.2,14.9,13.4,13.2,12.5,11.7,11.1,15.8,16.2,15.2,13.6,13.2,12.6,11.2,11.4,15.7,16.4,14.9,13.6,13.3,12.8,11.6,12.7,16.5,16.6,15.1,13.6,13.6,12.6,12.7,12.9,17.4,17.6,16.0,14.2
CHUGUR,CHUGUR,-6.66874,-78.73799,12.0,11.2,9.4,9.8,11.3,15.8,17.4,15.4,12.7,12.4,11.5,10.7,10.1,15.6,17.2,16.2,12.6,12.2,10.9,9.7,11.1,15.7,16.6,14.4,12.9,12.6,12.3,11.6,12.2,16.5,15.1,13.4,12.4,12.6,11.6,11.7,11.9,17.4,16.3,13.7,12.7
CHULUCANAS,CHULUCANAS,-5.10843,-80.16956,26.0,22.9,20.7,20.0,20.3,23.0,31.9,33.9,26.4,22.4,21.5,20.2,20.1,25.6,32.7,34.5,26.8,22.2,20.6,20.2,20.1,24.4,32.6,35.4,26.9,23.6,21.6,20.6,20.2,25.2,32.3,34.6,26.6,23.1,21.6,20.7,20.6,26.2,32.3,34.5,27.5
CHUQUIBAMBA,CHUQUIBAMBA,-15.84601,-72.63398,13.0,10.2,8.4,7.8,13.3,15.3,16.9,15.4,11.2,9.7,8.0,7.2,12.4,15.1,14.7,13.7,9.8,9.2,9.9,10.7,11.1,14.4,17.9,13.9,12.9,11.3,10.3,9.4,13.5,16.0,16.6,16.4,12.6,10.8,9.1,7.7,13.1,16.4,17.1,15.5,12.7
CHUQUIBAMBILLA,CHUQUIBAMBILLA,-14.78791,-70.72849,9.3,5.2,2.7,1.3,3.5,9.5,12.4,11.1,7.9,4.7,2.8,0.7,3.6,10.3,12.7,12.5,7.3,4.2,1.9,0.7,3.1,9.4,13.1,12.4,8.6,5.1,1.8,0.9,2.7,8.7,11.8,14.1,9.4,5.3,2.6,0.2,2.4,8.7,12.8,14.5,10.7
COCHABAMBA,COCHABAMBA,-6.46009,-78.8886,15.3,13.9,12.9,12.5,13.0,17.8,19.9,17.6,14.7,14.7,13.8,13.0,12.6,17.8,18.7,17.7,15.3,14.7,13.4,12.7,12.4,17.4,18.9,17.2,15.6,14.6,14.3,12.6,13.7,18.5,18.6,16.6,15.4,15.1,14.1,13.9,14.6,19.7,19.1,18.0,16.2
COLCABAMBA,COLCABAMBA,-12.415,-74.68351,8.8,7.7,5.9,4.3,6.3,10.0,11.2,10.4,7.7,6.9,6.8,6.0,6.9,8.6,10.2,10.2,7.8,6.7,4.6,4.0,6.1,9.4,11.1,8.9,8.6,8.1,7.1,6.6,6.2,11.0,9.6,11.1,8.9,6.8,5.4,3.4,6.4,11.2,12.8,11.0,9.2
COLQUEPATA,COLQUEPATA,-13.36313,-71.67336,6.5,5.2,4.7,3.8,3.8,7.8,7.4,7.9,5.4,4.7,4.5,3.5,4.9,7.8,8.4,8.0,5.3,5.0,4.6,4.2,4.9,6.9,7.6,6.9,5.6,4.8,4.1,2.9,5.0,8.0,7.8,7.9,6.4,6.1,5.9,4.9,6.1,9.7,10.1,9.2,7.7
COMAS,COMAS,-11.74794,-75.13011,3.0,1.4,0.4,1.0,0.8,6.5,7.4,7.1,3.9,3.4,2.3,1.2,1.9,6.1,6.9,5.7,4.1,3.5,1.6,0.7,2.4,5.4,7.4,6.2,4.1,4.1,3.3,2.9,3.2,6.2,7.3,6.1,3.9,2.8,2.9,1.2,2.6,7.2,9.3,8.5,5.7
CONTAMANA,CONTAMANA,-7.35256,-75.00638,24.0,22.7,21.9,21.8,21.5,28.0,30.2,27.4,24.4,22.9,22.8,22.2,22.4,25.3,29.7,30.0,25.8,23.7,22.6,22.0,22.9,28.4,31.1,31.2,26.1,24.3,23.1,22.6,23.5,26.7,31.3,31.6,27.1,24.8,23.1,22.4,22.9,29.2,32.1,30.0,26.7
CONTUMAZA,CONTUMAZA,-7.36521,-78.82273,17.5,14.4,14.4,13.3,14.8,21.3,22.7,19.6,15.2,15.2,14.0,13.2,13.9,21.6,21.9,20.0,16.1,15.2,14.1,13.0,15.1,21.2,22.9,20.9,17.9,17.6,17.6,15.4,17.2,22.2,20.8,18.9,17.1,17.3,16.4,16.7,17.1,22.7,20.6,19.0,17.5
COPARA,COPARA,-14.97501,-74.90749,20.0,14.9,15.7,13.5,19.0,22.0,25.2,24.9,17.9,18.2,18.0,16.5,20.9,25.8,27.9,26.5,18.3,16.7,17.1,17.2,21.4,24.7,27.4,26.4,19.4,18.1,17.8,17.6,23.2,25.7,28.3,26.1,19.1,17.8,17.1,17.4,21.4,24.4,27.3,26.0,18.7
CORACORA,CORACORA,-15.02861,-73.79611,8.8,5.2,4.4,4.5,6.3,11.3,12.7,12.1,8.4,6.2,5.8,4.2,6.9,11.6,12.4,10.5,7.1,6.2,6.6,6.0,6.9,11.2,13.4,11.7,9.1,7.6,5.6,4.4,6.7,12.0,13.8,12.6,8.9,6.6,4.1,2.9,6.4,12.7,15.6,13.0,9.7
CORDOVA,CORDOVA,-14.04061,-75.18698,13.5,11.7,12.9,11.0,14.5,16.5,15.9,15.1,12.7,12.2,11.3,9.2,13.6,17.1,15.9,15.2,14.1,12.5,13.1,12.2,15.1,18.4,18.4,17.2,15.4,13.6,12.3,11.9,14.5,18.2,18.1,17.1,14.9,12.3,10.4,8.7,12.4,17.9,17.1,15.7,14.2
COSPAN,COSPAN,-7.44524,-78.54106,15.0,11.9,11.7,11.8,12.0,17.5,21.2,19.4,13.9,14.7,14.0,13.0,13.1,17.6,20.2,19.5,14.8,13.5,12.1,12.2,13.1,18.7,20.6,19.2,16.1,16.1,15.1,13.6,14.5,19.7,19.1,16.4,14.4,14.6,14.1,13.7,14.1,19.4,20.6,16.0,15.2
COTAHUASI,COTAHUASI,-15.21111,-72.89325,7.0,1.4,2.2,-0.2,4.3,7.5,8.4,8.6,3.7,2.4,0.8,-0.0,3.9,8.3,8.2,6.5,3.1,4.0,1.9,1.7,2.1,6.4,6.6,6.4,2.9,3.6,2.1,1.1,3.7,7.5,9.1,8.1,5.1,3.8,1.4,0.4,3.4,8.4,10.8,9.2,6.0
CRUCERO,CRUCERO,-14.3626,-70.0238,3.5,0.2,-0.3,-0.2,2.3,6.3,6.9,6.1,2.2,0.9,0.0,-0.5,1.6,5.3,5.9,4.7,1.3,0.2,-0.1,-0.5,1.1,5.2,6.6,3.2,2.4,-0.2,-0.9,-1.1,-0.0,2.2,4.6,4.1,2.4,0.8,-0.6,-1.6,-0.1,5.9,6.6,6.7,3.5
CRUCERO ALTO,CRUCERO ALTO,-15.781,-70.92793,4.3,-1.8,-1.6,-3.2,0.5,6.3,8.2,8.1,2.7,0.7,-2.2,-3.5,-3.9,6.6,9.2,8.0,1.6,0.7,0.4,-0.5,-0.4,5.9,6.9,4.7,0.9,-0.2,-1.4,-1.1,0.2,4.5,7.1,6.6,2.1,-0.9,-1.9,-2.3,0.4,5.2,7.8,9.5,4.0
CUEVA BLANCA,CUEVA BLANCA,-6.1313,-79.4045,16.8,14.9,16.4,16.8,16.3,21.3,23.2,21.9,17.4,16.2,15.3,13.5,16.9,19.8,23.2,22.7,18.8,17.0,18.1,17.5,17.9,19.7,22.6,22.2,18.4,17.6,17.3,17.1,18.2,22.2,22.1,19.4,17.6,17.3,17.9,18.2,18.9,21.9,22.1,19.5,17.7
CURAHUASI,CURAHUASI,-13.55253,-72.73487,10.0,5.9,5.7,5.5,6.5,11.3,11.9,10.9,7.9,5.7,4.3,4.5,6.9,10.8,13.4,10.7,9.6,7.2,5.6,4.2,6.9,9.9,12.4,11.9,9.9,9.1,7.3,7.1,7.7,12.0,14.1,13.9,10.4,8.6,8.4,5.2,7.1,12.2,15.6,13.5,10.7
CURPAHUASI,CURPAHUASI,-14.06284,-72.6669,5.8,3.2,3.9,3.8,3.8,6.8,9.2,7.4,5.4,3.7,2.3,2.7,2.6,6.3,8.4,7.0,5.8,4.5,3.9,1.7,2.4,5.9,9.4,8.9,6.1,5.1,4.3,3.9,3.7,7.5,11.3,13.1,7.6,4.8,4.1,2.9,2.4,7.9,11.3,13.2,6.7
CUSICANCHA,CUSICANCHA,-13.48732,-75.305,7.8,7.2,6.7,5.8,7.3,11.8,12.7,9.6,7.7,6.7,5.5,5.5,7.4,11.1,11.9,10.0,8.3,7.7,7.9,6.0,7.6,10.2,11.1,10.4,8.6,7.6,5.6,4.4,7.0,10.7,12.1,10.9,8.1,6.6,4.1,3.7,6.9,11.4,12.8,11.0,9.5
CUTERVO,CUTERVO,-6.37964,-78.80512,14.8,14.2,13.4,12.8,12.3,16.8,17.9,15.6,14.7,14.2,13.5,13.0,12.6,16.6,16.7,15.5,14.8,14.5,13.9,12.7,12.1,16.2,17.4,16.4,14.9,14.6,13.8,12.1,13.5,17.5,18.8,17.1,15.4,15.1,14.1,13.7,14.1,17.9,19.3,19.0,16.5
CUYO CUYO,CUYO CUYO,-14.47218,-69.55004,3.8,1.2,1.2,1.5,2.8,5.8,5.2,5.6,3.7,2.2,0.8,0.2,2.4,5.1,5.2,4.5,2.8,1.5,0.9,0.2,2.4,4.9,5.1,3.7,2.9,1.8,0.1,0.4,0.7,2.2,6.1,4.9,4.4,3.6,1.9,0.9,4.1,6.4,6.8,6.2,4.7
CUÑUMBUQUE,CUÑUMBUQUE,-6.50825,-76.48075,22.8,20.4,19.7,20.3,20.8,25.5,28.4,25.9,22.4,22.2,21.8,20.5,21.4,24.8,28.2,27.0,23.1,21.7,22.4,22.0,21.6,24.9,29.1,28.7,23.6,22.3,21.3,21.9,21.7,26.5,29.3,27.6,23.1,21.8,20.6,19.9,21.6,26.9,28.6,29.0,24.0
DESAGUADERO,DESAGUADERO,-16.57994,-69.03681,10.3,5.4,2.7,1.3,2.5,8.3,10.9,11.9,8.7,7.2,4.8,3.2,2.6,8.1,11.2,10.5,7.6,6.7,4.9,4.5,4.6,7.7,10.9,2.9,4.9,5.1,4.6,3.9,5.0,9.0,12.3,12.9,8.1,3.8,1.1,-0.1,2.9,8.9,11.8,13.0,9.7
DOS DE MAYO,DOS DE MAYO,-9.70043,-76.77374,9.3,3.2,4.2,3.5,3.5,8.8,10.4,10.9,6.7,4.2,2.3,3.7,3.6,6.1,10.2,11.2,7.1,6.0,5.6,5.0,4.9,7.9,10.1,8.4,6.4,5.8,4.1,3.1,4.0,8.0,10.3,8.9,6.9,5.8,5.1,4.9,4.6,7.9,10.8,10.0,7.0
EL ALTO,EL ALTO,-4.27865,-81.21815,24.8,24.7,23.9,23.3,23.0,27.3,27.2,25.6,24.4,24.4,24.0,23.0,22.9,27.6,27.2,25.5,24.3,24.5,23.4,22.5,22.6,26.7,26.4,25.2,24.4,23.8,23.8,23.4,23.2,26.7,25.8,25.1,24.1,24.6,23.9,23.7,23.6,26.7,25.8,25.2,24.5
EL ESTRECHO,EL ESTRECHO,-2.59665,-72.66434,24.5,23.9,23.7,23.8,24.3,28.3,28.7,27.4,24.4,23.2,22.8,21.7,22.9,25.8,27.4,27.7,24.3,23.0,23.6,22.5,22.6,28.9,30.4,29.7,24.9,23.3,23.1,22.6,22.5,28.7,31.6,29.6,25.1,23.3,22.4,21.7,23.4,28.9,31.1,30.2,25.5
EL LIMON,EL LIMON,-5.91778,-79.31722,14.8,12.7,12.2,12.3,12.8,18.5,19.9,20.1,15.7,14.7,14.0,12.7,12.6,17.6,19.2,19.0,16.3,15.2,13.1,12.7,12.4,16.7,19.9,19.9,16.9,14.8,13.6,13.1,13.7,18.0,19.3,17.6,15.9,14.8,14.1,13.7,14.4,18.9,21.1,19.7,16.7
EL PALTO,EL PALTO,-6.00039,-78.47444,18.8,17.4,17.7,17.5,17.5,20.3,23.9,23.1,19.4,18.9,18.0,17.0,17.4,20.1,21.7,22.2,19.1,18.0,18.1,18.2,17.4,19.7,23.6,23.9,19.9,20.3,19.1,18.1,18.2,22.0,24.3,24.1,20.4,18.8,18.4,18.4,18.1,22.7,25.3,24.7,21.7
EL PORVENIR,EL PORVENIR,-6.58903,-76.31825,23.0,21.2,19.7,20.8,20.5,24.5,29.4,27.4,23.2,21.7,21.5,21.5,21.9,25.3,28.9,28.5,24.3,21.7,20.9,22.0,22.1,25.9,29.6,30.2,24.4,23.1,21.6,21.9,22.2,27.0,30.1,28.6,23.9,23.3,22.6,20.4,21.4,27.2,28.6,29.7,24.5
EL SALTO,EL SALTO,-3.45171,-80.2802,27.5,26.9,26.2,25.0,24.8,29.8,29.4,28.6,26.7,26.9,26.0,24.5,24.6,29.3,28.9,28.5,26.3,26.2,25.4,24.5,25.1,28.7,29.4,27.9,26.1,25.6,25.3,24.6,25.0,28.7,29.1,28.6,25.9,26.1,26.1,25.4,25.6,29.2,28.3,28.5,27.0
EL VIRREY,EL VIRREY,-5.5337,-79.98233,25.5,22.2,20.4,19.8,20.3,26.8,32.9,32.1,24.9,21.7,20.5,20.7,20.6,26.6,33.7,31.7,25.6,21.2,20.4,20.5,20.6,25.7,33.1,34.7,25.6,22.1,20.3,20.1,20.2,25.2,32.6,33.4,24.9,22.1,20.9,20.2,20.1,26.2,32.6,33.7,25.7
FLOR DE PUNGA,FLOR DE PUNGA,-5.38884,-74.32578,25.0,25.2,23.4,23.3,22.5,27.0,29.7,27.6,23.9,22.7,22.8,22.2,21.9,27.6,29.2,28.7,25.1,24.5,22.9,23.0,23.6,29.2,29.6,28.7,25.1,23.8,22.8,22.9,22.5,29.0,32.1,30.6,26.9,24.6,23.6,22.4,23.4,29.9,32.6,29.0,25.0
FONAGRO (CHINCHA),FONAGRO (CHINCHA),-13.47444,-76.13556,20.0,16.9,17.2,16.5,17.3,21.5,21.9,21.4,17.7,18.4,18.3,17.2,19.4,22.8,23.4,23.0,19.1,17.7,17.9,18.2,18.9,21.9,22.9,22.4,19.1,18.1,18.1,17.6,19.0,22.0,22.8,22.4,19.1,18.3,17.4,17.2,18.1,21.7,22.1,22.2,19.0
FRANCISCO ORELLANA,FRANCISCO ORELLANA,-3.42361,-72.76694,25.3,25.2,24.7,24.3,24.0,25.8,26.2,26.9,26.2,25.4,24.5,23.7,24.1,25.1,25.9,27.0,26.3,25.5,24.9,24.5,24.4,26.7,27.1,25.9,24.9,24.8,24.1,24.1,24.5,26.5,27.1,28.1,27.1,25.8,25.1,24.4,24.9,26.9,27.6,27.5,26.7
GENARO HERRERA,GENARO HERRERA,-4.91003,-73.66944,24.8,24.7,23.4,23.3,23.5,26.0,29.4,28.9,23.9,22.7,22.5,22.0,23.1,28.1,28.9,28.2,25.1,23.5,23.4,23.0,23.9,29.2,29.6,29.7,24.6,23.1,22.1,21.9,22.2,28.2,31.3,31.1,26.4,24.6,23.6,22.7,23.4,29.9,32.3,29.0,26.0
GORGOR,GORGOR,-10.62136,-77.04026,7.8,4.9,3.9,2.5,4.5,10.3,12.2,8.9,7.4,6.9,5.3,3.7,5.6,10.3,11.4,11.2,8.8,8.0,7.1,6.7,6.6,10.2,11.6,10.2,8.1,7.3,6.6,4.4,6.5,10.5,10.8,10.6,8.4,6.8,4.1,2.4,4.9,10.7,12.1,11.0,8.2
GRANJA KAYRA,GRANJA KAYRA,-13.55675,-71.87517,8.5,5.7,4.4,3.5,3.0,9.3,10.4,10.9,7.4,6.2,5.3,4.7,5.4,9.1,11.4,10.2,7.1,5.5,5.1,5.2,5.1,8.2,10.9,9.4,7.1,6.6,6.1,5.6,5.2,9.2,11.8,9.9,8.9,6.6,5.9,3.7,5.4,9.9,13.3,13.7,10.5
GRANJA PORCON,GRANJA PORCON,-7.03753,-78.63339,11.0,7.9,7.4,6.5,8.5,15.3,17.7,16.4,11.4,10.9,8.8,6.7,8.9,13.8,15.4,15.2,11.6,9.2,7.6,7.2,8.6,14.2,15.9,14.4,11.1,11.6,10.6,10.4,10.0,15.0,14.8,11.6,11.1,10.3,9.6,8.9,9.6,15.2,15.1,13.0,11.5
GRANJA SAN ANTONIO,GRANJA SAN ANTONIO,-13.60492,-72.85693,9.0,7.4,7.4,7.3,7.5,10.5,12.4,11.9,9.7,7.7,6.0,6.2,7.9,10.3,12.9,11.7,10.1,8.0,6.9,5.7,6.9,9.7,13.4,12.4,10.1,9.1,7.6,7.1,7.7,12.2,14.1,14.4,11.1,8.8,8.4,7.2,8.1,12.4,16.1,14.7,11.2
HACIENDA BERNALES,HACIENDA BERNALES,-13.7578,-75.96641,20.5,17.7,17.7,16.0,17.5,23.0,25.2,24.4,20.2,20.2,18.0,17.7,19.4,24.6,26.7,26.7,22.6,19.7,18.1,17.2,18.6,23.9,27.4,26.2,22.4,20.1,18.6,17.4,19.5,23.7,27.3,25.6,21.9,20.3,18.1,16.4,17.9,23.4,25.6,25.5,22.5
HACIENDA BIGOTE,HACIENDA BIGOTE,-5.33757,-79.7857,22.5,17.9,17.7,16.5,18.8,24.8,26.9,25.4,19.4,18.4,19.0,17.7,19.4,23.1,28.2,27.2,19.8,19.5,17.9,17.0,19.9,25.4,26.9,28.7,21.1,19.1,19.1,18.9,20.5,24.5,26.8,25.1,20.1,18.3,18.9,19.4,20.9,23.2,25.3,25.2,21.5
HACIENDA PUCARA,HACIENDA PUCARA,-6.0419,-79.1342,14.3,13.9,12.7,12.8,12.3,17.0,18.9,18.4,15.2,14.7,14.0,13.2,13.1,16.1,18.4,17.7,15.3,15.0,14.1,13.7,13.1,14.7,18.4,18.7,15.9,14.6,14.1,13.9,14.0,16.0,19.3,18.9,15.4,14.6,14.4,14.2,14.1,17.4,20.3,20.2,17.2
HUAC-HUAS,HUAC-HUAS,-14.13236,-74.94104,11.0,9.7,9.7,9.0,10.8,14.0,14.4,12.6,10.2,9.9,8.8,8.0,10.9,13.8,13.2,12.0,11.1,10.0,9.9,10.0,10.6,13.9,14.4,13.4,11.9,10.8,8.3,7.6,10.7,14.2,14.6,13.6,11.6,8.8,6.9,6.4,9.9,14.4,14.8,12.7,11.2
HUACHOS,HUACHOS,-13.2206,-75.53348,10.5,8.9,9.4,8.0,9.8,13.5,13.7,11.1,9.7,8.9,7.5,6.7,9.6,13.1,12.9,11.5,9.6,9.5,9.9,7.7,9.4,12.7,13.4,12.7,10.6,9.3,8.3,7.1,9.7,13.2,13.8,12.9,10.6,8.6,6.4,5.2,8.9,13.2,13.8,12.5,11.0
HUAMACHUCO,HUAMACHUCO,-7.81916,-78.0568,11.3,8.7,6.2,4.5,5.8,11.0,12.7,13.6,9.7,8.7,7.0,6.2,7.1,10.6,12.7,13.5,10.8,8.7,6.4,5.2,6.6,10.2,12.6,11.9,9.9,9.1,8.1,8.4,8.2,11.7,12.8,10.6,9.9,8.3,7.6,7.2,5.9,11.9,15.1,14.0,11.0
HUAMANI,HUAMANI,-13.843,-75.59037,17.8,16.2,16.4,15.3,18.3,20.0,20.2,18.6,16.7,17.4,16.3,15.0,18.6,20.1,20.7,20.0,17.1,17.5,16.9,17.0,20.4,23.2,22.9,21.9,19.6,18.8,17.3,16.4,20.7,22.7,21.8,22.6,18.6,17.3,16.1,14.4,19.1,21.2,20.6,20.5,17.7
HUAMANTANGA,HUAMANTANGA,-11.50247,-76.74675,11.0,11.7,11.7,10.8,15.0,16.3,15.2,13.6,13.4,13.4,12.8,11.0,14.6,16.6,15.9,15.5,14.6,13.7,12.4,12.5,16.1,18.2,17.4,17.4,16.6,14.3,12.8,12.1,15.7,18.0,17.1,17.1,15.6,13.6,12.1,10.2,14.1,17.7,16.3,16.5,14.5
HUAMBO,HUAMBO,-15.74867,-72.10693,6.8,3.9,2.7,2.0,7.0,10.0,11.4,9.6,6.7,4.2,3.8,4.0,6.6,10.3,8.9,8.5,5.1,5.5,5.9,3.0,5.4,7.9,9.9,7.4,5.4,5.8,4.1,2.9,6.7,9.7,10.6,9.4,7.4,5.6,3.4,2.4,6.6,10.7,11.8,10.7,8.2
HUAMBOS,HUAMBOS,-6.45368,-78.96315,15.3,13.9,12.9,12.5,13.0,17.8,19.9,17.6,14.7,14.7,13.8,13.0,12.6,17.8,18.7,17.7,15.3,14.7,13.4,12.7,12.4,17.4,18.9,17.2,15.6,14.6,14.3,12.6,13.7,18.5,18.6,16.6,15.4,15.1,14.1,13.9,14.6,19.7,19.1,18.0,16.2
HUANCA,HUANCA,-16.01791,-71.88108,12.3,8.2,6.4,6.0,12.5,14.3,14.4,12.9,10.7,7.9,7.0,6.5,10.9,13.1,12.9,12.0,8.8,8.2,9.6,8.2,10.4,12.7,15.4,13.2,11.4,11.6,8.3,6.6,12.0,14.2,14.6,14.4,11.4,8.8,6.6,5.4,11.6,15.2,14.8,13.7,11.2
HUANCABAMBA,HUANCABAMBA,-5.24681,-79.45399,15.0,12.9,13.9,13.3,14.5,18.0,17.9,18.4,13.7,12.7,13.5,13.2,13.6,16.1,18.2,17.5,13.3,14.5,13.9,14.0,14.1,16.2,17.6,18.4,14.6,12.1,13.1,13.9,14.7,19.2,20.1,18.6,14.4,13.1,13.1,12.9,14.4,19.4,20.3,18.5,14.7
HUANCALPI,HUANCALPI,-12.58031,-75.24178,3.5,2.9,2.9,2.5,1.0,5.3,7.7,6.4,4.2,2.4,1.0,0.7,0.9,4.6,6.4,6.2,4.1,3.0,2.1,1.5,0.9,5.4,7.9,5.2,4.4,2.6,1.1,-1.4,-2.3,6.7,9.6,9.9,4.9,2.8,0.4,-0.1,1.9,5.2,8.8,11.5,6.5
HUANCANO,HUANCANO,-13.61784,-75.67102,19.3,15.7,16.7,14.8,18.0,20.8,21.2,20.4,16.4,16.9,16.5,15.2,19.9,21.8,22.4,21.7,16.6,17.0,16.9,16.2,21.1,23.9,23.1,22.9,17.9,17.8,17.3,17.6,22.7,23.0,23.1,24.1,16.9,17.3,16.1,15.4,20.9,22.2,22.3,21.7,16.7
HUANCAPI,HUANCAPI,-13.749,-74.06811,8.3,7.7,6.9,6.5,6.5,7.5,11.2,11.6,8.2,7.4,6.8,6.5,6.1,7.1,11.4,10.2,8.3,7.2,6.6,6.2,5.6,8.9,11.9,9.4,7.4,6.3,4.8,2.4,1.0,9.2,13.8,16.6,10.9,7.3,4.9,1.4,3.4,9.7,13.6,16.0,9.7
HUANCASANCOS,HUANCASANCOS,-13.93194,-74.33889,6.0,4.9,4.7,4.0,4.0,6.3,9.7,9.9,6.4,5.2,4.0,3.2,2.9,6.3,9.4,8.2,6.3,4.7,3.6,3.2,3.4,6.2,7.9,7.9,5.4,3.8,1.8,0.9,3.2,8.0,11.3,11.6,6.6,3.3,1.4,0.4,2.9,7.4,10.6,13.0,9.2
HUANCATA,HUANCATA,-12.18618,-76.24066,8.8,7.4,6.9,5.0,6.8,10.5,11.9,8.9,7.9,6.4,5.3,4.5,6.6,10.6,11.4,10.0,8.1,8.5,8.1,6.5,6.6,10.4,10.9,10.9,7.9,7.3,5.8,4.6,7.0,10.5,11.3,10.4,7.9,6.3,4.1,2.9,5.9,10.4,11.3,10.7,8.7
HUANCAVELICA,HUANCAVELICA,-12.77154,-75.01241,4.8,3.9,3.4,2.3,2.0,6.0,8.4,6.4,4.2,3.2,2.8,1.2,0.9,4.8,7.2,6.2,4.1,3.0,2.9,2.0,2.1,5.7,8.4,5.4,3.9,2.6,1.3,0.1,1.2,7.5,11.1,10.4,5.9,3.3,-0.6,0.4,2.6,6.2,9.8,11.5,5.5
HUANGACOCHA,HUANGACOCHA,-7.93754,-78.06807,9.3,8.4,6.9,4.0,5.0,9.5,12.9,13.6,9.9,8.2,6.0,4.2,5.9,10.3,12.2,13.0,10.8,8.7,6.1,5.0,5.9,9.9,12.1,11.2,9.1,8.3,7.3,7.4,7.5,10.5,12.1,10.1,9.4,7.6,7.4,5.9,5.9,11.4,14.6,12.7,10.7
HUANGASCAR,HUANGASCAR,-12.89858,-75.83365,9.0,9.4,9.2,8.8,10.0,13.5,13.7,11.9,10.4,10.4,6.8,6.2,9.4,13.1,13.2,12.7,10.6,11.0,10.4,9.0,9.9,12.4,13.9,13.7,11.4,10.3,8.1,7.1,9.5,13.2,13.8,13.1,11.1,9.3,7.4,5.2,8.4,13.4,13.3,12.5,11.0
HUANTA,HUANTA,-12.91133,-74.28324,9.8,8.7,7.9,7.8,8.3,10.5,11.4,12.4,10.4,9.4,7.8,7.5,8.1,10.6,12.7,12.5,10.6,9.5,7.1,5.2,6.9,11.2,11.4,13.2,9.4,9.1,8.3,7.6,8.5,11.7,13.1,14.1,11.1,9.3,7.6,6.9,8.1,11.4,14.8,16.5,11.0
HUANUCO,HUANUCO,-9.96556,-76.23694,11.3,8.4,7.7,8.0,9.0,12.3,12.9,10.9,9.9,9.4,7.5,8.7,8.9,11.1,13.9,11.5,9.8,8.7,8.6,8.5,9.4,11.4,14.1,11.4,11.1,10.1,9.3,9.1,9.2,13.0,14.6,12.6,10.6,10.1,8.4,7.9,9.1,13.7,14.6,13.5,11.5
HUARAYA MOHO,HUARAYA MOHO,-15.3881,-69.48419,9.0,6.9,5.9,5.8,6.0,7.3,9.2,10.9,8.2,7.4,5.5,4.5,5.9,7.8,8.9,9.2,7.6,5.7,4.9,4.0,5.6,7.9,7.9,8.2,6.4,4.8,3.3,4.1,4.0,7.0,8.3,10.9,10.4,7.3,5.4,4.4,5.6,7.2,8.1,11.5,11.2
HUARMACA,HUARMACA,-5.56479,-79.51975,16.8,14.7,14.4,14.3,16.0,19.8,20.2,20.9,16.2,14.9,14.8,15.5,16.1,17.8,19.7,20.0,16.6,14.5,15.9,15.2,16.6,16.9,19.1,20.7,17.1,14.8,14.1,14.4,15.5,20.7,21.8,19.4,17.1,15.8,15.1,14.4,16.4,20.9,21.8,20.2,17.2
HUARMEY,HUARMEY,-10.06812,-78.16232,20.8,19.4,19.4,19.5,20.0,22.3,22.2,21.6,20.9,19.9,19.8,19.0,19.9,22.3,22.4,22.5,20.8,19.7,19.4,19.2,20.4,22.2,22.1,22.2,20.4,20.1,19.8,19.4,20.7,22.5,22.1,22.1,20.4,19.6,19.6,19.2,20.6,21.9,22.3,22.0,20.2
HUAROS,HUAROS,-11.40743,-76.5758,7.5,4.2,2.9,2.3,3.5,8.8,9.4,6.9,5.7,5.9,4.5,4.2,4.4,8.6,10.2,8.2,7.3,6.7,5.4,5.0,4.9,7.7,8.1,8.7,6.6,5.6,4.1,3.1,4.7,8.5,9.1,8.6,5.6,4.6,2.9,1.2,3.6,8.7,9.6,8.2,7.0
HUASACACHE,HUASACACHE,-16.45774,-71.56635,15.0,8.9,7.4,8.8,15.5,17.0,17.9,16.9,12.7,9.2,8.0,7.5,14.9,16.1,16.2,15.5,8.8,9.0,11.4,10.2,12.1,13.4,18.6,17.2,15.1,13.1,10.6,10.1,15.0,17.7,18.3,17.9,12.4,10.3,8.6,8.4,14.6,17.9,18.6,17.5,12.2
HUASAHUASI,HUASAHUASI,-11.26769,-75.63911,6.3,4.2,3.2,2.8,5.0,8.5,8.7,7.1,4.9,4.7,5.5,4.5,5.1,7.3,8.7,7.5,6.1,4.5,3.4,2.2,4.1,8.7,8.9,6.9,5.4,6.6,5.3,5.1,6.2,9.2,8.1,8.1,7.1,5.8,3.9,2.4,5.1,9.4,11.8,9.5,6.5
HUAYAN,HUAYAN,-11.45281,-77.12201,20.5,16.9,16.2,14.8,18.0,21.8,24.2,22.4,18.4,18.2,17.5,17.5,18.9,23.6,24.2,23.2,18.3,18.0,18.4,18.0,19.4,22.9,23.6,22.7,18.4,18.3,17.3,17.9,19.0,23.2,23.3,24.1,18.9,18.1,17.4,17.4,18.9,20.2,24.6,23.5,18.7
HUAYAO,HUAYAO,-12.04019,-75.3205,7.5,4.9,4.9,4.8,4.8,8.3,11.7,9.6,7.7,6.4,5.5,4.5,4.6,7.6,10.9,9.0,7.3,6.5,5.1,4.5,4.9,8.4,11.9,8.7,7.4,5.8,5.1,4.9,4.0,9.2,12.6,12.4,8.1,7.3,5.1,2.9,4.6,8.9,12.8,14.0,9.0
HUAÑEC,HUAÑEC,-12.29359,-76.13902,7.0,6.2,5.7,3.5,4.5,9.5,11.4,8.6,6.4,5.2,4.0,3.0,4.9,9.3,10.2,8.5,7.1,6.7,6.6,4.5,5.1,8.7,9.6,9.2,6.4,5.8,4.1,3.1,5.2,8.7,10.3,9.4,6.4,4.6,2.4,1.9,4.6,9.2,10.3,9.7,7.2
ICHUÑA,ICHUÑA,-16.14109,-70.5427,4.8,-0.1,-1.8,-3.0,1.5,7.0,9.4,8.6,2.9,0.9,-0.7,-1.0,0.1,6.6,8.9,6.5,2.6,1.5,1.1,0.5,1.4,6.4,8.6,3.9,2.1,1.3,-0.4,-0.4,1.2,6.2,8.8,8.4,3.4,0.3,-0.6,-1.1,1.6,5.7,8.8,10.2,5.5
ILABAYA,ILABAYA,-17.40639,-70.525,16.0,14.7,13.4,13.3,21.3,21.5,20.4,20.1,17.4,16.2,15.8,13.0,18.9,19.8,19.4,19.0,14.8,14.2,15.6,17.0,19.9,22.7,23.9,20.9,17.6,15.8,15.1,14.1,21.0,21.5,21.8,21.4,16.1,14.8,14.1,13.2,20.6,21.7,21.1,20.0,14.7
ILAVE,ILAVE,-16.05994,-69.64039,9.8,6.9,5.7,5.3,5.8,9.5,11.4,12.1,8.2,7.2,4.8,4.0,4.9,8.6,11.7,9.5,7.3,6.0,5.1,5.5,6.1,8.7,12.1,10.4,4.1,5.6,4.8,4.9,6.2,9.5,13.3,14.6,8.6,4.6,1.4,0.2,4.1,10.2,12.8,14.5,10.5
ILO,ILO,-17.62381,-71.27189,16.5,13.4,12.4,13.8,14.0,19.5,21.7,19.4,15.7,14.9,14.3,12.7,15.6,22.3,23.9,26.5,17.8,18.0,15.6,15.0,16.4,19.7,21.6,19.2,15.4,15.3,14.1,13.6,18.5,21.5,22.3,19.1,15.6,16.3,13.9,14.2,17.9,21.2,21.1,20.0,15.7
IMATA,IMATA,-15.84266,-71.09062,4.5,-1.8,-2.1,-3.5,0.8,6.8,8.9,6.6,2.9,1.2,-1.7,-4.0,-4.1,6.6,9.7,5.7,1.3,0.5,0.6,-0.3,-0.1,5.9,6.9,5.2,1.1,0.1,-1.2,-1.1,0.5,4.7,7.3,6.6,2.4,-0.7,-1.6,-2.3,0.6,5.4,8.1,9.2,4.0
INCAHUASI,INCAHUASI,-6.23389,-79.33472,14.3,14.7,14.2,14.3,14.0,17.5,20.2,19.4,15.4,15.4,14.0,12.7,14.6,18.6,19.9,19.7,16.3,15.7,15.4,15.5,15.1,17.4,20.6,19.9,16.6,15.8,15.8,15.1,16.0,19.5,20.3,17.9,16.1,15.1,15.9,15.7,15.9,20.2,20.1,18.2,16.0
INGENIO,INGENIO,-11.87522,-75.29664,7.3,4.4,3.9,4.3,4.3,8.3,11.9,10.9,7.9,6.4,5.5,4.5,4.6,7.8,10.4,9.5,7.6,6.2,4.4,3.2,4.1,8.4,11.1,8.4,7.9,6.3,5.6,5.6,5.2,9.0,11.6,12.4,7.9,6.6,4.9,2.4,3.9,8.9,13.1,13.7,9.5
ISLA SOTO,ISLA SOTO,-15.56219,-69.48897,10.0,7.4,6.7,7.3,6.5,6.8,8.2,10.6,7.9,7.9,6.5,6.2,6.4,7.1,7.9,8.0,7.1,5.5,5.9,5.5,6.1,7.2,7.4,7.9,6.6,5.3,4.1,5.1,5.0,6.7,7.3,11.1,11.4,8.3,7.1,6.7,6.9,6.9,6.6,10.2,12.0
ISLA SUANA,ISLA SUANA,-16.34658,-68.85033,9.0,9.2,8.7,7.0,5.3,5.5,6.2,8.6,9.9,8.9,7.5,6.0,4.6,6.3,7.7,9.5,8.3,8.2,7.1,6.2,4.1,6.2,6.9,8.2,4.4,3.8,5.3,6.4,7.0,7.2,6.6,8.4,9.1,7.1,6.1,4.9,5.1,5.9,6.3,9.2,11.2
ISLA TAQUILE,ISLA TAQUILE,-15.77019,-69.69106,11.5,9.2,7.4,6.5,6.3,7.0,6.9,9.9,8.7,7.9,6.3,5.2,5.4,6.6,7.2,7.7,9.8,7.0,7.4,7.2,7.1,7.7,8.1,6.9,5.4,4.3,5.3,7.4,5.7,6.2,7.3,8.4,10.4,7.6,6.6,6.2,6.6,7.4,7.6,10.7,12.0
ITE,ITE,-17.86008,-70.95169,17.0,15.2,14.4,14.3,15.8,19.0,19.4,18.1,15.9,16.7,16.0,15.0,16.1,20.6,21.2,21.2,18.6,18.0,17.1,17.0,17.1,17.7,19.4,18.7,16.6,17.1,16.8,14.9,17.5,19.7,20.1,17.4,16.9,17.3,15.6,14.9,17.6,19.9,18.3,18.0,16.5
IÑAPARI,IÑAPARI,-10.95589,-69.578,24.3,22.9,21.7,21.3,23.0,27.3,29.7,29.4,24.4,22.7,21.0,20.0,23.6,29.1,31.2,31.2,25.8,24.0,22.6,22.2,24.4,29.7,31.9,30.7,26.1,24.3,23.1,23.1,23.2,29.2,31.1,27.9,25.1,23.6,22.4,22.2,23.1,29.2,31.6,29.7,25.5
JACAS CHICO,JACAS CHICO,-9.88474,-76.50094,6.8,4.7,2.9,3.0,3.0,10.8,11.2,10.9,7.7,6.9,6.0,6.0,6.1,8.1,11.7,11.5,8.3,7.5,6.6,5.7,5.9,8.7,10.9,9.9,8.4,7.8,6.6,5.6,6.0,9.5,11.3,9.4,7.9,6.3,6.6,6.9,6.6,10.9,12.6,9.7,9.0
JAEN,JAEN,-5.67664,-78.77416,22.0,21.2,20.4,20.3,20.3,23.8,26.9,24.6,21.9,21.7,20.8,19.7,20.4,23.1,26.4,24.0,22.1,21.5,21.1,20.2,20.4,23.7,27.1,25.2,22.9,22.3,21.6,20.1,20.7,23.2,28.1,27.6,23.1,22.1,22.1,21.2,21.6,24.9,28.8,29.0,25.2
JAMALCA,JAMALCA,-5.89269,-78.23394,18.3,14.2,14.4,14.3,14.5,20.5,21.9,21.1,16.2,16.2,15.8,15.0,14.6,20.1,19.2,19.2,17.6,16.2,15.9,15.5,15.1,19.7,18.6,19.4,17.1,17.3,16.3,14.1,16.2,21.2,20.1,21.9,17.1,15.3,16.1,13.9,15.1,21.7,23.3,21.7,17.5
JAUJA,JAUJA,-11.74793,-75.13013,3.0,1.4,0.4,1.0,0.8,6.5,7.4,7.1,3.9,3.4,2.3,1.2,1.9,6.1,6.9,5.7,4.1,3.5,1.6,0.7,2.4,5.4,7.4,6.2,4.1,4.1,3.3,2.9,3.2,6.2,7.3,6.1,3.9,2.8,2.9,1.2,2.6,7.2,9.3,8.5,5.7
JAYANCA,JAYANCA,-6.33159,-79.76869,23.5,22.4,21.2,20.5,20.5,26.8,28.9,27.9,23.7,22.9,21.8,21.5,21.4,25.1,29.7,28.5,24.1,21.7,21.4,21.0,20.9,25.4,30.1,28.7,24.6,22.6,21.3,20.6,20.7,25.0,29.8,28.4,23.9,22.1,21.9,21.2,20.9,24.9,29.3,29.2,24.0
JAZAN,JAZAN,-5.94484,-77.9825,14.0,10.7,8.9,8.0,8.0,17.0,18.2,16.4,13.9,12.2,11.5,10.7,11.4,15.8,18.2,15.7,14.1,13.5,11.1,11.2,11.6,16.4,17.9,18.2,13.4,13.3,12.8,12.1,12.5,18.0,16.3,15.6,14.1,11.3,10.6,9.7,12.6,18.9,18.6,16.0,13.7
JEPELACIO,JEPELACIO,-6.11275,-76.90761,19.0,17.4,17.2,17.5,16.5,23.8,23.2,21.6,17.9,16.7,16.0,18.0,18.1,23.3,23.2,22.7,19.3,20.0,19.6,17.0,16.6,20.7,25.1,23.9,19.1,18.8,19.3,16.9,18.0,23.7,24.8,22.6,18.6,19.8,16.4,16.7,17.9,24.7,23.6,24.2,19.5
JESUS,JESUS,-7.2457,-78.38841,11.5,8.2,7.4,7.3,7.5,13.0,15.9,15.6,11.4,10.4,8.3,7.0,7.6,11.8,14.7,16.0,12.3,9.5,8.1,6.2,8.4,12.4,14.9,13.9,11.9,11.1,10.3,7.6,9.2,14.0,15.1,11.4,10.6,10.6,9.6,8.9,8.6,14.4,15.8,14.5,11.5
JORGE BASADRE,JORGE BASADRE,-18.0269,-70.2509,15.8,14.4,14.7,13.5,15.5,20.8,22.2,21.6,16.2,15.9,15.5,16.0,18.1,22.3,25.4,24.5,21.6,19.2,19.1,21.7,21.4,23.2,20.6,19.2,16.4,15.8,16.6,16.6,20.0,20.7,23.6,19.6,15.9,15.6,16.1,15.2,18.9,20.9,20.3,20.5,15.7
JOSE OLAYA,JOSE OLAYA,-7.40711,-76.41389,21.8,20.7,19.4,19.3,19.8,25.5,26.4,26.4,21.7,20.9,21.0,20.7,20.6,24.6,26.4,26.2,22.6,21.7,21.4,19.5,19.9,25.2,28.1,26.4,23.1,21.6,20.8,20.1,20.7,26.0,26.6,26.9,22.9,20.6,19.9,19.7,21.1,26.4,28.8,25.7,23.0
JULCAN,JULCAN,-8.05895,-78.48607,11.0,11.2,10.2,8.0,9.3,14.0,14.9,13.6,10.9,10.4,8.8,9.2,10.4,13.8,15.9,13.0,12.1,11.0,9.9,8.5,9.9,13.4,13.6,12.4,11.9,10.3,10.1,8.9,10.5,14.7,14.6,13.6,12.1,10.3,9.6,8.2,9.9,14.7,15.3,14.0,12.2
JULIACA,JULIACA,-15.44415,-70.20778,11.3,6.2,3.9,2.0,4.5,10.3,13.7,14.4,11.4,7.4,5.3,3.2,5.1,10.6,14.2,14.0,9.8,6.2,3.4,1.7,5.1,10.7,14.4,12.4,7.9,5.6,5.1,3.1,3.7,9.7,14.6,15.6,10.1,5.8,3.4,1.2,4.1,9.9,13.6,16.2,12.0
JUNIN,JUNIN,-11.13528,-75.99972,5.0,3.2,1.7,0.5,0.8,6.5,7.9,7.4,3.7,2.4,2.5,1.7,1.9,5.3,6.7,5.7,3.1,2.5,1.9,-0.5,1.1,5.7,8.1,6.4,4.9,5.1,3.8,3.4,3.5,6.7,7.6,8.4,5.9,3.8,1.4,0.2,1.9,6.7,10.1,10.5,6.7
LA CASCARILLA,LA CASCARILLA,-5.67778,-78.89778,18.5,18.4,16.4,16.0,16.8,21.0,23.4,22.4,18.2,17.9,18.0,17.0,17.4,20.1,23.2,21.5,18.1,18.7,18.6,17.7,17.6,20.7,23.4,22.4,18.9,19.3,18.8,17.9,18.2,21.0,24.6,24.1,19.9,19.3,19.1,17.2,18.4,22.4,25.6,25.2,20.7
LA CRUZ,LA CRUZ,-3.62829,-80.5526,26.8,26.4,25.2,23.5,23.0,30.0,30.9,29.6,26.2,26.7,24.5,23.2,23.1,31.3,29.7,30.0,26.1,26.7,24.9,23.2,23.4,29.9,30.1,28.9,25.9,25.1,25.3,24.1,24.5,29.5,30.1,29.1,25.1,25.6,25.4,24.2,24.1,29.4,29.8,29.0,26.2
LA ENCAÑADA,LA ENCAÑADA,-7.12327,-78.33314,9.5,7.4,6.4,6.3,7.0,11.5,14.2,13.6,10.2,8.9,7.0,6.2,6.9,9.8,12.9,14.2,10.3,8.5,7.4,5.2,7.4,10.7,12.9,12.7,10.4,9.6,8.6,7.1,8.2,12.7,14.1,10.4,9.9,9.6,8.9,7.7,7.4,13.2,14.6,13.7,10.5
LA ESPERANZA,LA ESPERANZA,-4.92114,-81.07636,24.5,23.2,22.4,21.8,22.5,26.0,25.7,24.9,23.4,23.7,22.3,21.2,21.6,26.1,26.2,25.0,23.3,23.0,22.6,22.5,22.1,24.9,25.9,24.7,22.6,22.8,22.3,22.4,22.0,25.7,25.6,24.4,23.1,22.8,22.1,21.2,21.4,25.7,25.1,24.5,23.2
LA HACIENDITA,LA HACIENDITA,-16.99861,-71.60083,16.5,14.7,13.9,13.0,16.8,20.5,21.4,19.9,16.9,15.2,16.0,15.5,17.9,22.8,24.7,25.0,17.6,19.5,18.4,16.5,18.4,22.2,18.9,18.7,15.9,15.3,15.1,15.6,19.2,20.0,23.1,18.6,17.1,16.1,15.1,15.2,17.9,19.9,20.8,19.0,15.2
LA JOYA,LA JOYA,-16.58359,-71.92464,18.8,15.2,14.7,14.5,19.8,23.3,25.7,23.6,17.4,14.7,14.5,16.2,21.1,25.6,26.2,25.5,17.8,18.7,19.9,21.7,25.4,26.7,27.4,22.4,16.4,17.1,17.1,16.4,23.5,25.7,26.8,25.1,15.6,16.3,16.1,15.7,22.4,25.4,26.1,23.2,15.2
LA OROYA,LA OROYA,-11.57178,-75.95761,3.3,2.7,2.2,0.3,0.3,4.8,8.2,6.4,3.4,1.2,0.5,0.5,0.4,4.1,6.7,6.7,3.8,1.7,1.1,0.5,0.6,4.9,7.6,6.7,3.9,3.6,2.3,0.4,0.2,6.0,9.3,9.9,4.6,2.8,0.1,-0.1,2.1,5.2,8.3,11.5,6.2
LA PAMPILLA,LA PAMPILLA,-16.41379,-71.53453,11.8,7.2,5.7,7.0,12.8,14.8,15.7,14.1,10.7,8.7,7.5,6.7,12.4,13.8,13.9,13.2,7.3,7.7,9.4,8.0,10.6,11.9,15.6,13.7,11.9,10.8,8.3,7.4,12.0,14.7,15.6,14.9,10.1,8.1,6.4,6.4,11.6,15.4,16.1,14.7,10.0
LA QUINUA,LA QUINUA,-13.03881,-74.14158,11.5,7.7,6.9,7.5,8.0,9.3,11.7,11.6,8.7,7.2,6.0,7.0,7.4,10.1,11.7,11.5,8.8,7.5,5.9,4.7,5.6,10.7,11.1,12.7,8.6,8.3,7.8,6.9,7.7,11.5,13.1,14.1,9.9,8.6,6.9,6.4,6.9,11.4,14.1,15.7,10.0
LA VICTORIA,LA VICTORIA,-7.19119,-78.45947,12.0,8.7,7.7,6.5,8.0,15.0,17.9,17.1,11.7,11.4,9.5,7.7,8.9,13.8,16.2,16.2,12.3,10.2,8.6,7.0,9.1,14.4,16.4,14.9,12.1,12.3,11.6,10.1,10.7,15.2,15.6,12.1,11.6,11.3,10.6,10.2,10.1,15.7,16.6,14.5,12.2
LA YARADA,LA YARADA,-18.21065,-70.52593,18.5,18.2,17.7,18.0,18.3,19.0,17.9,18.1,18.9,19.2,19.0,18.7,19.1,19.3,18.4,18.0,17.8,18.5,18.9,19.0,19.4,19.9,19.6,19.4,18.1,18.1,17.8,17.4,18.5,19.2,18.6,18.4,19.1,19.1,18.6,18.4,18.6,19.4,19.1,18.7,18.7
LACHAQUI,LACHAQUI,-11.554,-76.62706,8.0,6.4,5.4,5.0,7.3,10.5,11.7,8.9,7.7,7.9,6.5,5.5,7.4,10.8,11.4,10.2,9.3,8.2,7.1,6.2,7.9,10.9,10.9,11.2,9.6,8.1,6.6,5.4,8.0,11.2,11.6,11.1,8.6,7.1,5.6,4.2,6.9,11.2,11.3,10.7,9.2
LAGUNAS,LAGUNAS,-5.21937,-75.7161,25.3,23.7,23.2,23.3,23.8,28.3,29.9,30.1,24.9,23.7,23.3,23.2,23.4,24.8,29.2,29.2,25.6,24.2,24.1,23.7,23.9,26.7,30.4,30.9,26.4,24.6,23.8,23.4,23.7,28.2,30.6,31.4,26.6,24.8,23.6,22.7,23.9,29.9,31.6,30.0,26.7
LAIVE,LAIVE,-12.25228,-75.36053,4.8,3.7,3.4,2.5,1.3,6.0,8.7,7.1,4.2,3.4,2.5,1.7,1.9,5.1,8.2,6.0,4.6,3.7,2.9,2.0,2.1,6.4,8.9,5.9,4.6,3.6,1.8,0.6,-0.0,7.0,10.8,10.9,5.4,4.3,1.6,0.7,2.1,6.2,9.8,12.2,6.7
LAMAS,LAMAS,-6.41875,-76.52794,22.0,19.7,19.2,19.5,20.3,25.5,27.4,25.1,22.4,21.2,21.0,20.2,20.9,24.6,27.7,26.5,22.8,21.0,21.6,22.0,21.1,24.4,28.6,26.9,22.6,22.1,21.6,20.9,21.5,26.0,28.6,26.6,22.6,21.6,20.4,19.7,20.9,26.7,27.3,28.5,23.2
LAMBAYEQUE,LAMBAYEQUE,-6.73438,-79.9265,23.3,22.9,22.4,22.0,22.0,25.0,24.7,24.1,22.9,22.4,22.8,22.5,21.6,24.3,24.4,24.5,21.8,21.7,22.1,21.7,21.9,24.4,24.9,24.2,22.6,22.3,22.1,21.6,21.7,23.5,24.6,24.6,22.9,22.6,22.4,22.2,22.4,23.9,24.8,24.7,23.0
LAMPA,LAMPA,-15.36108,-70.37417,7.0,3.7,1.7,0.5,4.3,8.0,11.7,12.1,6.9,4.7,2.8,2.5,1.6,7.8,11.9,11.7,7.8,3.7,1.4,-0.3,2.6,8.7,11.9,10.4,4.4,1.8,1.8,1.1,1.7,7.5,11.8,12.4,6.9,3.3,0.6,0.2,3.9,7.9,11.1,13.5,9.5
LANCONES,LANCONES,-4.64288,-80.54718,27.0,24.9,22.9,21.5,21.3,25.8,32.7,33.9,26.4,24.2,22.5,21.2,20.9,26.8,33.7,34.2,27.6,24.0,21.9,21.2,20.9,24.9,32.9,35.2,26.4,23.8,22.8,22.1,21.5,26.2,33.3,32.6,25.9,23.6,22.9,22.2,21.6,27.2,33.3,33.0,28.0
LARAQUERI,LARAQUERI,-16.136,-70.04589,9.0,4.2,1.4,0.8,3.5,8.0,9.9,11.6,6.2,3.2,3.0,3.0,3.6,7.6,10.2,9.2,6.8,5.7,3.1,2.5,3.9,8.4,9.9,7.4,3.4,4.3,3.8,3.4,5.0,8.5,11.8,11.6,6.4,3.3,0.6,-0.1,3.9,8.2,11.3,13.7,8.5
LAS SALINAS,LAS SALINAS,-16.32064,-71.15212,3.5,-1.1,-1.1,-4.0,3.0,5.3,5.4,4.9,2.4,1.2,-0.7,-3.3,-0.4,8.1,5.4,4.0,1.3,1.5,0.4,-0.0,0.4,3.9,5.4,4.7,1.1,0.3,-1.2,-1.9,1.0,4.5,6.1,5.1,1.4,-1.4,-1.9,-2.1,2.1,5.4,7.8,6.2,2.7
LETRAYOC,LETRAYOC,-13.65773,-75.74496,19.3,15.7,16.7,14.8,18.0,20.8,21.2,20.4,16.4,16.9,16.5,15.2,19.9,21.8,22.4,21.7,16.6,17.0,16.9,16.2,21.1,23.9,23.1,22.9,17.9,17.8,17.3,17.6,22.7,23.0,23.1,24.1,16.9,17.3,16.1,15.4,20.9,22.2,22.3,21.7,16.7
LIMBANI,LIMBANI,-14.13969,-69.68702,4.8,2.7,2.4,2.8,5.3,8.0,5.9,7.1,4.7,3.7,2.8,2.5,5.6,7.1,6.7,6.5,4.6,3.5,2.4,2.0,4.6,6.7,6.6,6.7,4.4,3.6,2.3,2.1,3.5,4.5,7.8,7.4,5.9,4.6,3.9,3.2,6.6,8.2,9.6,7.7,6.2
LIRCAY,LIRCAY,-12.98146,-74.71809,6.0,4.7,4.4,3.5,2.5,6.5,9.2,7.6,4.9,4.4,3.0,2.2,2.1,5.6,7.9,6.7,5.6,4.5,3.6,2.5,2.9,6.7,9.1,6.2,4.6,4.1,3.6,2.6,3.0,8.0,10.6,10.4,7.1,4.3,1.1,1.7,2.6,6.7,10.3,12.7,7.0
LIVES,LIVES,-7.09686,-79.04045,16.0,15.7,16.2,15.3,17.0,21.0,21.7,19.9,17.7,17.9,17.3,16.2,17.9,21.8,21.9,21.5,18.8,18.5,17.1,17.0,18.4,21.9,22.9,20.9,19.4,19.3,18.3,17.1,18.5,22.0,21.8,20.4,18.4,18.3,16.6,17.2,18.4,21.7,20.6,20.7,18.7
LLALLY,LLALLY,-14.95286,-70.88053,6.5,2.2,1.2,0.3,2.5,6.5,10.4,10.6,4.2,4.2,1.8,-0.3,1.4,6.3,9.9,11.0,7.1,2.7,0.9,-0.3,0.9,5.9,9.9,10.4,5.6,3.1,0.6,0.6,0.5,6.5,10.6,12.1,5.1,3.1,0.4,-0.3,2.1,6.2,9.8,12.0,9.2
LLAMA,LLAMA,-6.51443,-79.12262,16.8,15.4,14.4,14.0,14.5,19.3,22.2,20.9,16.4,16.9,16.0,14.5,14.4,19.8,21.2,20.5,17.6,17.0,15.4,14.5,14.4,18.7,21.4,20.4,17.9,16.3,16.3,14.6,15.2,20.2,21.1,18.6,16.9,16.3,16.1,15.4,16.9,21.4,21.3,20.0,17.5
LLAPA,LLAPA,-6.995,-78.81119,12.5,9.7,10.2,9.8,11.0,17.3,18.9,15.9,12.4,12.2,10.3,8.5,10.6,16.6,17.4,16.5,12.8,10.7,9.6,9.5,11.1,16.4,17.9,15.4,12.6,13.1,12.8,12.4,12.5,17.0,16.1,13.4,12.6,12.6,11.6,11.2,11.9,17.7,15.8,14.0,13.2
LOMAS,LOMAS,-15.57119,-74.8503,17.5,16.9,16.4,16.8,17.3,18.5,18.4,18.1,16.9,16.7,16.3,16.7,17.6,18.8,20.2,18.5,17.3,17.2,17.1,17.2,17.6,17.7,18.4,18.2,16.9,17.3,17.1,17.1,17.2,17.5,17.8,16.9,17.4,17.3,17.1,17.2,17.4,17.4,17.1,17.0,17.2
LOMAS DE LACHAY,LOMAS DE LACHAY,-11.37681,-77.36839,20.5,17.7,16.4,15.5,18.0,21.8,24.2,22.6,18.2,18.2,18.0,18.0,18.6,23.6,23.7,22.7,18.6,18.2,18.1,18.2,18.6,19.9,22.9,22.4,18.6,18.3,18.3,18.1,18.5,19.7,22.3,23.9,19.4,18.1,17.6,17.9,18.6,18.9,24.1,23.0,19.5
LOS UROS,LOS UROS,-15.82039,-69.97414,11.5,8.4,6.9,6.3,5.5,6.3,5.4,6.1,7.2,6.9,5.5,5.0,5.1,5.8,6.9,8.0,10.3,7.5,6.1,6.2,6.1,7.4,7.4,3.9,4.9,5.1,6.6,6.6,5.5,6.2,7.3,9.1,9.1,6.8,6.1,5.4,5.9,7.2,6.8,7.5,10.7
LUCANAS,LUCANAS,-14.62039,-74.24944,7.8,4.4,4.4,3.5,4.8,9.8,11.9,9.6,3.2,4.2,2.5,3.0,4.9,9.1,12.2,6.2,5.1,5.2,4.1,3.7,4.1,7.7,9.4,8.7,7.1,5.1,3.1,1.9,4.7,9.5,11.8,10.6,7.4,4.1,1.9,0.7,3.6,10.2,13.1,11.7,7.7
MACHAHUAY,MACHAHUAY,-15.65322,-72.50322,11.0,7.2,6.4,5.3,10.0,12.0,13.9,12.4,8.7,6.9,6.3,5.2,8.6,13.1,11.4,10.2,6.8,6.7,6.6,6.0,7.1,11.2,13.6,9.7,8.1,8.3,7.1,6.1,9.7,12.5,13.8,12.1,9.4,8.1,6.4,5.4,9.9,13.4,14.6,12.5,9.7
MACHU PICCHU,MACHU PICCHU,-13.16655,-72.54585,8.0,7.9,6.7,7.8,8.5,11.5,10.2,9.4,6.7,6.2,5.5,6.5,8.6,11.1,12.2,10.2,7.8,7.5,7.6,8.0,9.4,11.4,10.6,11.7,8.9,7.1,8.3,8.1,9.0,10.0,13.1,12.1,9.6,9.6,7.6,5.7,8.9,12.7,11.8,11.2,9.5
MACUSANI,MACUSANI,-14.06675,-70.42206,2.5,-0.6,-1.3,-1.0,0.8,4.3,4.9,3.9,0.9,-0.3,-0.7,-1.0,-0.1,3.1,4.4,3.2,-0.2,-0.8,-0.6,-1.3,-0.4,3.2,4.4,1.9,0.9,-0.9,-1.4,-1.9,-1.0,1.0,2.6,2.1,2.1,0.1,-1.9,-1.6,0.9,4.2,4.8,5.2,3.0
MADRIGAL,MADRIGAL,-15.61658,-71.81167,3.3,-0.8,-1.8,-3.5,0.5,5.5,6.9,6.1,3.2,1.4,0.8,-0.0,1.1,6.1,6.7,3.2,1.6,1.2,0.4,-0.0,1.1,4.2,3.6,1.9,0.6,0.1,-1.2,-1.6,1.0,4.5,6.8,5.4,2.1,0.1,-1.1,-1.8,0.9,5.4,7.8,7.5,4.0
MAGDALENA,MAGDALENA,-7.25346,-78.65261,13.5,10.2,9.4,8.0,9.8,17.3,19.9,18.1,12.7,12.7,10.5,9.0,10.4,16.3,17.9,16.7,12.8,11.5,9.9,8.7,10.6,16.9,18.4,16.7,13.4,13.8,13.3,12.6,12.7,17.5,16.6,13.9,13.1,12.8,12.1,12.2,12.1,17.9,17.3,15.5,13.7
MALACASI,MALACASI,-5.33978,-79.85794,24.8,20.4,18.9,18.3,19.8,24.3,29.2,29.1,23.2,20.9,20.3,19.0,20.1,22.8,30.7,30.0,23.6,21.0,19.4,18.5,19.9,24.4,30.1,32.2,24.6,21.8,20.6,20.1,20.7,23.7,29.6,30.1,23.6,20.8,20.6,20.4,21.1,23.4,28.6,30.2,25.0
MALLARES,MALLARES,-4.85574,-80.73556,26.5,24.2,22.2,21.0,21.8,27.0,33.4,32.6,25.7,24.2,22.3,20.7,21.4,27.3,34.2,33.5,27.1,23.2,22.1,22.0,21.9,26.4,33.6,33.7,25.4,23.3,22.6,21.4,21.2,27.0,33.3,30.6,25.1,23.8,22.9,21.7,21.4,27.2,33.6,32.2,26.0
MALVAS,MALVAS,-9.92723,-77.65519,13.5,12.7,10.9,10.0,13.0,15.3,14.9,13.4,13.7,12.2,11.3,10.0,12.6,16.1,15.4,14.5,13.8,13.0,11.9,11.0,13.9,16.9,15.6,15.9,14.6,13.8,12.1,10.9,14.0,16.7,15.6,15.6,14.4,13.1,11.6,10.2,13.1,15.9,15.6,16.0,14.5
MANITI,MANITI,-3.53697,-72.8742,25.0,24.2,22.9,22.0,22.8,28.0,27.9,27.6,24.9,23.7,23.3,23.0,23.1,25.8,26.9,28.5,26.1,24.7,23.6,23.2,23.4,28.9,29.4,26.4,24.1,23.1,23.6,22.6,24.2,28.7,30.6,30.6,26.6,24.8,23.6,23.4,24.9,29.2,30.8,30.5,26.2
MATAPALO,MATAPALO,-3.68277,-80.19857,25.8,24.7,23.2,22.5,23.3,29.5,32.2,30.9,26.2,24.9,23.5,22.5,23.6,29.6,32.4,30.7,25.8,24.0,23.1,22.7,23.1,27.9,32.1,29.9,25.9,24.1,23.3,23.4,24.0,29.0,31.3,29.9,25.4,24.6,23.9,23.2,23.9,28.2,30.8,27.2,25.7
MATUCANA,MATUCANA,-11.83913,-76.37828,5.3,3.2,1.7,0.5,1.8,8.0,10.4,6.6,4.9,4.4,3.3,2.2,3.6,7.8,8.9,7.0,5.3,5.0,3.6,2.2,3.4,6.7,7.4,7.2,4.9,4.1,2.6,1.1,3.2,6.7,8.1,7.4,4.4,3.1,0.6,0.4,2.9,7.7,9.1,7.5,5.7
MAYORARCA,MAYORARCA,-10.17442,-77.34889,7.5,5.9,5.7,4.3,4.5,9.3,11.2,8.4,6.4,6.2,5.0,3.5,4.1,9.3,10.9,10.2,7.3,7.2,6.4,5.5,5.4,9.4,9.9,8.2,6.9,6.3,4.8,4.1,5.2,9.5,9.3,8.9,7.1,6.1,4.1,2.7,4.6,9.4,10.8,10.2,7.5
MAZAN,MAZAN,-3.48817,-73.08183,24.5,23.9,22.2,22.5,22.5,28.5,29.4,28.4,25.2,24.4,23.5,23.5,23.1,25.8,28.2,27.7,24.8,24.0,23.6,22.7,23.4,28.9,29.1,28.2,24.6,23.3,22.3,22.1,22.7,29.2,31.3,31.4,26.9,24.6,23.1,22.4,24.4,29.7,31.8,31.7,27.0
MAZO CRUZ,MAZO CRUZ,-16.73889,-69.71544,6.0,0.7,-1.1,-2.2,2.8,7.0,9.9,7.9,3.7,3.2,-1.5,-1.3,0.4,6.1,7.9,8.2,2.1,0.7,0.1,0.2,0.6,5.2,4.1,5.9,2.4,1.3,1.1,-0.6,2.0,7.0,8.3,8.1,2.4,0.1,-1.1,-1.8,1.1,5.7,9.1,10.2,4.0
MAÑAZO,MAÑAZO,-15.79944,-70.3395,9.5,3.4,0.7,-0.7,4.0,8.8,10.2,11.4,5.2,4.4,3.0,3.0,2.9,8.3,11.7,12.0,9.1,4.7,2.6,1.2,3.9,8.4,12.1,5.9,5.4,4.1,3.1,2.6,3.5,8.2,12.1,12.4,6.4,3.6,0.6,-0.1,3.9,8.2,11.3,14.0,8.5
MOLLEPATA,MOLLEPATA,-8.19137,-77.95397,11.5,8.4,5.9,4.0,5.0,10.0,12.7,13.6,10.4,8.9,7.5,6.2,6.4,10.6,11.7,13.2,11.3,9.2,6.9,5.2,5.6,10.4,11.9,12.2,9.1,8.8,8.1,7.1,7.5,10.7,12.3,10.1,9.1,8.1,7.6,6.7,6.4,11.4,14.3,13.2,10.7
MONTEGRANDE,MONTEGRANDE,-7.22499,-79.15323,21.0,18.7,18.7,18.3,19.8,24.3,25.4,24.4,21.9,21.7,20.3,18.2,20.4,25.3,26.9,26.5,22.6,21.2,19.4,18.7,20.4,25.4,26.6,25.7,22.9,21.1,19.3,18.4,19.7,24.2,25.8,24.9,21.4,20.1,18.9,19.4,20.6,23.9,24.6,24.7,21.5
MOQUEGUA,MOQUEGUA,-17.17875,-70.93269,18.0,13.7,12.9,13.3,20.3,21.3,22.2,20.6,16.4,14.9,16.0,12.7,18.6,21.6,21.2,20.7,13.8,13.7,15.9,18.0,18.6,21.7,25.1,21.7,18.4,15.8,14.8,13.9,20.2,22.2,23.1,22.6,15.1,13.8,14.1,13.4,19.9,22.7,22.6,20.7,14.0
MORALILLO,MORALILLO,-3.89972,-73.33806,24.3,23.9,22.7,22.8,22.5,27.8,29.2,29.4,24.7,23.2,22.3,21.7,22.6,26.6,29.2,28.0,24.6,22.7,23.1,22.5,23.9,28.9,30.6,27.7,24.4,23.1,22.8,22.4,22.5,28.0,30.8,31.1,26.6,24.8,23.4,22.9,23.4,29.4,31.6,31.2,26.2
MORROPON,MORROPON,-5.19464,-79.98774,24.3,21.2,19.2,18.5,19.3,22.3,29.7,30.6,23.7,20.7,20.3,19.2,20.1,24.6,30.2,31.0,24.3,20.7,19.9,19.2,20.1,23.2,29.6,32.4,24.6,21.8,20.3,19.9,20.2,24.0,29.8,31.4,24.1,21.1,20.1,19.9,20.4,23.9,29.1,30.5,25.0
MOYOBAMBA,MOYOBAMBA,-6.04481,-76.96822,20.3,18.4,18.7,18.5,19.3,24.0,25.2,23.1,21.4,19.9,18.5,18.5,19.4,24.8,25.7,23.5,20.1,21.0,19.4,17.2,17.6,21.2,26.4,25.7,21.1,19.8,20.3,17.9,19.2,24.7,26.3,24.4,20.4,20.6,18.4,17.4,19.6,25.4,26.1,25.2,22.2
MUÑANI,MUÑANI,-14.77944,-69.96583,8.0,3.7,2.4,0.8,5.0,9.0,10.7,10.4,5.9,3.7,1.8,0.5,4.4,9.1,10.4,9.2,4.3,2.7,1.9,0.7,3.9,8.7,8.9,8.4,5.4,3.8,1.6,0.6,1.2,7.2,8.1,9.1,7.4,3.6,1.1,0.2,2.9,7.9,10.8,12.5,8.5
NAMBALLE,NAMBALLE,-4.99953,-79.08862,18.3,16.2,15.2,15.5,17.0,19.8,21.2,21.6,16.7,15.4,14.8,14.7,16.4,18.6,21.4,21.5,16.8,15.5,15.6,14.5,16.6,19.4,21.6,21.9,17.6,15.6,15.1,14.6,17.0,21.5,22.8,23.1,18.1,16.1,15.1,14.4,17.1,21.4,24.3,23.7,19.2
NAMORA,NAMORA,-7.2006,-78.32782,11.5,8.2,7.4,7.3,7.5,13.0,15.9,15.6,11.4,10.4,8.3,7.0,7.6,11.8,14.7,16.0,12.3,9.5,8.1,6.2,8.4,12.4,14.9,13.9,11.9,11.1,10.3,7.6,9.2,14.0,15.1,11.4,10.6,10.6,9.6,8.9,8.6,14.4,15.8,14.5,11.5
NARANJILLO,NARANJILLO,-5.80964,-77.39264,16.8,15.2,14.7,14.5,17.0,20.0,21.4,18.1,16.2,17.4,15.5,15.0,17.4,19.8,19.7,18.7,17.6,16.5,16.1,15.5,16.9,18.2,21.6,21.7,17.9,17.6,17.6,16.1,17.5,20.5,22.1,18.9,17.1,16.8,15.6,15.2,17.9,21.2,22.6,19.7,17.2
NAUTA,NAUTA,-4.51944,-73.60028,24.8,23.4,22.7,21.5,22.5,26.0,29.2,30.4,24.7,22.9,22.3,21.7,22.6,26.6,29.2,29.2,25.3,23.2,23.4,22.7,24.1,29.4,29.9,28.2,23.6,22.6,21.8,21.9,22.5,27.2,31.3,30.4,26.1,24.8,23.6,22.2,23.4,29.7,32.3,29.5,26.2
NIEPOS,NIEPOS,-6.92511,-79.12902,18.8,17.7,17.4,16.8,18.0,23.0,24.2,23.4,19.7,20.2,18.8,19.0,20.1,23.3,24.4,24.5,21.3,20.7,19.4,19.0,20.6,24.7,26.1,24.7,21.6,21.1,19.6,18.9,20.0,23.5,25.3,23.6,20.4,19.6,18.1,18.4,20.4,22.7,24.1,24.5,20.0
OBRAJILLO,OBRAJILLO,-11.4525,-76.62194,8.0,6.4,5.4,5.0,7.3,10.5,11.7,8.9,7.7,7.9,6.5,5.5,7.4,10.8,11.4,10.2,9.3,8.2,7.1,6.2,7.9,10.9,10.9,11.2,9.6,8.1,6.6,5.4,8.0,11.2,11.6,11.1,8.6,7.1,5.6,4.2,6.9,11.2,11.3,10.7,9.2
OCROS,OCROS,-10.40457,-77.40025,17.5,14.9,15.7,14.5,16.8,17.5,16.7,16.6,16.9,17.4,16.5,15.7,16.4,18.8,17.7,17.5,16.8,16.5,17.1,16.5,18.4,20.2,18.9,19.4,18.1,17.6,16.3,15.1,18.5,19.7,18.6,18.9,16.9,16.1,14.9,13.2,16.6,19.2,18.3,19.2,16.7
OCUCAJE,OCUCAJE,-14.37844,-75.68208,22.0,14.7,14.4,12.8,16.3,23.0,26.9,24.6,17.4,17.9,16.8,15.0,17.6,27.1,28.2,25.0,17.1,15.7,15.6,14.5,16.9,24.2,26.9,24.2,17.6,15.6,15.1,14.4,16.0,22.7,28.3,25.9,16.1,15.8,14.6,13.4,15.1,23.2,27.6,23.7,16.7
OMATE,OMATE,-16.67531,-70.97925,10.8,6.4,5.4,4.5,11.3,14.5,15.2,12.6,8.7,7.4,8.0,5.5,9.1,13.8,10.4,11.2,6.3,7.0,7.1,7.0,7.9,10.7,13.6,12.2,9.9,9.1,6.6,5.4,10.0,13.5,14.6,13.4,9.4,6.8,5.9,4.7,9.6,14.2,15.3,13.2,9.2
ORCOPAMPA,ORCOPAMPA,-15.26387,-72.34096,4.8,-1.1,-2.1,-4.0,0.0,5.5,7.9,2.9,1.2,-1.1,-1.7,-3.0,-0.1,6.6,7.4,3.0,-0.2,0.5,0.4,-0.3,0.6,4.9,5.1,2.2,1.4,0.6,-0.7,-0.9,1.0,5.0,7.3,7.1,1.6,0.6,-1.1,-3.1,-1.1,5.4,8.1,7.7,3.0
OXAPAMPA,OXAPAMPA,-10.56424,-75.41845,14.5,12.2,11.7,11.8,14.8,16.8,15.9,16.1,12.4,13.7,11.5,13.0,14.9,18.8,18.4,16.7,12.8,13.0,12.4,11.5,15.1,18.7,20.4,18.4,15.4,13.3,12.8,12.9,15.7,19.5,18.6,16.4,13.1,13.3,12.9,12.7,15.6,19.2,18.6,18.5,15.5
OYON,OYON,-10.66769,-76.7687,5.3,2.2,0.7,0.0,0.5,6.3,8.7,7.9,4.9,4.2,2.5,1.2,1.6,6.6,8.2,8.2,5.8,4.7,3.1,2.0,1.9,5.9,7.6,6.7,3.9,3.6,2.8,0.4,2.2,6.2,8.1,7.9,4.1,3.3,1.4,0.4,2.4,6.7,9.6,9.5,5.0
OYOTUN,OYOTUN,-6.86394,-79.32062,21.5,19.7,18.9,18.3,18.8,25.3,27.2,26.1,22.7,22.9,20.8,20.5,20.6,25.6,28.2,27.5,23.6,22.0,20.4,19.2,20.1,26.4,28.6,27.4,24.1,22.3,20.3,19.6,20.2,25.0,27.8,26.6,22.6,20.3,19.4,19.7,20.9,24.4,27.3,27.5,22.2
PACARAN,PACARAN,-12.85023,-76.05793,18.0,16.2,16.7,14.8,17.8,20.0,19.9,19.9,17.9,16.9,16.5,15.7,18.9,20.6,20.4,19.7,17.8,17.5,16.6,16.7,20.6,22.9,21.9,22.2,19.6,18.8,17.6,17.9,21.5,22.7,21.3,22.6,18.9,17.8,16.4,14.9,19.6,21.2,20.8,21.0,18.2
PACAYZAPA,PACAYZAPA,-6.2818,-76.76171,19.5,17.4,17.4,15.8,17.0,23.3,22.9,21.9,17.7,17.2,17.8,18.2,18.4,22.3,23.4,22.5,20.3,19.7,18.6,18.0,18.1,22.2,25.1,23.9,18.9,18.8,19.8,16.6,18.7,23.5,25.3,21.9,18.6,17.6,17.1,16.9,18.4,24.4,23.8,23.7,19.7
PACHAMACHAY,PACHAMACHAY,-11.06525,-76.9141,12.0,9.9,9.9,8.0,10.8,14.0,13.4,12.1,10.4,10.7,9.0,9.2,10.9,14.6,14.4,13.5,11.1,11.2,10.9,10.5,12.4,15.2,14.6,14.7,11.9,11.3,10.6,9.6,12.0,15.0,14.8,14.6,11.9,10.6,8.6,7.2,10.1,15.2,14.6,14.5,11.7
PACHIZA,PACHIZA,-7.29322,-76.77092,23.5,21.7,20.7,21.0,21.5,25.5,28.2,26.4,23.2,22.4,22.3,21.5,21.4,25.1,28.4,27.2,24.3,23.0,22.9,20.7,21.1,24.7,29.1,29.9,24.6,23.1,22.3,21.6,22.2,26.0,29.1,28.9,23.6,22.3,21.6,21.9,21.9,26.4,29.6,28.2,24.2
PALCA,PALCA,-17.77794,-69.95864,14.8,11.2,10.7,11.0,19.5,19.3,17.9,18.1,14.4,13.2,12.3,10.2,16.9,16.1,14.7,15.0,11.1,12.2,12.9,11.7,13.9,17.2,19.1,18.7,16.6,14.3,13.3,11.1,17.2,18.2,18.6,18.4,16.6,14.8,11.9,10.4,17.1,18.9,18.6,18.2,15.5
PALPA,PALPA,-14.54939,-75.18926,21.0,15.9,16.2,15.3,16.8,22.5,26.7,24.6,18.4,17.9,16.3,16.2,18.6,25.8,29.2,26.2,18.1,17.2,16.9,16.7,18.1,23.7,27.6,25.4,19.1,17.3,16.6,16.9,20.5,23.2,28.6,26.9,17.6,17.3,16.6,15.2,17.9,23.9,28.1,25.0,18.2
PAMPA BLANCA,PAMPA BLANCA,-14.23731,-75.10398,16.8,14.9,16.7,14.3,17.3,19.0,19.2,18.6,16.4,15.9,15.5,13.7,17.6,19.3,19.4,19.0,17.1,16.2,16.1,16.0,18.9,21.7,21.4,20.7,18.9,17.6,16.3,15.4,19.5,21.0,21.1,21.4,18.1,16.3,15.1,14.2,17.9,20.7,20.3,19.5,17.0
PAMPA DE ARRIEROS,PAMPA DE ARRIEROS,-16.06645,-71.59138,9.0,3.7,2.2,1.8,7.8,10.8,11.4,9.6,7.2,5.7,5.0,3.5,7.1,10.1,9.2,8.5,4.6,5.0,5.1,4.5,5.9,8.9,11.1,8.7,5.1,6.3,4.3,2.6,7.0,10.0,10.6,10.1,7.1,4.6,2.6,1.7,6.6,11.2,12.1,10.0,7.7
PAMPA DE MAJES,PAMPA DE MAJES,-16.319,-72.20248,18.5,15.7,14.7,14.8,19.0,23.3,24.7,23.1,15.7,15.7,15.5,14.5,20.9,24.6,25.4,25.5,16.8,17.7,20.1,20.5,22.1,26.4,24.9,22.7,16.6,17.8,15.8,16.1,22.5,25.2,25.6,24.4,15.4,16.3,15.6,15.7,20.4,24.7,25.1,22.2,14.5
PAMPACOLCA,PAMPACOLCA,-15.71672,-72.56829,8.3,4.7,4.2,3.0,7.8,8.8,10.4,10.1,6.7,4.9,4.0,4.0,6.6,10.3,8.9,7.2,5.3,4.7,3.4,4.0,4.1,8.4,11.4,6.7,6.1,6.1,4.6,3.6,7.2,10.0,11.1,9.9,7.4,5.8,4.1,3.2,7.6,10.9,12.3,10.7,8.0
PAMPAHUTA,PAMPAHUTA,-15.48369,-70.67599,5.3,0.2,-0.6,-1.0,2.0,6.0,9.2,9.4,1.4,1.2,0.5,0.2,0.6,6.6,8.7,9.0,5.8,2.0,-0.1,-1.3,-2.1,6.9,7.9,3.9,1.4,0.3,-0.4,-1.1,0.7,5.0,7.8,8.1,2.6,-0.7,-1.4,-1.8,1.6,5.2,7.8,10.0,5.0
PAMPAS,PAMPAS,-12.40203,-74.88414,7.8,7.2,5.9,4.5,5.0,9.0,9.9,9.4,7.2,6.7,6.0,5.2,5.6,7.8,8.9,9.7,7.3,6.7,4.6,3.2,4.6,8.7,10.9,7.9,7.6,6.8,6.3,5.9,5.5,10.2,10.8,10.1,8.1,7.1,5.4,3.2,5.9,10.2,12.6,11.5,8.7
PANANGA,PANANGA,-4.51556,-80.73944,25.3,22.9,21.2,20.3,20.0,24.0,31.4,30.6,23.9,21.9,20.8,19.2,18.9,26.6,32.2,32.2,24.6,22.2,20.1,19.5,19.1,25.2,32.1,32.2,25.1,22.1,21.3,20.6,20.0,24.7,32.3,29.6,23.9,21.8,21.1,20.4,20.1,26.7,32.3,29.0,26.0
PAPAYAL,PAPAYAL,-3.56732,-80.2499,27.3,26.4,24.9,23.8,24.0,30.5,31.4,30.1,26.7,26.7,24.8,23.2,23.6,30.6,30.9,29.7,26.3,25.7,24.4,23.2,24.1,29.4,31.1,28.9,26.1,25.3,24.8,23.9,24.2,29.7,30.8,29.6,25.6,25.6,25.1,24.2,24.6,29.7,29.6,29.5,27.0
PARIACANCHA,PARIACANCHA,-11.39364,-76.50294,4.5,2.2,1.2,0.3,0.3,5.8,8.7,6.1,3.4,2.7,1.3,0.7,0.9,5.6,8.2,6.7,4.6,3.0,1.6,1.0,1.1,5.2,6.9,6.2,3.4,2.6,1.1,0.4,1.7,5.7,7.3,6.6,3.4,1.3,0.4,-0.6,1.1,5.9,7.8,7.0,4.5
PARIACOTO,PARIACOTO,-9.55239,-77.88761,12.5,12.7,11.9,10.3,13.8,15.8,15.7,14.1,13.2,13.4,12.3,10.7,14.1,16.8,16.4,15.5,13.8,13.0,12.9,12.2,15.1,16.9,16.6,16.4,14.4,13.6,12.3,10.9,15.0,17.2,16.6,16.4,14.4,12.8,11.4,10.2,13.9,16.9,16.6,16.7,14.5
PARQUIN,PARQUIN,-10.96665,-76.71983,6.0,4.4,2.9,1.8,3.0,8.5,9.4,7.6,5.4,5.4,3.3,3.2,4.1,8.6,9.9,9.0,6.6,6.7,5.1,3.5,4.6,7.9,8.9,8.2,5.6,5.1,4.8,3.1,4.2,8.2,9.1,8.4,5.9,4.8,2.6,1.2,3.4,8.4,9.6,8.7,6.5
PARTIDOR,PARTIDOR,-4.64864,-80.26316,27.5,24.9,22.9,21.3,20.5,26.3,32.2,34.6,26.9,24.2,22.3,20.7,20.6,26.8,33.4,36.0,28.8,24.2,21.6,20.7,20.9,25.9,32.6,35.7,27.1,24.3,22.8,22.1,21.2,26.7,32.8,35.1,26.6,24.1,22.9,22.2,21.6,26.9,32.6,33.0,27.5
PARURO,PARURO,-13.76697,-71.84469,10.0,6.4,4.4,4.3,5.5,9.8,12.9,11.9,9.2,8.2,6.8,5.0,5.9,10.1,13.2,12.0,8.6,6.2,6.1,5.7,5.6,8.7,12.9,10.2,9.4,8.1,6.8,5.6,5.2,10.5,13.3,12.1,10.4,7.8,5.9,4.4,6.6,10.9,14.6,16.7,11.5
PASABAR,PASABAR,-5.83722,-79.81908,25.3,21.2,19.9,20.0,20.0,26.8,31.2,30.1,23.7,21.2,20.3,20.2,20.4,26.8,31.2,29.7,24.3,20.7,19.9,19.7,20.4,24.4,30.9,31.7,24.4,21.3,20.1,20.1,20.0,24.0,31.6,31.4,23.6,21.3,20.6,19.9,20.1,23.9,31.3,32.2,24.5
PAUCARAY,PAUCARAY,-14.06056,-73.63862,8.0,7.2,6.4,5.8,5.8,8.3,10.9,12.1,7.7,6.7,5.3,5.5,5.4,7.1,11.4,10.7,7.6,7.0,6.1,5.7,5.9,8.4,11.6,8.9,5.9,6.1,4.8,3.1,1.2,9.5,13.6,15.9,10.1,7.1,5.4,3.7,4.1,9.7,13.6,15.5,10.2
PAUCARBAMBA,PAUCARBAMBA,-12.55572,-74.53592,8.0,6.9,6.4,6.0,6.8,9.5,10.9,9.4,7.7,6.7,6.0,6.0,6.6,9.1,10.7,10.2,8.1,6.5,5.4,4.0,4.9,9.4,9.4,10.4,8.1,8.3,7.3,6.6,7.2,10.5,10.3,12.1,8.6,6.8,5.6,3.2,6.4,10.9,12.8,12.2,8.5
PAUZA,PAUZA,-15.29194,-73.35778,10.3,4.9,4.7,3.8,7.3,11.5,14.4,8.9,7.4,7.4,5.5,4.0,6.9,11.8,13.2,8.0,7.6,5.5,4.4,4.0,5.4,10.4,11.1,9.7,8.1,7.3,5.6,4.1,7.0,12.0,14.6,13.4,10.1,7.1,5.1,3.2,6.4,12.7,15.8,14.0,9.5
PEBAS,PEBAS,-3.31877,-71.85883,25.3,23.7,23.2,23.3,23.8,27.0,28.7,28.1,25.2,23.7,23.3,22.7,23.4,26.1,27.9,28.2,25.3,23.2,22.9,22.7,23.4,28.7,31.6,28.9,25.4,23.6,22.3,22.9,23.7,29.5,32.3,30.6,25.6,24.6,23.4,22.2,23.4,29.2,32.1,28.0,25.2
PICHANAKI,PICHANAKI,-10.93353,-74.86681,20.3,16.9,18.2,18.0,18.5,21.0,22.4,20.6,19.4,18.7,18.3,18.0,18.1,23.1,25.7,23.0,19.8,19.5,18.4,17.0,18.6,23.4,25.9,24.4,19.9,19.1,19.6,18.6,18.7,21.2,26.1,21.6,19.9,18.1,17.9,17.7,18.4,22.7,25.8,24.5,21.0
PICOTA,PICOTA,-6.91989,-76.33021,24.3,22.2,20.7,20.8,21.3,25.8,29.9,28.6,24.2,22.9,22.0,22.0,21.6,25.6,29.4,28.7,24.1,22.2,22.4,22.5,22.6,26.4,29.9,30.7,25.4,23.6,22.3,22.6,23.2,27.2,30.6,28.1,24.9,23.1,22.1,21.9,22.4,27.2,31.1,29.5,25.5
PICOY,PICOY,-10.92162,-76.73701,6.0,4.4,2.9,1.8,3.0,8.5,9.4,7.6,5.4,5.4,3.3,3.2,4.1,8.6,9.9,9.0,6.6,6.7,5.1,3.5,4.6,7.9,8.9,8.2,5.6,5.1,4.8,3.1,4.2,8.2,9.1,8.4,5.9,4.8,2.6,1.2,3.4,8.4,9.6,8.7,6.5
PILCHACA,PILCHACA,-12.39939,-75.08411,6.0,5.4,4.9,4.0,3.8,7.3,9.4,6.9,4.9,4.4,3.8,2.5,2.6,6.6,8.7,8.2,5.3,5.2,4.6,4.0,4.4,7.4,10.1,6.9,6.1,5.6,4.3,3.1,2.5,8.7,12.1,11.9,7.4,5.6,2.9,1.4,4.1,7.9,11.6,12.7,7.0
PILLONES,PILLONES,-15.98125,-71.21669,5.0,-1.6,-2.1,-4.2,1.5,7.0,9.7,5.4,2.9,1.2,-0.7,-3.5,-2.4,7.1,9.4,3.5,0.8,0.7,0.9,0.2,0.9,5.9,6.9,5.2,1.1,0.6,-0.7,-1.1,1.0,5.0,7.3,6.4,2.6,-0.2,-1.4,-2.3,0.9,5.9,8.6,8.2,4.0
PILLUANA,PILLUANA,-6.77631,-76.29056,23.3,21.2,21.2,19.5,20.3,26.0,27.7,27.9,23.9,22.9,21.8,21.5,21.9,25.8,27.9,28.2,23.6,21.5,21.9,22.0,22.1,26.2,29.1,28.7,24.4,22.8,21.1,22.1,22.5,26.2,29.1,28.4,23.9,22.3,21.4,21.7,21.4,27.2,29.6,29.2,24.2
PIRA,PIRA,-9.58353,-77.70719,8.3,9.7,8.7,6.5,8.8,11.8,11.7,9.4,9.4,9.4,8.5,6.5,8.6,12.1,11.9,10.7,10.3,8.7,9.1,8.5,9.9,12.2,11.9,11.7,10.6,8.8,8.1,5.9,8.7,12.5,12.3,12.6,11.1,9.3,7.4,5.4,7.9,12.2,12.1,12.0,11.2
PIRCA,PIRCA,-11.24947,-76.65513,6.3,3.4,2.4,1.0,2.3,7.5,8.7,6.9,4.9,4.7,3.5,3.2,3.1,7.3,9.2,8.0,6.1,5.2,4.1,3.2,3.4,6.9,7.6,7.4,5.1,4.1,2.8,2.4,3.5,7.2,8.1,7.6,4.6,3.6,1.9,0.2,2.6,7.4,8.8,7.7,6.0
PISAC,PISAC,-13.4195,-71.85086,7.0,4.7,3.4,2.0,1.3,8.3,8.2,8.9,5.7,4.7,4.3,3.5,4.1,7.6,8.9,7.5,5.1,4.2,3.6,3.2,4.1,7.2,8.9,7.7,5.4,4.3,3.3,3.1,4.5,8.0,9.3,7.9,7.1,5.1,4.4,2.7,4.4,9.2,11.6,11.2,9.0
PISCOBAMBA II,PISCOBAMBA II,-8.87045,-77.35072,12.5,9.9,7.4,7.0,8.0,11.0,12.9,14.1,10.7,8.7,7.0,7.7,7.9,9.8,12.4,14.5,11.6,9.2,7.1,5.2,7.1,10.7,12.4,12.7,10.6,9.6,8.8,8.4,8.2,11.2,13.6,12.4,9.9,8.1,7.9,7.9,7.6,11.4,14.3,13.5,11.0
PIZACOMA,PIZACOMA,-16.90435,-69.36953,8.0,2.4,0.4,-1.7,3.3,8.0,11.2,10.1,4.7,3.2,0.8,0.2,0.6,6.8,10.4,10.5,5.8,4.0,3.1,2.5,3.1,6.2,4.4,5.9,4.4,3.1,2.1,0.9,2.7,7.7,10.6,9.6,4.6,1.6,-0.6,-1.3,2.4,6.9,10.8,12.5,6.7
POMABAMBA,POMABAMBA,-8.8217,-77.45733,10.5,8.4,6.2,5.8,6.3,9.3,11.7,12.6,9.4,7.4,6.3,6.0,6.1,8.1,11.4,13.2,10.1,8.0,6.4,5.2,5.6,8.4,10.9,11.4,9.4,8.3,7.6,7.1,6.5,9.7,12.3,10.4,8.4,7.3,6.6,5.9,5.4,10.2,13.3,12.5,9.5
POMACANCHI,POMACANCHI,-14.02781,-71.57258,9.3,5.2,2.9,3.8,4.0,8.0,11.7,11.4,7.7,4.9,2.8,1.7,2.1,8.8,11.4,11.0,7.1,5.7,4.1,3.5,3.9,7.9,11.4,10.4,8.1,6.1,4.8,1.1,3.2,8.5,11.8,12.6,7.9,5.8,5.9,5.2,4.9,9.4,12.6,14.7,9.5
PONGO DE CAYNARACHI,PONGO DE CAYNARACHI,-6.33047,-76.28175,23.5,21.2,20.4,20.3,21.8,26.5,28.2,26.9,22.9,21.9,21.0,21.0,21.9,26.3,26.9,28.0,23.1,22.0,21.9,22.5,22.6,26.4,29.1,28.7,24.1,22.6,21.8,21.4,22.2,26.7,29.1,27.4,23.6,22.3,21.6,21.4,21.9,27.9,29.6,29.2,24.5
PORCULLA,PORCULLA,-5.84722,-79.50833,17.0,14.4,15.4,15.5,16.3,23.0,24.2,22.1,17.7,15.9,15.5,14.2,16.9,21.3,23.2,23.0,18.6,18.0,16.6,15.2,17.1,21.9,23.9,22.9,18.9,17.8,17.8,17.1,17.7,22.5,23.1,21.1,17.4,17.1,17.1,16.4,18.1,22.2,23.1,21.5,17.7
PORPERA,PORPERA,-15.3142,-71.30639,5.0,-0.6,-1.3,-1.5,0.8,5.0,8.7,9.6,3.4,1.2,0.0,-0.5,-0.1,4.6,8.4,8.5,4.6,1.7,0.6,-0.5,-0.1,5.2,8.9,6.4,2.4,0.6,0.1,-0.4,1.0,4.7,8.8,9.4,3.4,0.8,-0.6,-1.3,0.9,4.9,8.1,10.2,6.0
POZUZO,POZUZO,-10.08681,-75.54622,17.0,16.7,15.2,16.8,17.3,18.0,19.2,18.6,17.2,17.2,16.5,16.7,17.6,20.6,20.7,19.5,16.6,16.7,15.6,15.5,18.6,21.9,23.1,21.9,18.4,16.8,16.6,16.1,18.7,21.7,20.8,19.9,16.9,17.1,16.6,16.7,18.1,21.4,20.8,20.5,19.0
PROGRESO,PROGRESO,-14.67169,-70.36781,9.5,4.9,2.2,0.5,4.0,10.0,12.4,12.4,7.9,4.9,2.5,1.2,3.9,10.8,12.4,12.0,6.8,4.2,1.9,0.7,3.1,9.2,11.6,8.7,7.6,4.8,2.8,1.1,2.5,8.7,11.6,12.9,10.1,5.1,2.1,0.4,0.6,8.7,12.8,15.0,11.0
PUCALLPA - HUIMBAYOC,PUCALLPA - HUIMBAYOC,-6.4575,-75.84694,24.0,22.2,21.2,20.8,22.8,28.0,28.7,29.1,23.9,22.2,21.3,22.0,22.4,26.8,27.2,27.5,24.6,22.7,22.4,22.0,22.9,27.9,29.1,29.7,24.6,22.8,23.1,22.4,23.0,27.0,29.3,29.1,24.6,23.6,22.9,22.7,24.1,28.4,29.8,30.2,25.2
PUCARA,PUCARA,-15.04567,-70.37278,9.8,5.4,3.2,1.5,3.8,9.5,12.9,12.6,8.2,5.4,3.0,1.5,2.1,9.1,12.4,12.5,7.3,4.2,1.9,1.0,3.4,8.9,12.1,8.2,6.9,4.3,1.1,0.9,2.2,8.5,12.3,13.6,8.4,5.1,1.9,0.9,1.4,8.4,12.6,15.0,11.0
PUCHACA,PUCHACA,-6.37361,-79.46951,19.8,17.7,17.2,17.0,17.0,23.0,25.2,23.1,18.9,18.7,17.0,16.2,18.6,23.6,25.4,24.2,19.8,18.5,18.1,18.0,18.9,23.2,26.4,24.7,20.6,20.1,19.3,18.1,19.5,24.0,25.3,23.6,19.6,18.3,19.4,19.2,19.6,23.2,24.3,24.0,19.5
PUENTE INAMBARI,PUENTE INAMBARI,-13.18638,-70.38401,22.3,20.9,20.2,19.8,22.5,25.0,27.2,27.6,22.9,21.9,21.3,20.5,23.6,27.6,29.2,27.2,22.8,22.5,22.4,21.5,24.4,29.2,31.1,28.4,24.1,23.6,23.3,21.9,23.2,25.2,29.3,28.9,23.6,22.8,20.9,20.2,20.9,27.2,29.8,27.5,24.0
PUENTE MAGDALENA,PUENTE MAGDALENA,-11.7113,-76.83719,18.8,17.4,16.9,16.0,18.5,20.8,22.7,22.1,19.9,18.7,18.5,17.5,19.6,22.8,23.4,23.2,19.1,19.0,17.9,18.2,21.4,23.7,23.9,22.7,20.6,19.8,19.1,18.6,21.0,24.0,23.1,23.9,20.4,19.1,18.1,17.4,19.9,22.4,23.8,23.5,20.0
PUERTO ALMENDRA,PUERTO ALMENDRA,-3.82861,-73.37704,24.3,23.9,22.7,22.8,22.5,27.3,28.4,28.4,24.9,23.4,23.0,22.2,22.9,25.6,27.9,28.0,25.3,23.7,23.4,22.7,23.4,28.4,30.1,26.2,24.1,23.3,22.8,22.4,22.2,27.5,30.3,29.6,26.6,24.8,23.4,22.4,23.6,28.7,30.6,30.2,26.2
PUERTO INCA,PUERTO INCA,-9.38511,-74.96375,24.3,22.4,21.7,21.5,23.0,27.8,27.7,27.6,24.2,23.4,22.5,20.7,22.1,27.6,29.4,29.2,25.1,23.7,23.6,22.2,22.9,28.2,31.4,29.4,25.4,24.3,23.6,23.6,24.0,28.7,30.3,29.9,25.4,24.1,22.9,22.2,24.1,28.7,30.3,28.7,25.2
PUERTO MALDONADO,PUERTO MALDONADO,-12.5873,-69.20885,23.8,22.7,21.4,19.8,22.3,27.0,29.4,29.4,24.7,22.4,20.8,19.5,22.9,29.1,30.9,31.5,26.1,23.7,22.1,21.5,24.4,30.2,32.4,32.4,27.4,25.6,23.6,22.9,24.5,28.7,31.6,26.9,25.4,24.1,23.9,23.2,23.1,28.2,31.8,30.7,26.0
PUERTO OCOPA,PUERTO OCOPA,-11.14669,-74.30507,19.5,17.2,15.7,16.0,16.8,22.8,22.9,23.1,20.4,20.2,19.0,18.2,19.1,23.8,26.2,23.5,20.8,19.7,18.6,18.0,18.6,23.9,27.4,25.2,21.6,19.3,18.1,17.9,18.5,24.0,26.8,23.9,21.1,19.3,17.4,16.2,17.1,24.2,27.6,26.0,21.2
PUERTO PIZARRO,PUERTO PIZARRO,-3.5038,-80.39504,27.0,26.9,26.2,25.0,24.5,28.8,27.2,26.4,25.9,26.9,25.5,24.5,24.4,28.6,26.7,26.5,25.8,26.2,25.4,24.5,24.6,27.4,27.6,25.7,25.4,25.6,25.6,24.9,25.2,27.2,26.8,26.1,25.4,26.1,26.1,25.2,25.1,27.4,26.3,26.2,25.7
PUICA,PUICA,-15.07722,-72.67594,5.3,-0.8,-1.3,-2.7,1.0,5.5,6.9,5.4,2.7,0.7,-0.7,-2.5,0.6,6.6,7.9,2.5,2.3,1.5,-0.6,-0.3,0.9,4.4,5.6,2.9,1.4,0.8,-0.4,-0.9,1.0,4.7,7.1,7.1,2.9,1.3,-1.1,-2.1,0.9,5.9,8.6,8.2,4.5
PULLHUAY (AYAHUASI),PULLHUAY (AYAHUASI),-15.16261,-72.74393,5.3,-0.8,-1.3,-2.7,1.0,5.5,6.9,5.4,2.7,0.7,-0.7,-2.5,0.6,6.6,7.9,2.5,2.3,1.5,-0.6,-0.3,0.9,4.4,5.6,2.9,1.4,0.8,-0.4,-0.9,1.0,4.7,7.1,7.1,2.9,1.3,-1.1,-2.1,0.9,5.9,8.6,8.2,4.5
PUNCHANA,PUNCHANA,-3.75696,-73.27226,24.8,23.9,22.4,22.8,22.5,25.3,26.4,26.6,24.9,23.9,23.5,23.0,23.4,24.3,26.2,26.7,24.6,23.7,23.6,23.2,23.4,26.4,27.4,25.4,24.1,23.8,23.1,22.9,22.7,26.0,27.3,28.1,26.4,24.8,23.9,23.2,23.9,26.7,28.1,27.5,26.0
PUNO,PUNO,-15.82333,-70.01806,11.5,8.4,6.9,6.3,5.5,6.3,5.4,6.1,7.2,6.9,5.5,5.0,5.1,5.8,6.9,8.0,10.3,7.5,6.1,6.2,6.1,7.4,7.4,3.9,4.9,5.1,6.6,6.6,5.5,6.2,7.3,9.1,9.1,6.8,6.1,5.4,5.9,7.2,6.8,7.5,10.7
PUNTA ATICO,PUNTA ATICO,-16.23174,-73.69638,17.5,16.2,16.2,15.5,17.0,17.3,16.4,16.4,17.7,17.4,17.0,17.5,17.1,17.8,19.7,18.7,17.3,17.0,16.6,16.2,16.9,16.7,16.9,16.9,17.4,16.8,16.6,16.9,17.7,17.5,18.3,16.9,16.4,16.8,16.6,16.7,17.1,17.7,17.6,16.5,17.5
PUNTA COLES,PUNTA COLES,-17.69861,-71.37331,18.0,18.2,17.7,17.8,17.8,17.5,16.4,16.4,17.7,18.7,19.0,18.2,18.4,17.8,17.4,18.5,18.3,18.2,18.4,18.2,18.4,17.9,17.4,17.2,17.1,19.1,18.8,18.6,18.5,17.7,17.1,17.1,18.4,18.8,18.9,18.7,18.9,17.7,16.8,17.5,18.2
PUQUINA,PUQUINA,-16.62978,-71.18475,11.0,7.2,5.2,4.8,12.3,14.5,14.9,13.6,10.7,8.7,8.3,7.5,11.4,13.6,12.4,10.7,7.1,7.2,9.1,7.2,8.4,10.9,15.1,13.9,11.6,10.3,8.1,6.4,11.2,14.2,15.1,14.6,10.9,7.8,6.4,5.2,10.9,14.7,15.1,14.0,10.7
PUQUIO,PUQUIO,-14.71594,-74.14826,9.5,6.2,5.9,5.0,6.3,11.3,13.4,11.4,5.7,6.4,4.5,5.5,7.1,11.1,12.9,8.0,7.8,7.2,6.4,6.0,6.6,10.2,12.1,10.4,9.6,7.8,5.6,4.1,7.0,11.7,13.6,12.4,9.6,6.8,4.1,2.4,5.6,12.4,14.8,12.2,9.2
PUTINA,PUTINA,-14.921,-69.87569,8.0,4.4,2.7,1.3,5.3,9.5,11.9,11.1,6.4,4.2,2.0,0.5,3.9,10.1,11.2,10.0,5.3,3.5,2.4,0.5,3.9,9.4,8.9,9.2,6.1,4.3,1.6,1.4,2.0,8.0,9.3,9.9,8.6,4.3,2.1,0.7,3.1,8.2,11.8,13.5,9.0
QUEBRADA SHUGAR,QUEBRADA SHUGAR,-6.69472,-78.4575,10.3,9.7,8.7,7.8,8.5,12.5,14.2,12.6,10.7,10.2,9.0,7.5,8.9,11.6,12.4,13.2,10.3,9.7,7.4,6.7,8.9,11.4,13.4,12.9,10.4,10.1,9.1,7.6,10.0,13.0,13.1,11.1,10.6,9.3,9.6,9.2,9.4,14.2,14.3,12.0,11.0
QUEBRADA YANATILE,QUEBRADA YANATILE,-12.67884,-72.27849,12.8,11.2,9.7,10.3,13.3,16.3,14.9,14.1,13.4,12.7,10.5,10.0,13.6,17.3,16.2,15.7,14.1,13.2,11.9,11.5,14.1,17.2,18.9,16.2,14.4,11.8,10.6,11.1,13.7,17.0,20.1,17.1,14.1,14.3,12.6,10.7,14.1,17.4,18.6,18.2,14.2
QUILCATE,QUILCATE,-6.82275,-78.744,10.0,7.4,8.4,7.8,9.5,14.8,16.4,14.6,10.9,10.9,9.8,8.5,8.9,14.6,15.9,15.2,10.8,10.5,8.1,8.0,9.4,13.9,15.4,12.9,11.4,10.8,10.3,9.4,10.5,15.0,13.8,11.6,10.9,11.1,10.1,10.2,9.9,15.9,14.8,11.7,11.2
QUILLABAMBA,QUILLABAMBA,-12.85645,-72.69174,13.8,12.4,11.7,13.5,14.5,16.5,16.4,15.9,14.7,12.7,12.5,12.0,15.1,18.3,19.2,16.7,15.1,14.5,13.6,12.7,15.9,18.7,20.6,18.2,14.4,13.3,13.1,14.6,15.0,15.7,21.1,20.1,15.1,16.1,13.1,12.7,15.4,19.2,20.6,19.2,14.7
QUINCEMIL,QUINCEMIL,-13.22893,-70.7544,20.0,17.4,18.2,18.8,18.3,19.3,21.9,22.1,18.2,18.2,18.8,17.5,19.9,22.8,24.2,22.0,19.6,19.5,18.6,19.0,22.4,25.4,26.9,22.7,20.9,20.6,20.1,19.1,21.7,22.7,25.6,24.4,20.4,20.1,19.9,19.4,21.9,24.2,23.8,22.7,21.2
QUINISTAQUILLAS,QUINISTAQUILLAS,-16.74972,-70.87858,14.8,7.7,6.9,6.5,12.5,15.0,15.7,12.1,7.7,8.2,8.0,7.0,11.6,13.8,13.2,12.5,8.1,8.5,7.1,7.7,8.4,10.9,14.1,12.4,10.4,10.3,7.8,6.1,10.7,14.2,15.1,14.1,10.9,7.8,6.9,5.4,10.9,15.2,16.1,13.7,10.5
QUIRUVILCA,QUIRUVILCA,-8.00422,-78.32458,9.3,9.2,8.7,5.8,6.8,11.8,14.4,13.1,10.2,8.9,7.3,6.5,7.6,12.1,14.4,13.0,11.3,10.0,8.4,6.7,7.6,11.4,12.6,10.9,10.4,9.1,8.1,7.6,8.7,12.0,12.8,11.9,10.9,9.1,8.6,6.9,7.6,12.7,14.3,13.2,11.0
RECUAY,RECUAY,-9.72947,-77.45403,7.3,5.2,2.4,3.3,2.0,7.3,9.9,8.6,5.4,4.9,4.0,3.0,2.6,7.8,9.7,8.5,6.6,5.7,4.4,3.5,3.6,7.4,8.4,7.4,5.1,4.3,3.8,1.6,2.5,7.2,8.8,8.4,5.6,4.6,2.4,0.9,2.4,7.4,9.8,8.5,5.7
REQUE,REQUE,-6.88613,-79.8355,23.0,22.7,22.4,22.5,22.3,23.0,22.7,22.9,22.9,22.7,22.8,22.2,21.9,22.3,22.4,22.7,21.8,22.0,22.1,21.5,21.6,22.4,22.1,22.4,22.4,22.1,21.8,21.9,22.0,22.5,22.1,23.1,22.6,22.6,22.4,22.4,22.4,22.9,22.3,22.7,22.5
REQUENA,REQUENA,-5.04307,-73.83614,24.8,24.9,23.7,23.5,24.0,25.8,29.7,28.9,23.9,22.7,22.5,22.2,22.9,27.8,29.2,29.0,24.8,23.5,23.1,23.2,24.1,29.2,29.9,28.4,24.9,23.3,22.1,21.4,22.2,27.5,31.6,30.9,26.1,24.6,23.6,22.7,23.4,29.9,32.6,29.5,26.0
RICRAN,RICRAN,-11.54001,-75.5273,5.8,5.4,4.7,3.0,5.0,8.5,9.2,8.1,5.9,5.2,5.3,4.7,4.4,7.1,8.9,8.2,6.3,5.5,3.6,2.2,3.9,8.7,8.1,7.7,5.9,6.6,5.8,5.4,5.5,9.2,8.1,8.1,6.6,5.1,4.6,2.7,4.6,8.9,11.6,10.2,7.2
RINCON DE LA CRUZ,RINCON DE LA CRUZ,-15.99017,-69.80961,10.5,8.2,5.7,5.3,5.5,8.8,10.7,12.1,8.4,7.4,5.3,4.0,4.9,8.6,10.9,9.7,8.3,6.7,6.1,6.0,6.6,8.7,11.1,9.4,4.4,4.3,5.3,5.9,6.5,8.7,12.1,13.4,9.1,5.6,2.4,0.9,4.4,9.7,11.8,14.0,11.5
RIO BLANCO,RIO BLANCO,-11.73447,-76.25967,4.0,2.2,1.2,0.0,0.3,5.8,8.9,6.4,3.4,2.7,0.8,0.7,1.4,5.3,7.2,6.0,3.3,3.0,1.1,0.2,1.4,4.9,6.1,5.7,3.1,2.1,0.6,-0.4,1.2,5.2,6.6,5.9,2.6,1.1,-0.4,-0.3,1.4,5.7,7.8,7.5,4.0
RIO GRANDE,RIO GRANDE,-14.54314,-75.22028,20.5,15.4,15.2,14.8,16.0,22.5,26.7,24.6,17.9,17.7,16.0,16.2,17.1,26.3,29.2,25.5,17.3,16.7,16.4,16.0,16.9,23.4,27.4,24.9,18.1,16.8,16.1,16.4,18.5,22.7,28.6,25.1,17.4,16.1,15.6,14.9,16.4,23.4,27.8,24.2,18.0
RUNATULLO,RUNATULLO,-11.61811,-75.01225,4.8,1.7,0.4,1.0,1.5,7.3,7.4,7.4,4.4,4.4,4.5,3.7,3.9,7.1,7.7,6.5,4.8,3.2,3.4,3.7,3.9,5.4,7.4,7.7,4.9,3.8,4.1,3.9,4.5,7.2,7.6,6.4,3.9,4.1,2.9,1.9,2.4,7.7,9.3,8.2,5.5
SALALA,SALALA,-5.11153,-79.46349,14.0,11.7,12.2,11.5,12.3,15.3,14.9,15.6,11.7,11.4,11.8,11.2,11.6,12.8,15.9,14.5,11.3,12.5,11.6,12.0,11.9,12.9,14.4,15.2,12.9,10.8,11.1,11.9,12.7,16.5,17.3,16.9,12.9,11.3,11.4,11.2,12.4,16.7,17.6,16.7,13.5
SALAMANCA,SALAMANCA,-15.50294,-72.83203,8.5,4.4,3.4,3.3,6.5,9.0,10.9,9.6,6.2,4.2,2.8,2.0,6.9,9.3,8.9,7.7,4.8,5.5,3.4,3.5,3.1,6.7,10.1,6.7,5.4,5.3,4.1,2.9,6.5,9.0,10.6,9.1,7.1,5.3,3.6,2.4,6.1,9.7,11.6,10.2,7.5
SALCABAMBA,SALCABAMBA,-12.20399,-74.77936,10.8,9.7,9.7,9.3,9.8,12.5,10.9,10.9,9.7,9.7,9.0,8.2,9.9,11.6,11.9,10.7,9.6,9.0,7.4,7.5,8.4,12.2,12.4,11.7,10.6,10.6,9.8,8.9,9.5,13.7,12.8,12.4,11.4,9.6,8.1,6.4,9.1,13.9,13.1,14.0,11.5
SALCCA,SALCCA,-14.16997,-71.23187,6.3,3.7,1.9,2.0,2.8,7.3,9.7,10.9,6.7,4.2,1.5,0.2,2.1,7.8,10.9,10.0,6.1,4.0,1.4,1.7,2.6,6.7,9.9,9.7,6.4,4.6,2.8,0.6,1.2,6.5,9.3,9.9,7.6,4.6,3.4,0.9,1.9,6.2,10.3,11.2,9.2
SALLIQUE,SALLIQUE,-5.65886,-79.31264,14.5,13.7,12.9,13.0,13.3,17.8,18.9,18.6,15.7,13.7,13.3,12.7,13.4,14.3,16.9,17.7,15.3,14.0,13.1,12.5,13.4,14.7,17.1,18.4,15.9,14.3,14.1,13.9,13.7,18.2,20.3,19.1,16.1,14.6,13.9,13.7,13.6,19.2,20.8,20.0,17.0
SALPO,SALPO,-8.00534,-78.62377,15.5,14.4,13.9,12.0,14.0,18.3,18.2,17.6,15.9,15.4,14.0,13.7,15.1,18.3,19.4,18.2,16.3,15.7,14.4,13.2,15.1,19.4,19.4,18.9,17.4,16.3,15.3,13.9,16.0,19.2,18.8,18.4,16.9,15.6,13.9,13.7,15.6,19.9,19.6,18.2,17.5
SAMA GRANDE,SAMA GRANDE,-17.78758,-70.48961,16.3,14.4,14.4,14.0,15.8,21.8,22.7,21.4,15.9,15.9,15.0,15.0,17.6,23.1,25.7,24.0,19.6,18.5,18.9,19.5,20.6,25.2,20.4,21.2,15.6,16.3,16.3,15.9,20.5,22.0,24.3,19.9,16.1,15.6,15.9,14.9,18.1,22.7,21.6,20.7,15.0
SAN ALEJANDRO,SAN ALEJANDRO,-8.83028,-75.20333,24.0,22.4,21.9,21.3,21.0,28.0,28.9,28.4,23.9,22.9,23.3,22.0,22.1,27.1,30.4,29.2,25.6,23.5,23.9,21.7,22.6,28.2,30.9,31.4,26.1,24.1,22.8,21.9,23.5,28.5,30.6,31.1,26.1,23.8,23.1,22.4,22.1,28.7,31.3,29.0,26.2
SAN ANTONIO,SAN ANTONIO,-6.41274,-76.4072,23.3,20.9,20.4,20.0,21.5,26.3,28.4,26.4,22.7,22.4,21.8,21.0,21.6,25.8,27.9,27.5,23.1,22.0,22.4,22.5,22.1,25.7,29.1,28.2,23.9,22.3,21.3,21.4,22.0,26.7,29.3,27.6,23.4,22.3,21.1,20.7,21.6,27.4,28.6,29.0,24.2
SAN BENITO,SAN BENITO,-7.41153,-78.92673,19.0,17.2,17.4,16.0,18.0,23.3,22.9,21.9,19.4,19.7,19.3,19.2,19.6,24.8,24.7,24.0,20.3,20.0,18.6,17.5,19.6,24.2,25.4,23.7,21.4,20.6,18.8,17.6,19.5,23.7,24.1,22.9,20.1,20.3,18.4,18.7,20.1,24.2,23.6,23.0,21.2
SAN CAMILO,SAN CAMILO,-14.07331,-75.72768,21.3,16.4,16.9,15.0,17.3,23.0,27.2,25.6,19.9,19.9,18.3,17.0,20.1,25.6,28.7,27.2,19.8,18.7,17.4,17.0,20.1,24.9,28.4,27.4,20.9,19.1,18.3,17.4,20.7,24.2,28.3,29.6,19.1,19.1,17.9,16.2,18.9,23.9,27.8,26.5,19.2
SAN GABAN,SAN GABAN,-13.46087,-70.40999,14.3,12.7,12.4,12.0,14.0,14.0,15.7,15.9,12.7,12.4,12.3,12.7,15.6,17.6,16.7,16.5,13.6,13.5,12.9,12.2,16.9,19.2,19.1,17.7,14.1,14.1,13.8,13.1,15.7,17.5,18.8,18.4,15.4,14.1,14.1,13.2,17.1,17.9,18.1,17.7,16.0
SAN IGNACIO,SAN IGNACIO,-5.14514,-78.99512,16.3,15.4,15.4,15.5,16.5,19.5,21.2,20.9,16.2,14.9,14.8,15.2,16.4,18.3,20.9,20.7,16.3,15.5,15.1,14.7,16.4,19.4,21.4,21.2,17.1,15.8,14.8,14.4,16.5,21.0,22.8,22.6,17.4,15.8,14.9,14.2,16.6,20.9,23.6,23.0,18.2
SAN JUAN,SAN JUAN,-7.29756,-78.49106,13.3,10.2,9.7,8.0,9.5,16.8,19.9,18.6,11.9,12.9,12.3,9.5,10.4,15.8,17.9,17.7,13.6,12.2,10.4,8.5,10.6,16.2,18.6,16.7,13.9,13.8,14.1,11.1,12.5,17.2,17.3,13.9,13.1,13.6,12.4,12.4,12.4,17.2,18.1,14.7,13.5
SAN JUAN DE CASTROVIRREYNA,SAN JUAN DE CASTROVIRREYNA,-13.21198,-75.64389,13.5,11.4,11.9,10.3,12.8,16.0,15.4,14.1,12.4,11.4,10.3,9.0,12.6,15.6,15.4,14.2,12.1,12.7,12.4,11.0,13.4,16.7,16.6,16.2,14.1,12.8,11.3,10.4,14.0,16.7,16.3,16.1,13.9,12.1,9.4,7.9,12.4,16.2,16.1,15.5,13.5
SAN JUAN DE JARPA,SAN JUAN DE JARPA,-12.12453,-75.43178,6.0,4.7,4.9,3.8,3.0,7.0,10.4,8.6,6.2,5.2,4.3,3.5,3.1,5.6,9.9,7.5,6.1,5.7,4.4,3.5,3.6,7.9,10.6,8.7,6.1,4.8,3.3,2.1,1.5,7.7,12.6,13.1,7.1,6.6,3.9,1.9,3.9,7.4,11.6,14.0,8.0
SAN JUAN DE YANAC,SAN JUAN DE YANAC,-13.22725,-75.78697,16.5,15.2,14.9,13.5,16.3,18.8,18.4,18.1,16.7,15.7,14.8,14.0,16.9,18.6,18.2,17.7,16.1,15.7,14.6,14.7,19.1,21.4,20.1,20.2,18.4,17.3,15.8,14.9,18.7,20.7,19.8,20.4,17.6,16.6,14.9,13.7,17.1,19.4,18.8,19.0,17.0
SAN LAZARO DE ESCOMARCA,SAN LAZARO DE ESCOMARCA,-12.18088,-76.35207,12.5,11.2,11.4,10.0,11.8,14.3,14.4,12.4,11.9,10.2,9.3,9.0,11.6,14.6,14.7,14.2,12.8,12.7,12.4,11.2,11.9,15.4,15.4,15.4,13.1,12.3,10.6,9.4,12.2,15.2,15.3,14.4,12.9,11.1,8.9,6.9,10.1,14.9,14.6,14.5,12.7
SAN LORENZO,SAN LORENZO,-4.81694,-76.70028,25.3,23.4,23.2,22.8,22.3,27.8,29.9,28.6,25.4,23.2,22.8,22.5,22.1,25.6,27.4,29.5,25.6,23.5,22.9,23.0,23.1,26.2,30.4,31.2,26.9,24.8,23.6,23.9,23.7,26.7,30.6,30.9,26.4,24.3,23.4,22.9,22.6,28.9,32.1,32.0,26.7
SAN MARCOS,SAN MARCOS,-7.32249,-78.1727,14.0,11.7,9.7,9.0,9.3,15.0,18.4,18.4,14.7,12.7,11.5,10.7,10.4,12.1,16.9,18.5,15.1,12.0,9.9,8.7,10.1,12.9,16.6,16.9,15.4,13.1,12.3,10.6,11.7,16.0,17.8,15.6,14.4,12.8,12.1,11.2,10.4,15.9,19.3,18.0,14.5
SAN MATEO DE HUANCHOR,SAN MATEO DE HUANCHOR,-11.76044,-76.30128,5.3,3.2,1.7,0.5,1.8,8.0,10.4,6.6,4.9,4.4,3.3,2.2,3.6,7.8,8.9,7.0,5.3,5.0,3.6,2.2,3.4,6.7,7.4,7.2,4.9,4.1,2.6,1.1,3.2,6.7,8.1,7.4,4.4,3.1,0.6,0.4,2.9,7.7,9.1,7.5,5.7
SAN MATEO DE OTAO,SAN MATEO DE OTAO,-11.84695,-76.56361,15.3,14.7,14.7,13.0,15.8,17.5,18.2,17.6,16.2,15.4,14.5,14.7,16.4,18.8,18.9,18.7,16.6,16.0,15.4,15.0,17.6,20.4,20.1,19.4,17.9,17.1,15.6,14.9,18.0,20.5,19.3,19.6,17.4,16.1,14.9,13.4,16.4,19.2,19.6,19.2,16.7
SAN MIGUEL,SAN MIGUEL,-5.2462,-80.68436,26.0,23.2,21.7,20.8,21.8,27.8,32.7,31.1,26.2,22.7,21.5,20.5,21.4,27.3,33.4,32.5,25.8,22.2,22.4,22.0,22.4,27.4,33.1,31.4,25.9,23.3,21.8,20.6,21.5,27.0,32.8,29.9,25.6,23.6,21.9,21.2,21.4,27.4,32.6,30.7,25.0
SAN PABLO,SAN PABLO,-6.80956,-76.57625,23.5,21.4,19.9,20.5,20.8,25.5,28.9,26.4,22.9,22.2,22.3,21.5,21.9,25.3,28.9,28.0,23.3,22.7,22.9,22.2,21.9,25.7,29.9,30.4,24.4,23.3,22.3,22.1,22.2,26.7,30.1,26.9,23.9,22.3,21.6,20.4,21.4,26.9,30.6,29.0,24.7
SAN PEDRO DE CACHI,SAN PEDRO DE CACHI,-13.06528,-74.35861,11.3,9.2,7.7,7.8,8.3,10.0,12.4,13.1,9.9,8.2,7.0,7.2,7.1,9.6,12.9,12.2,9.8,8.7,6.4,5.0,6.6,11.2,13.6,13.2,8.6,8.1,7.8,6.1,6.5,11.5,14.1,15.4,11.1,9.3,7.4,6.9,7.4,11.4,15.1,17.5,11.2
SAN PEDRO DE HUACARPANA,SAN PEDRO DE HUACARPANA,-13.06453,-75.66304,9.0,8.7,8.9,7.5,9.5,13.3,13.2,11.4,9.9,8.9,7.0,6.0,8.9,12.8,12.9,12.0,9.6,10.0,9.9,8.0,8.6,12.4,13.6,13.2,11.1,9.8,7.8,6.6,9.5,13.2,13.6,12.6,11.1,8.6,6.1,4.7,8.1,13.2,13.3,12.5,11.2
SAN RAFAEL,SAN RAFAEL,-10.32925,-76.17658,10.3,6.9,6.9,6.8,6.3,9.3,11.2,10.1,8.2,7.2,5.3,6.2,6.1,8.6,11.4,9.7,8.6,6.7,5.1,5.2,6.6,9.9,11.9,8.9,8.4,7.6,7.1,6.1,5.7,9.7,12.6,10.6,8.4,7.6,6.6,6.2,6.1,10.7,12.6,11.2,9.2
SAN RAMON,SAN RAMON,-5.93559,-76.11813,25.3,23.7,22.7,22.3,23.0,28.8,31.4,28.4,25.2,23.2,23.0,22.7,22.6,27.8,29.9,29.7,25.6,24.0,22.9,23.0,23.6,26.7,29.4,31.7,27.1,24.6,24.3,24.1,23.7,27.7,31.6,29.9,26.4,24.6,23.6,22.7,23.6,29.7,32.1,32.0,27.2
SAN REGIS,SAN REGIS,-4.51301,-73.90751,25.0,23.7,22.7,21.3,22.5,26.0,29.4,28.9,25.2,22.9,22.5,21.7,22.4,26.8,28.9,28.0,23.8,23.2,23.4,22.5,24.4,29.2,29.9,26.7,23.6,22.6,21.8,21.4,22.2,28.2,31.1,30.4,25.9,24.6,23.9,22.4,23.4,29.9,32.1,30.0,26.5
SAN ROQUE,SAN ROQUE,-3.75322,-73.25992,24.8,23.9,22.4,22.8,22.5,25.3,26.4,26.6,24.9,23.9,23.5,23.0,23.4,24.3,26.2,26.7,24.6,23.7,23.6,23.2,23.4,26.4,27.4,25.4,24.1,23.8,23.1,22.9,22.7,26.0,27.3,28.1,26.4,24.8,23.9,23.2,23.9,26.7,28.1,27.5,26.0
SANTA ANA,SANTA ANA,-12.00956,-75.22158,7.5,4.9,4.9,4.8,4.8,8.3,11.7,9.6,7.7,6.4,5.5,4.5,4.6,7.6,10.9,9.0,7.3,6.5,5.1,4.5,4.9,8.4,11.9,8.7,7.4,5.8,5.1,4.9,4.0,9.2,12.6,12.4,8.1,7.3,5.1,2.9,4.6,8.9,12.8,14.0,9.0
SANTA CRUZ,SANTA CRUZ,-6.61657,-78.94761,13.8,12.4,11.4,11.5,13.5,18.5,20.2,17.4,14.2,13.9,13.0,12.5,12.1,18.3,19.9,18.7,14.8,14.0,11.9,11.7,12.4,18.4,19.4,16.4,15.1,14.3,14.3,13.1,13.7,18.7,17.1,15.1,14.4,14.8,13.4,13.4,13.9,20.4,17.8,16.2,15.2
SANTA EULALIA,SANTA EULALIA,-11.92,-76.66664,15.3,14.7,14.7,13.0,15.8,17.5,18.2,17.6,16.2,15.4,14.5,14.7,16.4,18.8,18.9,18.7,16.6,16.0,15.4,15.0,17.6,20.4,20.1,19.4,17.9,17.1,15.6,14.9,18.0,20.5,19.3,19.6,17.4,16.1,14.9,13.4,16.4,19.2,19.6,19.2,16.7
SANTA LUCIA,SANTA LUCIA,-15.71074,-70.61594,7.0,0.9,-0.6,-0.7,2.3,7.3,9.4,10.9,2.7,2.2,1.0,0.7,1.1,7.8,10.7,10.7,7.3,3.5,1.4,-0.0,1.6,7.9,9.9,3.7,3.9,2.3,1.6,0.9,2.0,6.5,10.1,10.6,5.1,1.8,-0.4,-1.3,2.1,6.7,9.6,12.2,7.2
SANTA MARIA DE NANAY,SANTA MARIA DE NANAY,-3.08891,-73.69714,24.0,23.4,22.2,22.3,22.0,27.8,29.7,27.6,24.2,22.7,22.5,22.2,22.1,25.3,27.9,28.0,24.1,22.7,23.1,23.0,23.1,28.7,28.9,26.4,23.1,22.3,22.8,22.4,22.2,27.7,31.1,30.9,25.6,23.8,22.6,22.4,22.9,29.2,31.3,29.7,26.0
SANTA MARIA DE NIEVA,SANTA MARIA DE NIEVA,-4.83083,-77.93972,23.8,22.4,21.4,21.5,20.8,26.5,28.9,26.4,23.7,21.4,21.8,21.2,21.6,24.1,28.4,27.2,25.1,23.5,21.6,21.2,22.9,26.4,29.9,30.2,25.1,23.3,22.1,21.1,22.2,26.5,29.3,29.9,25.1,23.1,22.6,22.9,22.9,28.4,31.1,31.5,26.0
SANTA ROSA,SANTA ROSA,-14.61781,-70.79278,7.8,3.2,0.9,-0.5,1.8,8.3,10.7,9.6,6.9,3.2,1.5,-0.3,2.4,9.1,11.2,11.0,5.8,3.0,0.6,-1.0,2.4,8.2,11.1,10.4,7.1,3.6,0.8,0.6,2.2,7.5,9.1,11.9,7.1,3.3,1.1,-0.1,1.9,7.7,11.1,12.2,8.5
SANTIAGO DE CHOCORVOS,SANTIAGO DE CHOCORVOS,-13.83,-75.25417,11.0,8.9,8.4,7.8,10.5,14.0,13.7,12.1,10.4,8.9,9.0,6.5,10.9,13.3,12.9,11.7,11.1,9.2,10.1,7.7,10.9,13.2,14.4,13.9,11.9,10.3,8.3,7.4,10.5,14.0,14.3,13.6,11.9,9.1,6.4,5.2,9.4,14.2,14.3,12.7,11.7
SANTIAGO DE TUNA,SANTIAGO DE TUNA,-11.98322,-76.52419,13.5,13.2,12.9,12.5,13.8,15.8,16.2,15.1,14.2,13.2,11.5,12.7,13.9,16.3,16.4,16.2,14.8,14.2,13.4,13.2,14.6,17.9,17.6,17.4,15.6,14.8,13.3,12.4,15.0,18.0,17.1,17.1,15.1,14.1,11.9,10.4,13.4,17.2,17.1,17.0,14.7
SANTO DOMINGO,SANTO DOMINGO,-5.03825,-79.88715,19.5,16.2,16.4,15.8,17.5,23.0,24.9,23.4,17.7,15.9,17.8,17.0,18.9,23.6,25.7,24.5,18.1,17.2,17.9,17.0,19.4,23.9,24.4,25.4,18.9,16.8,17.1,17.6,19.2,23.7,25.1,23.4,18.4,17.1,16.9,18.2,19.1,22.7,23.6,22.0,18.5
SANTO TOMAS,SANTO TOMAS,-14.39878,-72.08774,9.3,5.7,3.2,4.0,4.5,7.5,12.7,11.1,8.4,6.9,5.3,4.5,4.4,7.6,11.2,10.5,8.1,5.7,3.4,3.2,2.6,6.2,11.6,12.4,8.1,5.6,1.8,1.9,2.7,8.0,13.8,15.4,9.9,6.1,4.9,5.2,4.9,8.9,13.1,15.2,11.5
SAPILLICA,SAPILLICA,-4.79484,-79.99845,21.0,17.9,16.7,15.5,16.5,23.8,26.4,26.4,20.4,17.7,16.5,16.2,18.9,24.6,27.7,28.5,21.3,18.0,16.1,16.7,18.6,23.2,26.1,27.9,20.9,18.1,16.8,17.4,18.2,23.5,26.6,24.9,19.6,18.3,17.6,18.2,18.6,23.9,25.6,24.5,20.0
SAPOSOA,SAPOSOA,-6.94313,-76.76823,22.8,21.4,20.4,20.8,20.8,25.3,28.4,26.4,22.7,21.9,22.0,21.2,21.6,25.3,28.7,28.0,23.1,22.7,22.9,21.7,21.6,25.2,29.4,29.9,24.1,22.8,22.6,21.9,21.7,26.0,29.6,26.9,24.1,23.1,21.4,20.4,20.9,26.2,30.1,28.0,24.2
SATIPO,SATIPO,-11.22467,-74.60869,19.0,17.4,17.9,17.8,18.0,21.3,23.4,21.1,19.2,19.2,18.0,17.2,19.1,23.1,25.9,22.2,19.8,19.5,18.6,18.5,19.4,23.9,26.4,25.2,20.4,19.8,19.6,19.4,18.7,23.0,26.6,22.9,20.4,19.1,18.1,17.4,19.1,23.2,26.3,26.2,21.0
SAUCE,SAUCE,-6.69432,-76.20099,23.0,20.7,19.7,20.0,20.3,25.3,27.7,26.9,22.7,21.2,21.0,21.2,21.6,25.3,26.7,27.7,23.3,21.2,20.6,21.5,22.1,25.9,28.9,28.9,23.9,22.1,21.6,21.9,22.2,26.5,28.6,27.4,23.4,22.3,21.6,20.7,21.4,27.2,27.6,28.5,23.7
SAUSAL DE CULUCAN,SAUSAL DE CULUCAN,-4.75238,-79.77459,17.3,13.9,15.2,16.5,18.3,23.0,22.9,22.6,16.9,13.9,16.0,16.7,17.4,21.6,22.7,21.7,16.6,14.0,16.1,16.0,17.6,22.2,22.9,22.4,18.1,14.3,14.1,15.1,17.7,22.5,23.6,20.9,16.6,15.8,14.4,14.4,16.6,23.4,23.3,18.7,16.5
SHANAO,SHANAO,-6.41312,-76.60028,21.0,18.7,18.2,18.5,19.0,24.5,25.9,24.1,21.2,19.4,20.3,20.0,20.1,23.8,26.4,25.0,22.1,20.2,20.9,21.2,20.1,24.4,27.6,26.7,21.1,21.1,21.6,19.6,20.7,25.0,27.3,24.9,21.4,20.6,19.6,19.2,20.6,25.7,27.1,27.2,23.0
SHEQUE,SHEQUE,-11.67762,-76.48563,6.3,4.2,3.4,2.3,3.8,9.0,10.7,7.9,6.4,5.9,4.5,3.7,5.1,9.3,10.2,8.2,7.3,6.2,5.6,4.5,5.1,8.4,8.6,8.7,6.6,5.8,4.3,2.9,5.0,8.5,9.6,8.9,6.1,4.8,2.6,1.9,4.1,8.9,9.8,8.7,7.2
SIBAYO,SIBAYO,-15.48919,-71.45697,3.3,-2.1,-2.1,-3.5,0.0,5.5,8.2,5.9,2.7,0.7,-0.2,-1.0,-0.4,5.3,9.4,5.5,0.8,-0.3,0.1,-0.3,-0.1,4.7,6.6,4.9,1.4,0.3,-0.7,-1.1,0.7,4.7,7.6,7.1,2.6,0.1,-1.1,-2.1,0.1,5.2,7.8,9.7,4.7
SICUANI,SICUANI,-14.23736,-71.23669,6.3,3.7,1.9,2.0,2.8,7.3,9.7,10.9,6.7,4.2,1.5,0.2,2.1,7.8,10.9,10.0,6.1,4.0,1.4,1.7,2.6,6.7,9.9,9.7,6.4,4.6,2.8,0.6,1.2,6.5,9.3,9.9,7.6,4.6,3.4,0.9,1.9,6.2,10.3,11.2,9.2
SIHUAS,SIHUAS,-8.56694,-77.65028,8.8,5.9,5.7,5.3,5.0,8.8,11.9,11.9,8.7,7.2,6.5,5.5,5.1,8.3,10.9,12.7,9.3,7.0,5.6,4.7,4.9,7.7,11.4,10.7,8.4,7.8,7.3,5.1,5.7,9.2,10.3,9.4,8.1,6.8,5.9,4.4,4.9,9.7,10.1,11.5,9.0
SOCSI CAÑETE,SOCSI CAÑETE,-13.03051,-76.20027,19.3,16.2,16.7,15.0,16.5,20.8,21.7,21.6,17.7,17.2,17.5,16.0,18.9,23.1,23.7,23.0,17.8,16.7,16.6,18.2,20.1,21.9,22.9,22.7,19.4,18.1,17.6,17.9,20.5,21.2,23.3,24.6,17.9,17.3,16.6,15.2,18.9,21.4,22.8,22.5,17.7
SONDOR-MATARA,SONDOR-MATARA,-7.23688,-78.21262,13.0,9.2,7.4,8.3,8.0,13.3,16.2,15.9,11.7,9.9,9.3,8.5,8.6,11.1,15.2,16.5,12.3,9.7,8.1,7.0,8.4,12.2,14.6,14.7,12.9,11.3,9.8,8.1,10.2,14.2,15.6,12.4,11.4,11.1,10.4,9.4,8.9,14.4,16.6,15.2,12.0
SONDORILLO,SONDORILLO,-5.33979,-79.43137,15.0,12.9,13.9,13.3,14.5,18.0,17.9,18.4,13.7,12.7,13.5,13.2,13.6,16.1,18.2,17.5,13.3,14.5,13.9,14.0,14.1,16.2,17.6,18.4,14.6,12.1,13.1,13.9,14.7,19.2,20.1,18.6,14.4,13.1,13.1,12.9,14.4,19.4,20.3,18.5,14.7
SORITOR,SORITOR,-6.142,-77.09179,18.8,17.2,16.9,16.8,18.0,23.3,23.7,21.1,19.2,18.2,18.0,16.7,18.9,23.6,24.4,22.5,19.6,19.2,18.4,16.7,18.1,21.2,25.9,24.4,19.1,19.6,19.8,17.1,19.2,23.7,25.8,22.1,19.6,18.6,16.6,17.2,18.9,24.4,24.8,23.5,20.7
SUSAPAYA,SUSAPAYA,-17.34772,-70.11806,7.0,2.7,1.2,1.3,7.5,10.5,10.4,9.1,6.4,5.9,5.5,3.2,6.6,9.3,7.9,6.5,4.3,4.2,3.4,3.7,2.9,5.7,7.4,7.7,6.1,3.8,3.3,1.4,5.7,8.7,9.8,9.1,5.9,3.1,1.9,0.9,5.6,9.4,10.6,10.0,7.0
TABACONAS,TABACONAS,-5.31515,-79.28488,12.8,11.9,11.7,11.0,11.3,14.3,14.2,14.6,12.2,10.9,11.3,11.2,11.4,12.6,14.9,13.5,11.8,11.5,11.1,11.2,11.1,12.7,13.9,14.9,11.9,9.6,10.3,9.9,12.2,15.7,16.6,16.9,12.1,10.6,10.1,9.7,11.4,16.2,17.3,17.5,13.0
TABALOSOS,TABALOSOS,-6.39533,-76.62533,21.0,18.7,18.2,18.5,19.0,24.5,25.9,24.1,21.2,19.4,20.3,20.0,20.1,23.8,26.4,25.0,22.1,20.2,20.9,21.2,20.1,24.4,27.6,26.7,21.1,21.1,21.6,19.6,20.7,25.0,27.3,24.9,21.4,20.6,19.6,19.2,20.6,25.7,27.1,27.2,23.0
TACAMA,TACAMA,-13.99978,-75.75386,21.5,16.4,16.2,14.8,16.8,23.8,27.9,26.6,21.2,20.2,18.5,16.5,19.1,26.6,29.7,28.5,20.6,18.5,16.6,16.2,17.9,25.2,29.9,28.7,21.6,18.8,17.3,15.6,18.0,24.5,30.1,30.1,19.4,18.8,16.6,14.7,15.9,24.2,29.1,27.7,19.7
TAHUACO - YUNGUYO,TAHUACO - YUNGUYO,-16.305,-69.0675,9.8,7.2,6.2,5.0,4.5,6.0,8.2,10.4,8.4,7.4,6.3,4.5,4.4,6.6,9.2,8.7,7.3,7.2,6.1,5.2,5.4,6.7,9.4,7.7,3.6,5.1,5.6,5.6,6.2,8.2,9.6,10.6,9.4,5.8,4.1,2.9,4.6,7.7,9.3,10.2,10.7
TALABAYA,TALABAYA,-17.55255,-69.98678,9.8,3.7,3.7,4.0,10.5,12.5,11.7,11.6,7.9,7.7,7.3,6.5,9.6,10.3,9.2,8.5,5.6,6.5,5.1,5.5,4.1,6.2,8.4,9.2,8.6,6.1,4.3,3.4,7.2,10.2,11.3,10.6,8.1,5.1,4.1,3.4,8.4,11.2,12.1,11.7,9.7
TALLA (GUADALUPE),TALLA (GUADALUPE),-7.28009,-79.41906,22.8,21.4,20.9,20.5,21.5,25.8,25.7,24.9,22.4,23.2,21.0,20.2,21.4,25.8,26.9,25.7,21.8,21.5,20.4,19.5,20.6,25.7,26.1,25.2,22.4,21.1,19.6,19.1,20.2,24.5,25.8,25.1,22.1,21.6,20.9,20.7,21.4,25.4,25.3,25.2,22.0
TAMANCO,TAMANCO,-5.79207,-74.28904,25.3,24.2,23.4,23.5,23.3,28.0,29.4,27.6,24.7,23.2,21.8,20.7,21.6,27.1,29.4,29.7,25.6,24.5,23.1,23.0,23.6,29.2,29.9,27.9,24.9,23.6,22.6,22.6,22.7,29.0,31.3,31.4,27.1,24.8,23.6,22.9,23.6,29.9,32.3,31.0,26.5
TAMBO,TAMBO,-13.69163,-75.27418,9.3,7.7,6.9,5.8,8.3,12.5,12.9,10.9,8.7,7.2,7.0,5.2,8.6,11.8,12.2,10.2,9.3,8.0,8.6,6.0,8.6,10.9,12.4,12.2,9.9,8.3,6.3,5.1,8.2,11.7,12.6,11.9,9.9,7.3,4.6,3.7,7.6,12.2,13.3,11.5,10.5
TAMBOBAMBA,TAMBOBAMBA,-13.94492,-72.17522,9.0,5.4,4.2,4.3,4.5,7.5,12.2,9.9,8.2,6.9,5.5,4.5,4.6,8.3,11.2,10.5,8.1,5.5,4.4,4.0,3.9,6.2,11.1,10.2,8.1,7.1,5.8,4.6,4.2,8.2,12.3,14.4,9.1,7.1,6.1,5.7,5.4,9.2,13.3,15.2,9.5
TAMSHIYACU,TAMSHIYACU,-4.00356,-73.16112,24.3,23.7,22.7,22.5,22.5,28.0,28.2,29.4,25.4,24.2,23.5,23.0,23.4,25.8,28.4,29.0,25.3,24.0,23.4,23.0,23.6,27.9,28.1,26.4,24.4,23.3,23.1,21.9,23.2,28.5,30.3,30.6,27.1,25.6,24.1,22.9,23.4,29.7,31.1,29.5,26.5
TANANTA,TANANTA,-8.10972,-76.59556,19.3,19.2,18.4,18.8,18.8,21.5,25.4,22.9,19.9,19.7,17.8,18.7,19.6,23.8,25.7,23.2,21.6,20.2,19.4,18.7,19.6,23.7,27.1,26.4,21.4,19.8,18.3,18.6,20.0,24.2,26.3,25.1,21.6,19.8,18.1,18.2,19.6,24.4,27.1,24.2,20.7
TANTA,TANTA,-12.11694,-76.01694,3.8,2.9,1.4,-0.5,0.0,5.8,8.9,7.4,4.2,2.7,0.5,-0.0,0.1,5.3,7.7,6.5,4.1,3.2,2.1,0.7,0.6,4.9,6.1,5.9,2.4,2.1,1.1,-0.1,1.0,5.0,7.3,6.4,2.4,0.8,-0.6,-0.8,0.9,5.4,7.8,8.5,4.0
TARACO,TARACO,-15.305,-69.9825,11.0,6.4,3.7,1.8,4.3,9.8,13.9,14.6,11.9,7.7,4.3,2.2,5.1,10.8,14.2,14.2,9.8,6.5,3.4,1.2,4.9,10.7,13.9,11.7,8.4,5.8,4.6,2.6,3.7,9.7,13.8,15.4,10.6,6.3,4.1,1.4,3.4,9.4,13.3,15.5,12.2
TARAPOTO,TARAPOTO,-6.47597,-76.37039,23.0,20.7,19.7,20.3,21.0,25.3,28.7,26.6,22.7,21.9,21.5,20.7,21.6,25.3,27.9,27.7,23.6,21.5,21.4,22.0,21.9,25.4,29.4,28.9,23.9,22.3,21.3,21.6,22.0,26.7,29.3,27.9,23.4,22.6,21.6,20.4,21.4,27.2,28.1,29.2,24.2
TARATA,TARATA,-17.47936,-70.03664,7.3,1.9,1.2,0.8,7.5,10.3,10.4,9.1,5.7,5.4,5.5,3.2,6.6,8.3,6.7,6.7,4.1,4.0,3.1,3.5,2.6,4.7,6.1,6.4,5.1,3.1,2.3,0.6,4.7,7.7,8.8,8.1,4.9,2.8,1.9,0.9,5.1,8.7,10.1,9.5,6.7
TARMA,TARMA,-11.39672,-75.68991,5.0,4.9,4.4,2.5,4.3,8.0,8.4,7.1,5.2,4.7,4.8,4.2,4.1,6.6,8.4,7.5,5.6,4.5,3.1,1.5,3.4,7.9,8.4,6.7,5.1,6.3,4.8,4.6,5.0,8.7,7.6,7.9,6.6,5.3,4.4,2.2,4.1,8.4,11.6,10.0,6.2
TINGO DE PONAZA,TINGO DE PONAZA,-6.93722,-76.25267,23.5,21.2,19.9,19.8,20.8,26.0,27.7,27.4,23.4,22.2,21.8,21.5,21.4,25.6,27.9,27.5,23.3,21.2,21.1,21.7,22.1,25.9,28.9,28.7,24.4,22.6,21.1,22.1,22.7,26.5,28.8,27.9,23.9,22.1,21.6,21.9,21.9,26.9,29.3,28.5,24.2
TINGO MARIA,TINGO MARIA,-9.2935,-75.98383,18.8,16.7,16.9,15.3,17.3,20.5,21.7,20.4,18.2,17.7,15.8,16.2,18.1,22.8,22.4,21.5,19.1,18.7,18.6,16.0,18.4,22.9,24.9,22.7,19.6,18.6,17.3,16.4,18.2,23.2,21.8,20.6,18.1,17.6,17.1,17.7,19.4,24.2,23.6,20.7,19.2
TISCO,TISCO,-15.34577,-71.44701,5.0,-1.3,-1.8,-2.7,0.3,5.8,8.7,8.6,2.2,0.9,0.3,0.2,-0.4,4.8,9.4,9.0,2.3,0.5,0.6,-0.0,0.1,5.7,8.6,6.7,2.4,0.6,-0.2,-0.4,1.2,5.2,8.8,8.9,3.6,0.8,-0.6,-1.6,0.1,5.4,8.3,10.5,5.5
TOCMOCHE,TOCMOCHE,-6.41009,-79.35572,16.5,15.2,16.2,14.8,15.8,20.3,22.7,20.9,16.4,16.7,15.0,13.5,16.1,21.3,22.7,22.2,18.1,17.7,17.4,17.5,17.9,20.7,23.6,21.9,18.6,19.1,19.3,18.4,19.0,22.0,22.6,19.6,17.4,17.8,18.4,18.4,18.9,22.4,21.3,19.2,17.2
TOURNAVISTA,TOURNAVISTA,-8.92972,-74.71667,24.3,22.7,22.2,21.5,23.5,28.8,30.2,27.9,24.4,23.2,22.0,21.2,22.6,28.1,29.7,30.2,25.8,24.7,24.4,23.2,23.6,28.9,31.1,31.4,26.4,24.6,24.1,22.9,24.0,29.2,31.1,29.6,26.1,24.1,23.4,23.4,24.4,28.9,31.1,28.7,26.5
TRUJILLO,TRUJILLO,-8.11203,-78.9851,20.3,19.2,18.9,18.5,19.3,23.3,24.2,24.6,20.7,18.9,17.8,17.7,19.9,23.6,25.9,25.0,19.6,18.7,18.1,17.0,19.9,24.2,25.1,23.9,19.9,19.1,17.8,17.1,19.7,23.2,24.6,23.1,19.4,18.8,19.4,19.2,19.4,24.7,24.8,23.7,19.5
TULUMAYO,TULUMAYO,-9.10028,-75.90028,20.0,18.2,18.4,18.5,18.0,22.8,23.2,23.4,21.2,19.2,18.3,18.0,17.9,23.6,25.4,24.2,19.8,20.0,19.9,19.5,19.4,23.9,27.4,23.7,20.9,20.8,18.6,17.9,17.0,24.7,25.1,23.4,22.1,18.8,17.9,18.2,19.9,25.4,26.3,24.5,21.0
TUMILACA,TUMILACA,-17.12773,-70.83694,15.5,11.7,10.2,10.5,18.0,18.8,18.7,17.9,14.9,13.2,13.0,10.7,16.1,17.8,16.9,16.2,9.8,10.2,11.1,13.2,14.4,16.7,20.9,18.9,18.1,14.3,12.1,10.6,17.0,19.0,19.3,18.6,14.9,12.3,11.4,10.4,17.4,19.4,19.1,18.0,13.7
UBINAS,UBINAS,-16.38878,-70.85406,6.0,-1.3,-2.3,-4.0,3.5,8.0,7.7,6.1,3.2,0.9,-1.2,-3.3,1.1,8.8,9.2,4.5,0.8,1.0,1.4,1.2,2.1,5.7,5.1,4.9,2.4,2.8,2.3,-0.4,2.5,6.2,8.6,7.4,3.9,1.6,-0.6,-1.3,2.1,7.2,9.8,7.7,4.7
UDIMA,UDIMA,-6.81474,-79.09377,15.3,13.7,13.2,15.0,15.5,20.0,20.7,18.9,15.2,14.7,13.5,13.0,15.1,20.1,21.2,19.0,16.6,17.0,14.1,14.0,16.1,20.4,20.9,18.4,15.6,17.1,15.3,14.4,16.2,20.7,19.8,16.9,15.9,16.6,14.9,15.4,16.9,21.2,17.3,18.5,15.2
UNJF SANCHEZ CARRION - HUACHO,UNJF SANCHEZ CARRION - HUACHO,-11.12386,-77.60603,20.8,19.4,17.9,17.3,18.8,22.5,23.4,22.4,19.4,18.4,19.8,18.2,19.1,22.8,22.7,22.7,19.1,18.7,17.6,17.2,18.9,22.7,22.9,22.2,19.4,18.6,18.1,17.1,18.2,22.5,22.8,23.6,19.4,18.6,17.9,18.7,18.1,22.2,23.8,23.0,19.7
URUBAMBA,URUBAMBA,-13.30517,-72.12456,6.3,2.7,0.2,-0.5,0.0,7.8,7.4,6.6,5.4,4.7,2.8,1.2,2.6,7.1,7.9,7.7,4.8,4.5,4.1,2.5,1.9,6.4,8.1,7.4,5.9,4.6,4.1,3.4,4.2,6.7,9.3,7.6,6.4,4.3,2.9,2.9,2.6,8.4,9.3,8.2,6.7
VILCASHUAMAN,VILCASHUAMAN,-13.66881,-73.95239,10.3,8.4,7.4,7.3,7.5,8.3,11.4,11.4,8.4,8.4,7.5,7.0,6.9,8.3,12.2,11.5,9.6,8.7,7.6,7.2,7.1,10.2,12.4,11.2,8.6,7.3,7.1,5.1,3.7,10.5,14.8,16.6,10.4,8.8,7.9,6.4,5.9,10.7,14.8,17.0,10.2
VIQUES,VIQUES,-12.15603,-75.22831,7.0,5.4,5.2,4.5,4.3,7.8,10.7,8.1,6.4,5.7,4.8,4.2,3.9,6.8,10.4,8.0,6.3,6.2,5.1,4.5,4.9,8.2,11.6,8.4,6.6,5.3,4.1,3.6,2.2,9.0,12.8,12.1,7.6,7.3,4.9,2.9,4.4,8.7,12.1,13.7,8.0
WAYLLAPAMPA,WAYLLAPAMPA,-13.0765,-74.2165,11.5,8.4,7.7,7.8,8.3,9.8,12.2,13.1,9.9,8.2,7.3,7.0,7.4,9.8,12.4,12.2,9.8,8.2,6.9,5.5,6.4,10.9,13.1,13.4,9.4,8.6,7.8,6.6,7.0,11.7,14.1,15.1,11.1,9.6,7.4,6.9,7.4,11.4,15.1,17.2,11.5
YACANGO,YACANGO,-17.09078,-70.85033,13.0,8.9,7.9,8.5,15.5,16.8,16.7,15.6,12.2,10.4,10.0,8.5,13.9,15.3,14.2,13.5,7.3,7.7,7.9,9.5,11.1,12.7,17.9,16.2,15.4,12.3,9.3,7.6,14.0,16.5,16.8,16.1,12.9,9.8,9.1,7.9,14.4,16.9,17.1,16.0,12.2
YANAHUANCA,YANAHUANCA,-10.4896,-76.51291,7.0,4.7,3.7,2.0,2.0,7.5,10.2,9.6,5.4,4.2,3.5,2.7,2.6,6.1,8.4,9.0,5.8,4.0,3.9,3.7,3.4,6.4,10.4,8.4,6.1,6.1,4.8,3.4,3.0,7.2,9.8,7.4,6.4,5.1,4.1,2.7,2.6,7.9,10.1,10.2,7.5
YANAQUIHUA,YANAQUIHUA,-15.7765,-72.87583,15.0,10.9,10.2,9.5,15.3,17.5,19.4,18.1,12.4,10.4,9.0,8.5,14.4,17.3,17.7,16.7,11.3,12.7,13.4,13.5,13.4,17.2,20.9,17.4,15.1,12.8,12.3,11.1,15.5,18.2,19.6,19.1,14.6,12.1,10.6,9.4,14.9,18.2,20.1,18.2,13.7
YANTAC,YANTAC,-11.34583,-76.40453,2.5,1.4,0.9,-0.7,-1.7,4.3,8.4,6.9,2.9,0.9,-0.5,-0.8,-0.9,3.8,7.2,6.2,2.6,0.7,-0.6,-0.8,-0.6,4.4,6.9,5.2,1.9,0.8,-0.4,-0.9,0.2,4.5,6.6,5.6,2.1,-0.2,-0.6,-1.3,-0.1,4.7,7.3,7.5,3.2
YAULI,YAULI,-11.66667,-76.08333,3.0,1.9,1.4,0.0,-0.5,4.3,7.9,6.6,3.2,1.2,-0.2,-0.0,0.1,3.6,6.4,5.7,3.1,1.5,0.4,-0.0,0.4,4.4,6.4,5.4,2.6,2.1,0.8,-0.4,-0.0,4.7,7.3,7.1,2.9,1.1,-0.4,-0.6,0.9,4.7,7.6,9.2,4.5
YAUYOS,YAUYOS,-12.49173,-75.91039,6.0,5.4,4.4,1.8,2.8,8.3,10.9,8.1,4.9,4.9,3.5,2.0,3.4,8.3,8.7,7.5,6.1,5.7,5.4,3.5,4.1,7.2,8.6,8.2,5.1,4.6,3.1,2.1,4.0,7.7,9.3,8.1,5.4,3.8,1.4,0.9,3.6,8.4,10.1,8.7,6.5
YUNGAY,YUNGAY,-9.14189,-77.76664,10.0,6.7,6.4,4.3,4.8,7.0,8.4,10.1,7.2,6.4,5.0,3.7,4.4,6.1,8.9,11.2,8.1,7.2,4.6,3.2,4.1,7.7,9.1,9.7,7.4,6.3,5.3,4.9,5.0,8.5,8.8,8.9,7.6,6.3,4.9,3.7,3.9,8.4,10.8,10.5,8.0
ÑAÑA,ÑAÑA,-11.98744,-76.84194,20.8,18.9,18.7,18.0,17.8,21.0,23.2,22.6,20.4,19.4,20.0,19.0,18.9,23.6,24.9,24.0,20.3,19.2,18.6,19.2,19.4,21.9,23.9,22.9,20.4,19.1,19.6,18.6,18.2,22.0,23.3,24.4,20.1,19.1,18.4,18.2,17.6,20.9,24.3,23.2,20.2
