codigo,estacion,latitud,longitud,2026091106,2026091112,2026091118,2026091200,2026091206,2026091212,2026091218,2026091300,2026091306,2026091312,2026091318,2026091400,2026091406,2026091412,2026091418,2026091500,2026091506,2026091512,2026091518,2026091600
ACOBAMBA,ACOBAMBA,-12.84361,-74.56161,0.29,0.17,1.36,4.02,0.4,0.0,0.66,0.47,0.0,0.0,0.49,0.38,0.0,0.02,0.7,6.44,1.1,0.15,2.96,2.73
ACOPALCA,ACOPALCA,-11.98732,-75.10352,0.16,0.29,3.3,4.62,0.05,0.0,1.35,2.53,0.02,0.0,2.75,0.96,0.53,0.17,1.48,8.26,0.87,0.41,1.82,8.29
ACOSTAMBO,ACOSTAMBO,-12.36078,-75.05725,0.14,0.0,1.1,6.9,0.03,0.0,1.23,0.69,0.0,0.0,1.45,0.75,0.03,0.6,1.36,8.06,3.95,0.12,2.26,7.35
AGUAYTIA,AGUAYTIA,-9.04225,-75.50624,1.23,0.44,0.12,0.18,1.29,6.08,0.05,0.54,0.59,7.05,5.1,2.35,15.76,12.36,3.81,0.92,2.32,0.02,0.44,6.77
AIJA,AIJA,-9.78164,-77.60674,0.1,0.03,0.1,1.54,0.07,0.0,0.11,0.69,0.0,0.0,1.3,1.42,0.03,0.02,0.75,0.76,0.02,0.0,0.09,0.29
ALAO,ALAO,-6.517,-76.73806,0.0,0.0,0.46,0.87,0.0,0.04,0.98,2.07,0.04,1.27,1.21,4.26,1.1,0.98,6.79,2.4,0.99,0.27,1.08,2.93
ALCANTARILLA,ALCANTARILLA,-11.06068,-77.55028,0.08,0.1,0.01,0.0,0.01,0.01,0.0,0.0,0.02,0.08,0.02,0.0,0.0,0.05,0.0,0.0,0.0,0.0,0.0,0.0
ALTO DE POCLUS,ALTO DE POCLUS,-4.9169,-79.89047,0.06,0.11,0.38,2.95,0.07,0.09,0.45,0.47,0.13,0.02,0.36,0.96,0.03,0.0,0.29,1.72,0.34,0.61,0.52,2.3
AMAZONAS,AMAZONAS,-3.7,-73.3,0.02,0.19,2.88,0.37,0.0,0.0,0.39,0.99,0.02,0.02,0.57,4.55,5.02,1.65,0.69,3.23,0.49,0.55,1.24,4.24
AMBAR,AMBAR,-10.75484,-77.2668,0.05,0.0,1.13,0.71,0.0,0.0,0.37,0.72,0.0,0.0,0.35,0.81,0.02,0.0,0.02,0.44,0.0,0.0,0.0,0.53
ANANEA,ANANEA,-14.67628,-69.53386,0.13,0.02,1.6,5.42,1.65,0.0,0.05,1.34,0.02,0.0,0.0,0.0,0.0,0.0,0.0,0.0,0.0,0.0,0.44,0.21
ANDAHUA,ANDAHUA,-15.5009,-72.3551,0.0,0.0,0.0,0.24,-0.01,0.0,0.0,0.02,0.0,0.0,0.01,0.0,0.0,0.0,0.0,0.0,0.0,0.0,0.05,0.03
ANDAJES,ANDAJES,-10.78361,-76.90028,0.41,0.0,2.16,2.7,0.01,0.0,1.04,1.31,0.0,0.0,1.56,0.31,0.0,0.37,1.74,0.4,0.02,0.0,0.46,0.21
ANGAMOS,ANGAMOS,-5.18318,-72.87709,0.0,0.0,0.64,0.29,0.01,0.0,0.49,1.95,0.02,0.0,0.45,5.97,4.17,8.64,16.83,9.98,0.92,0.27,2.53,2.94
ANTA ANCACHURO,ANTA ANCACHURO,-13.47242,-72.21876,0.16,0.32,1.87,4.58,0.96,0.5,1.39,2.3,0.0,0.0,0.52,0.03,0.0,0.03,0.73,3.23,0.0,0.0,0.52,2.23
APLAO,APLAO,-16.07288,-72.49226,0.0,0.0,0.0,0.0,-0.01,0.01,0.01,0.0,0.0,0.0,0.0,0.0,0.0,0.0,0.0,0.0,0.0,0.0,0.0,0.0
ARAHUAY,ARAHUAY,-11.62091,-76.67034,0.0,0.0,0.01,0.02,-0.01,0.0,0.0,0.02,0.0,0.0,0.01,0.0,0.0,0.0,0.06,0.02,0.0,0.0,0.0,0.0
ARAMANGO,ARAMANGO,-5.41994,-78.43553,0.0,0.0,0.13,0.08,0.05,2.96,1.11,0.31,0.04,0.24,2.23,2.33,0.24,0.31,0.96,1.46,0.34,0.12,0.38,0.49
ARAPA,ARAPA,-15.17857,-70.10904,0.05,0.0,0.14,0.51,0.31,0.61,0.1,0.26,0.0,0.01,0.79,0.05,0.0,0.0,0.02,0.0,0.0,0.0,0.17,1.62
ARICOTA,ARICOTA,-17.32914,-70.23731,0.0,0.0,0.0,0.0,0.0,0.0,0.0,0.0,0.0,0.0,0.0,0.0,0.0,0.0,0.0,0.0,0.0,0.0,0.0,0.0
ASUNCION,ASUNCION,-7.30938,-78.51583,0.0,0.0,0.09,0.15,0.01,0.0,0.25,1.24,0.0,0.0,0.44,2.08,0.0,0.0,0.29,1.66,0.0,0.02,0.43,0.56
AUCAYACU,AUCAYACU,-8.92972,-76.11167,0.04,0.0,1.29,1.9,0.09,0.06,0.3,1.09,4.62,0.44,9.25,3.69,10.79,0.24,5.22,5.19,3.31,0.26,6.26,11.47
AUGUSTO WEBERBAUER,AUGUSTO WEBERBAUER,-7.15083,-78.49309,0.0,0.0,0.09,0.15,0.01,0.0,0.25,1.24,0.0,0.0,0.44,2.08,0.0,0.0,0.29,1.66,0.0,0.02,0.43,0.56
AYABACA,AYABACA,-4.63776,-79.72743,0.34,0.0,0.04,1.47,0.21,0.02,0.16,1.15,0.02,0.01,0.13,2.7,0.17,0.0,0.21,3.54,0.08,0.02,0.14,2.32
AYAVIRI,AYAVIRI,-12.38208,-76.13672,0.0,0.0,0.0,0.0,0.0,0.0,0.0,0.01,0.0,0.0,-0.01,0.0,0.0,0.0,0.0,0.0,0.0,0.0,0.0,0.0
AYLAMBO,AYLAMBO,-7.19345,-78.52679,0.0,0.0,0.09,0.15,0.01,0.0,0.25,1.24,0.0,0.0,0.44,2.08,0.0,0.0,0.29,1.66,0.0,0.02,0.43,0.56
AYMARAES,AYMARAES,-14.29056,-73.25168,0.17,0.01,1.28,2.08,0.11,0.02,0.69,0.08,0.0,0.0,0.19,0.0,0.0,0.0,0.03,0.02,0.06,0.0,0.05,1.91
AYO,AYO,-15.68329,-72.27045,0.0,0.0,0.0,0.0,0.0,0.0,0.0,0.0,0.0,0.0,0.0,0.0,0.0,0.0,0.0,0.0,0.0,0.0,0.0,0.0
AZANGARO,AZANGARO,-14.91719,-70.19047,0.19,0.01,0.05,0.85,2.48,1.69,0.38,1.79,0.0,0.0,0.0,0.0,0.0,0.0,0.02,0.0,0.0,0.0,0.37,1.63
BAGAZAN,BAGAZAN,-4.72402,-73.53213,0.0,0.0,0.0,0.04,-0.01,0.0,0.37,1.62,0.0,0.0,5.25,4.24,3.85,7.61,4.5,9.02,0.46,0.26,4.03,1.92
BAGUA CHICA,BAGUA CHICA,-5.66148,-78.53396,0.14,0.03,0.0,0.07,0.02,1.54,2.2,0.43,0.19,0.34,0.81,0.61,0.75,0.53,0.87,1.02,1.27,0.35,0.44,0.63
BAMBAMARCA,BAMBAMARCA,-6.67655,-78.51834,0.0,0.01,0.18,1.16,0.0,0.0,0.33,1.32,0.14,0.02,0.31,1.36,0.76,0.02,0.32,3.46,1.74,0.2,1.24,8.16
BELLAVISTA,BELLAVISTA,-3.49542,-73.06798,2.4,3.31,6.43,0.02,0.0,0.02,0.42,1.51,0.02,0.0,0.44,1.69,11.37,0.82,5.55,8.44,0.44,0.52,1.39,6.23
BERNAL,BERNAL,-5.48783,-80.75929,0.0,0.0,0.0,0.0,0.0,0.0,0.0,0.0,0.0,0.0,0.0,0.0,0.02,0.0,0.0,0.0,0.0,0.0,0.0,0.0
BOCATOMA,BOCATOMA,-17.57583,-69.62667,0.0,0.0,0.0,0.0,0.0,0.0,0.0,0.0,0.0,0.0,0.0,0.0,0.0,0.0,0.0,0.0,0.0,0.0,0.0,0.0
BRETAÑA,BRETAÑA,-5.25028,-74.35028,0.0,0.0,0.05,3.15,-0.01,0.0,0.03,0.34,0.0,0.0,4.62,6.09,2.06,5.45,7.14,6.07,0.81,0.05,4.0,8.12
BUENA VISTA,BUENA VISTA,-9.43371,-78.20825,0.0,0.0,0.0,-0.0,0.01,0.0,0.0,0.0,0.0,0.0,0.0,0.0,0.0,0.0,0.0,0.0,0.0,0.0,0.0,0.0
CABALLOCOCHA,CABALLOCOCHA,-3.91123,-70.51189,1.2,1.46,0.19,4.4,1.41,0.02,5.41,1.89,0.0,0.03,1.54,4.39,2.67,3.69,7.69,5.13,0.0,0.0,1.83,4.38
CABANA,CABANA,-8.39058,-78.00461,0.02,0.0,0.46,0.75,0.0,0.0,0.66,0.19,0.0,0.1,0.62,0.14,0.0,0.0,0.38,0.2,0.0,0.02,0.41,0.05
CABANACONDE,CABANACONDE,-15.62259,-71.97409,0.0,0.0,0.05,0.07,0.0,0.0,0.02,0.0,0.0,0.0,0.0,0.0,0.0,0.0,0.0,0.0,0.0,0.0,0.4,0.06
CABANILLAS,CABANILLAS,-15.63911,-70.34661,0.0,0.0,0.11,0.0,0.0,0.0,0.16,0.15,0.0,0.0,0.0,0.0,0.0,0.0,0.0,0.0,0.0,0.0,0.0,0.63
CACHACHI,CACHACHI,-7.45106,-78.26855,0.13,0.0,0.0,0.03,0.0,0.0,0.01,0.67,0.05,0.08,0.04,0.87,0.23,0.02,0.02,4.24,0.69,0.11,0.15,1.95
CACHICADAN,CACHICADAN,-8.10851,-78.16605,0.06,0.0,0.0,0.56,-0.01,0.0,1.85,2.32,0.0,0.0,1.14,2.12,0.0,0.0,1.39,5.87,0.0,0.0,2.37,6.06
CAICAY,CAICAY,-13.59999,-71.69548,0.26,2.29,1.99,0.68,0.02,0.02,1.86,2.83,0.0,0.01,0.92,0.56,0.14,0.0,0.81,1.02,0.11,0.0,0.46,1.37
CAIRANI,CAIRANI,-17.28121,-70.36269,0.0,0.0,0.0,0.0,0.0,0.0,0.0,0.0,0.0,0.0,0.0,0.0,0.0,0.0,0.0,0.0,0.0,0.0,0.0,0.0
CAJABAMBA,CAJABAMBA,-7.62166,-78.05131,0.06,0.0,0.08,0.11,-0.01,0.0,0.44,0.3,0.02,0.0,0.7,4.58,0.26,0.02,0.24,5.92,3.37,0.95,0.32,10.35
CAJAMARQUILLA,CAJAMARQUILLA,-9.63204,-77.74136,0.0,0.01,1.82,1.78,0.0,0.0,0.79,1.24,0.0,0.0,0.74,1.31,0.0,0.0,0.18,0.89,0.0,0.0,0.43,0.46
CAJATAMBO,CAJATAMBO,-10.47788,-76.98971,0.0,0.13,1.96,0.86,0.01,0.0,0.02,0.0,0.0,0.0,0.88,0.18,0.0,0.4,0.24,0.0,0.0,0.0,0.38,0.02
CALACOA,CALACOA,-16.73989,-70.68764,0.0,0.0,0.0,0.0,0.0,0.0,0.0,0.0,0.0,0.0,0.0,0.0,0.0,0.0,0.0,0.0,0.0,0.0,0.0,0.0
CALANA,CALANA,-17.97458,-70.19264,0.11,0.0,0.0,0.05,0.05,0.03,0.0,0.02,0.02,0.0,0.0,0.0,0.0,0.0,0.0,0.0,0.0,0.0,0.0,0.0
CALIENTES,CALIENTES,-17.88402,-70.14248,0.11,0.0,0.0,0.05,0.05,0.03,0.0,0.02,0.02,0.0,0.0,0.0,0.0,0.0,0.0,0.0,0.0,0.0,0.0,0.0
CALLANCAS,CALLANCAS,-7.76747,-78.49394,0.36,1.14,0.11,0.02,0.03,0.0,0.02,0.02,0.0,0.02,0.18,0.02,0.0,0.0,0.02,0.0,0.0,0.0,0.18,0.02
CAMANA,CAMANA,-16.61062,-72.68765,0.1,0.4,0.58,0.92,0.24,0.31,0.13,0.35,0.01,0.0,0.0,0.02,0.0,0.0,0.0,0.0,0.0,0.0,0.0,0.0
CAMAY,CAMAY,-10.91294,-77.6489,0.0,0.0,0.01,0.0,0.01,0.02,0.01,0.0,0.0,0.0,0.0,0.0,0.0,0.0,0.0,0.0,0.0,0.0,0.0,0.0
CAMPO DE MARTE,CAMPO DE MARTE,-12.07053,-77.04317,0.39,0.24,0.21,0.06,0.11,0.18,0.0,0.01,0.05,0.18,0.01,0.03,0.0,0.02,0.0,0.0,0.0,0.0,0.0,0.0
CANCHAN,CANCHAN,-9.94889,-76.28806,0.01,0.08,0.13,0.7,0.86,0.67,1.07,1.08,0.68,0.14,0.19,1.45,2.17,0.15,0.63,0.81,2.08,1.21,1.11,1.33
CANDARAVE,CANDARAVE,-17.26775,-70.25536,0.0,0.0,0.0,0.0,0.0,0.0,0.0,0.0,0.0,0.0,0.0,0.0,0.0,0.0,0.0,0.0,0.0,0.0,0.0,0.0
CANTA,CANTA,-11.47121,-76.62569,0.0,0.0,0.01,0.02,-0.01,0.0,0.0,0.02,0.0,0.0,0.01,0.0,0.0,0.0,0.06,0.02,0.0,0.0,0.0,0.0
CAPACHICA,CAPACHICA,-15.61344,-69.84222,0.0,0.0,0.0,0.35,0.79,0.7,0.05,0.07,0.0,0.0,0.0,0.0,0.0,0.0,0.0,0.0,0.0,0.0,0.0,0.4
CARAMPOMA,CARAMPOMA,-11.65531,-76.51514,0.18,0.03,0.92,0.84,-0.01,0.0,0.3,0.52,0.0,0.0,0.19,0.02,0.0,0.0,0.6,0.06,0.0,0.0,0.53,0.09
CARANIA,CARANIA,-12.3444,-75.87215,0.03,0.0,1.18,0.32,0.0,0.0,0.02,0.0,0.0,0.0,0.01,0.2,0.0,0.0,1.16,4.73,0.02,0.12,0.81,3.45
CARAVELI,CARAVELI,-15.77568,-73.36259,0.0,0.0,0.0,0.0,0.0,0.0,0.0,0.0,0.0,0.0,0.0,0.0,0.0,0.0,0.0,0.0,0.0,0.0,0.0,0.0
CARPISH,CARPISH,-9.70567,-76.09425,0.0,0.01,0.59,0.45,0.48,2.34,0.6,0.26,0.79,0.61,2.04,0.6,0.69,0.26,1.62,5.52,0.93,0.17,0.9,1.53
CARUMAS,CARUMAS,-16.81145,-70.69543,0.0,0.0,0.0,0.0,0.0,0.0,0.0,0.0,0.0,0.0,0.0,0.0,0.0,0.0,0.0,0.0,0.0,0.0,0.0,0.0
CASAPALCA,CASAPALCA,-11.63804,-76.23332,0.03,0.0,0.63,0.9,0.0,0.0,0.27,0.24,0.0,0.0,0.11,0.21,0.0,0.0,1.48,2.37,0.0,0.02,1.97,2.76
CAYALTI,CAYALTI,-6.88079,-79.54701,0.01,0.01,0.0,-0.0,0.01,0.0,0.0,0.0,0.0,0.0,0.01,0.0,0.0,0.0,0.0,0.0,0.0,0.0,0.0,0.0
CAYLLOMA,CAYLLOMA,-15.18361,-71.77019,0.0,0.0,0.05,0.14,0.01,0.0,0.23,0.0,0.0,0.0,0.01,0.0,0.0,0.0,0.0,0.0,0.0,0.0,1.07,3.2
CAÑAVERAL,CAÑAVERAL,-3.9391,-80.65058,0.05,0.0,0.0,0.01,0.07,0.16,0.02,0.27,0.01,0.0,0.0,0.0,0.0,0.0,0.0,0.09,0.02,0.0,0.0,0.0
CCATCCA,CCATCCA,-13.60989,-71.56011,0.11,2.44,4.47,3.68,0.0,0.0,2.09,2.78,0.0,0.01,0.98,0.12,0.2,0.02,0.82,0.98,0.02,0.0,1.25,0.2
CELENDIN,CELENDIN,-6.85292,-78.14485,0.1,0.03,0.0,0.08,0.0,0.01,0.02,0.66,0.39,0.14,0.07,1.22,0.61,0.15,0.11,2.98,5.65,0.55,0.38,4.7
CERRO DE PASCO,CERRO DE PASCO,-10.69338,-76.26419,0.0,0.13,1.24,1.08,0.39,0.0,2.53,2.93,0.02,0.0,1.82,2.64,0.69,0.02,0.75,5.14,2.08,4.39,1.72,3.19
CHACCHAN,CHACCHAN,-9.53519,-77.77536,0.15,0.58,1.14,0.75,0.02,0.0,0.72,0.84,0.0,0.0,1.49,0.5,0.03,0.0,0.64,0.12,0.06,0.0,0.31,0.03
CHACHAPOYAS,CHACHAPOYAS,-6.2083,-77.86712,0.0,0.0,0.55,0.74,0.05,0.06,1.15,1.56,0.1,0.13,2.11,2.96,0.08,0.02,2.04,2.5,0.27,0.31,2.35,1.79
CHACHAS,CHACHAS,-15.50246,-72.26858,0.0,0.0,0.0,0.24,-0.01,0.0,0.0,0.02,0.0,0.0,0.01,0.0,0.0,0.0,0.0,0.0,0.0,0.0,0.05,0.03
CHACLLABAMBA,CHACLLABAMBA,-13.10855,-71.72,0.0,0.1,2.53,1.66,0.0,0.0,5.87,1.1,0.34,0.0,8.22,13.67,0.67,0.08,2.12,1.37,0.0,0.0,6.5,6.56
CHAGLLA,CHAGLLA,-9.85008,-75.90706,0.0,0.01,0.59,0.45,0.48,2.34,0.6,0.26,0.79,0.61,2.04,0.6,0.69,0.26,1.62,5.52,0.93,0.17,0.9,1.53
CHALACO,CHALACO,-5.03865,-79.82502,0.01,0.0,0.0,0.23,0.01,0.0,0.09,0.32,0.0,0.01,0.55,0.66,0.0,0.0,0.55,1.01,0.0,0.06,1.1,5.97
CHALLABAMBA,CHALLABAMBA,-13.21754,-71.64938,0.0,4.43,2.98,1.51,-0.01,0.0,2.62,3.14,0.0,0.2,1.3,2.49,0.53,0.03,1.6,4.0,0.08,0.0,1.45,3.16
CHALLACA,CHALLACA,-13.79047,-75.38212,0.0,0.0,0.0,0.0,0.0,0.0,0.01,0.0,0.0,0.0,-0.01,0.0,0.0,0.0,0.0,0.0,0.0,0.0,0.0,0.0
CHALLACA PLU,CHALLACA PLU,-13.7896,-75.40029,0.0,0.0,0.0,0.0,0.0,0.0,0.01,0.0,0.0,0.0,-0.01,0.0,0.0,0.0,0.0,0.0,0.0,0.0,0.0,0.0
CHANCAY BAÑOS,CHANCAY BAÑOS,-6.57583,-78.88111,0.0,0.0,0.01,0.01,0.0,0.0,0.95,3.52,0.0,0.04,0.5,6.45,0.75,0.05,1.24,8.71,0.75,0.05,1.39,2.52
CHAPARRA,CHAPARRA,-15.74765,-73.87089,0.0,0.0,0.0,0.0,0.0,0.0,0.0,0.0,0.0,0.0,0.0,0.0,0.0,0.0,0.0,0.0,0.0,0.0,0.0,0.0
CHAVIN,CHAVIN,-9.58633,-77.17526,0.2,0.1,0.12,0.39,0.14,0.0,1.06,1.93,0.15,0.25,0.98,2.73,1.65,0.5,0.47,4.47,2.76,0.75,0.92,4.9
CHAZUTA,CHAZUTA,-6.57119,-76.1315,0.0,0.0,0.72,1.89,0.01,0.03,0.69,1.79,0.0,0.74,6.77,7.51,3.23,2.12,9.87,9.05,5.94,0.58,7.08,9.87
CHERREPE,CHERREPE,-7.11887,-79.56118,0.01,0.01,0.0,-0.0,0.01,0.0,0.0,0.0,0.0,0.0,0.01,0.0,0.0,0.0,0.0,0.0,0.0,0.0,0.0,0.0
CHICHAS,CHICHAS,-15.54811,-72.90165,0.0,0.0,0.0,0.0,0.0,0.0,0.0,0.0,0.0,0.0,0.0,0.0,0.0,0.0,0.0,0.0,0.0,0.0,0.0,0.02
CHIGUATA,CHIGUATA,-16.40644,-71.40914,0.0,0.0,0.0,0.0,0.0,0.0,0.0,0.0,0.0,0.0,0.0,0.0,0.0,0.0,0.0,0.0,0.0,0.0,0.0,0.0
CHILCAYOC,CHILCAYOC,-13.88298,-73.7268,0.17,0.09,0.78,0.9,0.18,0.14,1.24,0.4,0.0,0.0,0.03,0.26,0.0,0.0,0.2,0.03,0.35,0.23,0.24,1.86
CHILETE,CHILETE,-7.21968,-78.83799,0.0,0.0,0.0,0.03,0.0,0.0,0.85,0.28,0.0,0.0,1.08,1.33,0.0,0.0,0.6,0.61,0.0,0.0,1.27,0.14
CHIQUIAN,CHIQUIAN,-10.14763,-77.15949,0.27,0.0,1.02,3.51,0.0,0.0,1.14,1.75,0.0,0.0,2.09,1.65,0.0,0.12,1.71,1.36,0.0,0.0,0.72,1.02
CHIRINOS,CHIRINOS,-5.3085,-78.91426,0.0,0.07,0.23,1.14,0.03,1.52,3.57,1.12,0.32,0.89,1.24,1.79,4.78,1.43,1.05,4.46,1.07,1.62,1.36,4.96
CHIVAY,CHIVAY,-15.64163,-71.58502,0.0,0.0,0.05,0.38,0.01,0.0,0.0,0.14,0.0,0.0,0.02,0.02,0.0,0.0,0.0,0.02,0.0,0.0,1.19,0.18
CHOCO,CHOCO,-15.57707,-72.12963,0.0,0.0,0.0,0.24,-0.01,0.0,0.0,0.02,0.0,0.0,0.01,0.0,0.0,0.0,0.0,0.0,0.0,0.0,0.05,0.03
CHONTACHACA,CHONTACHACA,-13.02389,-71.46778,0.0,0.23,0.74,0.86,0.01,0.0,0.6,0.63,0.37,1.89,1.38,14.34,1.56,0.2,0.61,0.15,0.0,0.0,0.17,0.49
CHONTALI,CHONTALI,-5.64361,-79.08472,0.04,0.08,1.07,0.02,0.14,0.4,5.1,1.14,0.62,1.08,4.62,1.83,3.33,1.48,5.45,3.85,3.68,0.92,1.83,1.69
CHOSICA,CHOSICA,-11.92986,-76.68975,0.01,0.13,0.0,0.0,0.01,0.08,0.02,0.0,0.0,0.13,0.02,0.0,0.0,0.08,0.02,0.0,0.0,0.0,0.0,0.0
CHOTA,CHOTA,-6.54713,-78.64863,0.0,0.02,0.02,0.23,0.0,0.02,0.43,3.11,0.08,0.06,1.08,7.83,0.67,0.11,1.25,6.84,1.16,0.24,0.98,7.2
CHOTANO LAJAS,CHOTANO LAJAS,-6.56216,-78.73885,0.0,0.02,0.02,0.23,0.0,0.02,0.43,3.11,0.08,0.06,1.08,7.83,0.67,0.11,1.25,6.84,1.16,0.24,0.98,7.2
CHUGUR,CHUGUR,-6.66874,-78.73799,0.52,0.0,0.97,2.06,0.08,0.02,1.46,1.27,0.3,0.05,1.28,9.57,0.08,0.0,1.37,10.93,0.41,0.12,4.41,10.45
CHULUCANAS,CHULUCANAS,-5.10843,-80.16956,0.0,0.0,0.0,0.0,-0.01,0.01,0.01,0.0,0.0,0.0,0.0,0.0,0.0,0.0,0.0,0.0,0.0,0.02,0.0,0.08
CHUQUIBAMBA,CHUQUIBAMBA,-15.84601,-72.63398,0.0,0.0,0.01,0.06,0.0,0.0,0.24,0.29,0.0,0.0,0.01,0.0,0.0,0.0,0.0,0.0,0.0,0.0,0.0,0.02
CHUQUIBAMBILLA,CHUQUIBAMBILLA,-14.78791,-70.72849,0.07,0.0,0.18,0.68,0.89,0.26,0.29,0.38,0.0,0.0,0.02,0.0,0.0,0.0,0.05,0.0,0.0,0.0,0.46,1.36
COCHABAMBA,COCHABAMBA,-6.46009,-78.8886,0.0,0.0,0.01,0.01,0.0,0.0,0.95,3.52,0.0,0.04,0.5,6.45,0.75,0.05,1.24,8.71,0.75,0.05,1.39,2.52
COLCABAMBA,COLCABAMBA,-12.415,-74.68351,0.87,0.76,2.3,5.0,0.18,0.0,0.63,0.7,0.0,0.0,0.63,1.07,0.24,0.29,0.44,4.14,4.35,0.96,0.17,7.71
COLQUEPATA,COLQUEPATA,-13.36313,-71.67336,0.0,4.43,2.98,1.51,-0.01,0.0,2.62,3.14,0.0,0.2,1.3,2.49,0.53,0.03,1.6,4.0,0.08,0.0,1.45,3.16
COMAS,COMAS,-11.74794,-75.13011,0.69,2.33,2.4,5.95,1.26,0.0,1.61,0.8,0.22,0.02,1.44,0.6,0.41,0.44,1.88,12.22,4.59,1.86,5.28,7.06
CONTAMANA,CONTAMANA,-7.35256,-75.00638,0.0,0.0,0.16,0.02,0.01,0.0,0.39,1.28,0.0,4.93,18.78,5.02,10.42,11.46,3.62,1.11,2.53,4.91,4.14,3.11
CONTUMAZA,CONTUMAZA,-7.36521,-78.82273,0.0,0.0,0.0,0.03,0.0,0.0,0.85,0.28,0.0,0.0,1.08,1.33,0.0,0.0,0.6,0.61,0.0,0.0,1.27,0.14
COPARA,COPARA,-14.97501,-74.90749,0.03,0.04,0.02,-0.0,0.01,0.05,0.02,0.0,0.05,0.13,0.02,0.02,0.0,0.02,0.0,0.0,0.0,0.02,0.0,0.0
CORACORA,CORACORA,-15.02861,-73.79611,0.0,0.0,0.01,0.0,0.0,0.0,0.0,0.01,0.0,0.0,0.0,0.0,0.0,0.0,0.0,0.0,0.0,0.0,0.24,0.05
CORDOVA,CORDOVA,-14.04061,-75.18698,0.0,0.0,0.14,0.05,0.0,0.0,0.03,0.01,0.0,0.0,0.0,0.0,0.0,0.0,0.0,0.0,0.0,0.0,0.0,0.0
COSPAN,COSPAN,-7.44524,-78.54106,0.48,0.11,0.59,2.23,0.47,0.0,0.9,1.82,0.05,0.14,1.13,2.98,2.62,0.0,0.72,2.17,1.89,0.72,1.56,2.82
COTAHUASI,COTAHUASI,-15.21111,-72.89325,0.0,0.0,0.04,0.01,0.0,0.0,0.04,0.0,0.0,0.0,0.01,0.0,0.0,0.0,0.0,0.0,0.0,0.0,0.05,0.69
CRUCERO,CRUCERO,-14.3626,-70.0238,0.09,0.11,2.51,2.03,0.01,0.0,1.63,2.84,0.11,0.11,0.12,0.14,0.18,0.02,0.41,0.21,0.0,0.02,0.78,1.08
CRUCERO ALTO,CRUCERO ALTO,-15.781,-70.92793,0.0,0.0,0.0,0.01,0.02,0.01,0.03,0.0,0.0,0.0,0.0,0.0,0.0,0.0,0.0,0.0,0.0,0.0,0.73,0.96
CUEVA BLANCA,CUEVA BLANCA,-6.1313,-79.4045,0.6,0.61,0.27,1.13,0.02,0.0,0.09,0.1,0.16,0.01,0.1,0.95,0.93,1.25,0.09,1.94,0.41,2.11,0.37,1.39
CURAHUASI,CURAHUASI,-13.55253,-72.73487,0.03,0.13,0.95,1.37,1.19,0.13,0.66,0.43,0.0,0.0,0.14,0.12,0.0,0.15,0.41,0.37,0.0,0.0,0.43,1.34
CURPAHUASI,CURPAHUASI,-14.06284,-72.6669,0.02,0.17,0.7,2.75,0.36,0.04,0.55,0.14,0.0,0.0,0.34,0.23,0.0,0.0,0.27,0.63,0.0,0.0,1.69,0.31
CUSICANCHA,CUSICANCHA,-13.48732,-75.305,0.0,0.0,0.07,0.13,-0.01,0.0,0.0,0.02,0.0,0.0,0.01,0.0,0.0,0.0,0.32,0.0,0.0,0.0,0.05,0.0
CUTERVO,CUTERVO,-6.37964,-78.80512,0.0,0.02,0.02,0.23,0.0,0.02,0.43,3.11,0.08,0.06,1.08,7.83,0.67,0.11,1.25,6.84,1.16,0.24,0.98,7.2
CUYO CUYO,CUYO CUYO,-14.47218,-69.55004,0.04,0.0,1.71,4.21,0.02,0.0,3.02,3.49,0.33,0.09,0.98,1.53,0.52,0.0,0.35,0.41,0.0,0.0,1.46,0.64
CUÑUMBUQUE,CUÑUMBUQUE,-6.50825,-76.48075,0.0,0.0,0.61,0.16,0.0,0.0,0.76,3.23,0.0,4.81,1.52,3.89,4.2,3.4,2.9,1.34,4.2,0.95,0.21,1.21
DESAGUADERO,DESAGUADERO,-16.57994,-69.03681,0.01,0.0,0.0,0.03,0.02,0.13,0.11,0.16,0.01,0.03,0.0,0.03,0.0,0.0,0.0,0.0,0.0,0.0,0.0,0.0
DOS DE MAYO,DOS DE MAYO,-9.70043,-76.77374,0.1,0.19,0.5,0.31,0.11,0.71,0.46,0.62,0.37,0.7,0.72,8.36,16.28,0.72,0.27,3.6,1.63,0.58,0.96,6.07
EL ALTO,EL ALTO,-4.27865,-81.21815,0.0,0.0,0.0,0.0,0.0,0.02,0.0,0.0,0.0,0.0,0.0,0.0,0.0,0.0,0.0,0.0,0.12,0.0,0.0,0.0
EL ESTRECHO,EL ESTRECHO,-2.59665,-72.66434,0.09,11.29,1.02,5.26,0.0,0.0,1.17,3.56,0.0,0.05,1.4,1.54,10.8,4.18,3.63,6.2,0.12,0.02,2.15,4.23
EL LIMON,EL LIMON,-5.91778,-79.31722,0.0,0.02,0.19,0.16,-0.01,0.05,1.63,0.72,0.18,0.25,2.02,1.21,1.46,0.14,1.16,0.9,0.79,0.09,0.5,1.3
EL PALTO,EL PALTO,-6.00039,-78.47444,1.18,0.7,1.42,1.95,1.51,1.13,2.81,1.63,1.97,1.95,4.41,4.96,6.06,1.17,2.08,9.77,4.71,1.53,4.67,13.15
EL PORVENIR,EL PORVENIR,-6.58903,-76.31825,0.0,0.0,0.72,1.89,0.01,0.03,0.69,1.79,0.0,0.74,6.77,7.51,3.23,2.12,9.87,9.05,5.94,0.58,7.08,9.87
EL SALTO,EL SALTO,-3.45171,-80.2802,0.08,0.09,0.26,0.0,0.14,0.06,0.0,0.0,0.02,0.07,0.79,0.55,0.47,0.23,0.92,0.08,0.06,0.0,0.0,3.92
EL VIRREY,EL VIRREY,-5.5337,-79.98233,0.0,0.0,0.0,0.01,0.01,0.02,0.0,0.0,0.0,0.0,0.0,0.0,0.0,0.0,0.0,0.0,0.0,0.05,0.02,0.0
FLOR DE PUNGA,FLOR DE PUNGA,-5.38884,-74.32578,0.0,0.0,0.05,2.48,0.01,0.0,0.06,0.24,0.0,0.02,5.0,5.66,4.73,10.7,7.14,2.93,0.27,0.32,1.77,6.27
FONAGRO (CHINCHA),FONAGRO (CHINCHA),-13.47444,-76.13556,0.0,0.02,0.06,-0.0,0.01,0.0,0.01,0.0,0.0,0.02,0.03,0.0,0.0,0.02,0.0,0.0,0.0,0.0,0.0,0.0
FRANCISCO ORELLANA,FRANCISCO ORELLANA,-3.42361,-72.76694,7.4,4.03,5.74,0.03,0.0,0.03,0.49,1.48,0.0,0.0,1.4,2.85,6.35,1.13,6.21,6.45,0.63,0.43,2.06,2.91
GENARO HERRERA,GENARO HERRERA,-4.91003,-73.66944,0.0,0.0,0.22,1.22,0.01,0.0,0.08,0.63,0.0,0.0,4.42,5.2,3.49,10.04,3.11,7.89,0.49,0.2,2.09,2.91
GORGOR,GORGOR,-10.62136,-77.04026,0.0,0.13,1.96,0.86,0.01,0.0,0.02,0.0,0.0,0.0,0.88,0.18,0.0,0.4,0.24,0.0,0.0,0.0,0.38,0.02
GRANJA KAYRA,GRANJA KAYRA,-13.55675,-71.87517,0.75,0.57,2.33,0.36,0.09,0.17,1.02,1.53,0.0,0.0,0.52,0.18,0.0,0.0,0.85,1.66,0.0,0.0,0.29,1.05
GRANJA PORCON,GRANJA PORCON,-7.03753,-78.63339,0.21,0.0,0.08,0.86,0.02,0.0,0.9,5.16,0.04,0.0,4.61,4.99,0.03,0.0,4.38,4.73,0.02,0.05,7.45,5.36
GRANJA SAN ANTONIO,GRANJA SAN ANTONIO,-13.60492,-72.85693,0.03,0.13,0.95,1.37,1.19,0.13,0.66,0.43,0.0,0.0,0.14,0.12,0.0,0.15,0.41,0.37,0.0,0.0,0.43,1.34
HACIENDA BERNALES,HACIENDA BERNALES,-13.7578,-75.96641,0.0,0.0,0.0,0.0,0.0,0.0,0.0,0.0,0.0,0.0,0.0,0.0,0.0,0.0,0.0,0.0,0.0,0.0,0.0,0.0
HACIENDA BIGOTE,HACIENDA BIGOTE,-5.33757,-79.7857,0.0,0.05,0.02,0.14,0.0,0.02,0.04,0.11,0.0,0.01,0.01,0.21,0.0,0.0,0.0,0.43,0.0,0.03,0.06,0.26
HACIENDA PUCARA,HACIENDA PUCARA,-6.0419,-79.1342,0.0,0.02,0.19,0.16,-0.01,0.05,1.63,0.72,0.18,0.25,2.02,1.21,1.46,0.14,1.16,0.9,0.79,0.09,0.5,1.3
HUAC-HUAS,HUAC-HUAS,-14.13236,-74.94104,0.0,0.0,0.0,0.0,0.0,0.0,0.0,0.0,0.0,0.0,0.0,0.0,0.0,0.0,0.0,0.0,0.0,0.0,0.0,0.0
HUACHOS,HUACHOS,-13.2206,-75.53348,0.0,0.0,0.03,0.0,0.0,0.0,0.0,0.0,0.0,0.0,0.0,0.0,0.0,0.0,0.03,0.0,0.0,0.0,0.02,0.0
HUAMACHUCO,HUAMACHUCO,-7.81916,-78.0568,0.11,0.02,0.34,0.22,0.03,0.0,0.68,3.12,0.29,0.02,0.71,6.01,1.59,0.05,0.87,7.72,0.12,0.41,0.67,6.64
HUAMANI,HUAMANI,-13.843,-75.59037,0.0,0.0,0.0,0.0,0.0,0.0,0.01,0.0,0.0,0.0,-0.01,0.0,0.0,0.0,0.0,0.0,0.0,0.0,0.0,0.0
HUAMANTANGA,HUAMANTANGA,-11.50247,-76.74675,0.0,0.0,0.01,0.02,-0.01,0.0,0.0,0.02,0.0,0.0,0.01,0.0,0.0,0.0,0.06,0.02,0.0,0.0,0.0,0.0
HUAMBO,HUAMBO,-15.74867,-72.10693,0.0,0.0,0.3,0.26,0.0,0.0,0.0,0.52,0.0,0.0,0.01,0.0,0.0,0.0,0.0,0.03,0.0,0.0,0.46,0.02
HUAMBOS,HUAMBOS,-6.45368,-78.96315,0.0,0.0,0.01,0.01,0.0,0.0,0.95,3.52,0.0,0.04,0.5,6.45,0.75,0.05,1.24,8.71,0.75,0.05,1.39,2.52
HUANCA,HUANCA,-16.01791,-71.88108,0.0,0.0,0.0,0.05,0.0,0.0,0.0,0.11,0.0,0.0,-0.01,0.0,0.0,0.0,0.0,0.0,0.0,0.0,0.0,0.0
HUANCABAMBA,HUANCABAMBA,-5.24681,-79.45399,0.0,0.0,0.0,0.02,0.0,0.08,0.66,0.1,0.02,0.04,0.59,0.34,0.11,0.05,0.37,0.73,0.05,0.03,0.69,1.46
HUANCALPI,HUANCALPI,-12.58031,-75.24178,0.34,0.0,1.26,2.99,0.05,0.0,0.44,0.18,0.0,0.0,0.01,0.18,0.11,0.06,0.7,4.0,2.69,0.47,0.52,6.09
HUANCANO,HUANCANO,-13.61784,-75.67102,0.0,0.0,0.0,0.0,0.0,0.0,0.0,0.0,0.0,0.0,0.0,0.0,0.0,0.0,0.0,0.0,0.0,0.0,0.0,0.0
HUANCAPI,HUANCAPI,-13.749,-74.06811,0.11,0.0,0.37,3.44,0.21,0.02,0.42,0.6,0.0,0.0,0.1,0.15,0.0,0.17,0.63,0.99,0.09,0.15,1.1,8.99
HUANCASANCOS,HUANCASANCOS,-13.93194,-74.33889,0.0,0.0,0.83,0.83,0.0,0.0,0.14,0.2,0.0,0.0,0.0,0.0,0.0,0.0,0.21,0.02,0.0,0.0,0.29,8.41
HUANCATA,HUANCATA,-12.18618,-76.24066,0.0,0.0,0.29,0.26,0.0,0.0,0.16,0.11,0.0,0.0,0.0,0.0,0.0,0.0,0.03,0.0,0.0,0.0,0.0,0.0
HUANCAVELICA,HUANCAVELICA,-12.77154,-75.01241,0.03,0.0,1.22,1.1,0.08,0.0,0.8,0.57,0.0,0.0,0.11,0.31,0.05,0.0,0.7,8.9,1.71,0.23,0.64,6.45
HUANGACOCHA,HUANGACOCHA,-7.93754,-78.06807,0.1,0.0,0.01,0.18,0.01,0.0,0.92,0.62,0.0,0.02,1.72,0.82,0.06,0.0,1.79,2.85,0.03,0.0,3.62,3.86
HUANGASCAR,HUANGASCAR,-12.89858,-75.83365,0.0,0.0,0.01,0.01,0.01,0.0,0.0,0.0,0.0,0.0,0.01,0.0,0.0,0.0,0.02,0.0,0.0,0.0,0.0,0.0
HUANTA,HUANTA,-12.91133,-74.28324,0.18,1.08,0.42,2.49,1.21,0.03,0.47,0.17,0.0,0.0,0.17,0.03,0.02,0.23,0.2,1.17,0.11,0.03,0.9,3.86
HUANUCO,HUANUCO,-9.96556,-76.23694,0.01,0.08,0.13,0.7,0.86,0.67,1.07,1.08,0.68,0.14,0.19,1.45,2.17,0.15,0.63,0.81,2.08,1.21,1.11,1.33
HUARAYA MOHO,HUARAYA MOHO,-15.3881,-69.48419,0.0,0.0,0.0,0.08,1.94,0.44,0.0,0.11,0.05,0.0,0.0,0.0,0.0,0.0,0.0,0.0,0.0,0.02,0.0,0.21
HUARMACA,HUARMACA,-5.56479,-79.51975,0.0,0.0,0.0,0.4,0.02,0.0,0.11,0.1,0.01,0.02,0.18,0.35,0.02,0.02,0.12,0.69,0.0,0.0,0.6,1.74
HUARMEY,HUARMEY,-10.06812,-78.16232,0.01,0.0,0.0,0.0,0.0,0.0,0.0,0.0,0.01,0.0,0.01,0.0,0.0,0.0,0.0,0.0,0.0,0.0,0.0,0.0
HUAROS,HUAROS,-11.40743,-76.5758,0.01,0.0,1.7,0.49,-0.01,0.0,0.39,0.09,0.0,0.0,0.34,0.78,0.0,0.03,2.11,0.26,0.0,0.0,1.1,0.2
HUASACACHE,HUASACACHE,-16.45774,-71.56635,0.0,0.0,0.0,0.0,0.0,0.0,0.0,0.0,0.0,0.0,0.0,0.0,0.0,0.0,0.0,0.0,0.0,0.0,0.0,0.0
HUASAHUASI,HUASAHUASI,-11.26769,-75.63911,0.2,0.58,4.06,7.95,0.12,0.0,1.17,3.63,0.11,0.0,1.47,0.78,3.42,1.51,3.07,7.26,12.37,0.4,3.22,6.1
HUAYAN,HUAYAN,-11.45281,-77.12201,0.0,0.01,0.01,0.0,0.0,0.0,0.0,0.0,0.0,0.0,0.0,0.0,0.0,0.0,0.0,0.0,0.0,0.0,0.0,0.0
HUAYAO,HUAYAO,-12.04019,-75.3205,1.13,0.05,0.26,3.52,0.17,0.03,0.01,0.0,0.0,0.0,0.14,0.0,2.49,0.02,0.37,2.01,1.69,1.02,0.93,6.71
HUAÑEC,HUAÑEC,-12.29359,-76.13902,0.0,0.0,0.29,0.26,0.0,0.0,0.16,0.11,0.0,0.0,0.0,0.0,0.0,0.0,0.03,0.0,0.0,0.0,0.0,0.0
ICHUÑA,ICHUÑA,-16.14109,-70.5427,0.0,0.0,0.0,0.0,0.0,0.0,0.0,0.02,0.0,0.0,0.0,0.0,0.0,0.0,0.0,0.0,0.0,0.0,0.0,0.02
ILABAYA,ILABAYA,-17.40639,-70.525,0.01,0.0,0.0,0.0,0.0,0.0,0.0,0.0,0.0,0.0,0.0,0.0,0.0,0.0,0.0,0.0,0.0,0.0,0.0,0.0
ILAVE,ILAVE,-16.05994,-69.64039,0.0,0.0,0.37,1.56,0.03,0.15,0.27,0.34,0.0,0.0,0.14,0.0,0.0,0.0,0.06,0.03,0.0,0.0,0.0,0.05
ILO,ILO,-17.62381,-71.27189,0.38,0.0,0.0,0.02,0.02,0.05,0.07,0.02,0.02,0.05,0.0,0.0,0.02,0.0,0.0,0.0,0.0,0.0,0.0,0.0
IMATA,IMATA,-15.84266,-71.09062,0.0,0.0,0.0,0.01,0.02,0.01,0.03,0.0,0.0,0.0,0.0,0.0,0.0,0.0,0.0,0.0,0.0,0.0,0.73,0.96
INCAHUASI,INCAHUASI,-6.23389,-79.33472,0.01,0.0,0.01,0.06,0.0,0.02,0.41,0.21,0.25,0.21,0.82,2.23,0.52,0.09,0.58,4.38,0.9,0.09,2.01,1.56
INGENIO,INGENIO,-11.87522,-75.29664,1.13,0.05,0.26,3.52,0.17,0.03,0.01,0.0,0.0,0.0,0.14,0.0,2.49,0.02,0.37,2.01,1.69,1.02,0.93,6.71
ISLA SOTO,ISLA SOTO,-15.56219,-69.48897,0.0,0.0,0.0,0.08,1.94,0.44,0.0,0.11,0.05,0.0,0.0,0.0,0.0,0.0,0.0,0.0,0.0,0.02,0.0,0.21
ISLA SUANA,ISLA SUANA,-16.34658,-68.85033,0.02,0.0,0.0,0.0,0.4,0.17,0.01,0.0,0.34,0.02,0.02,0.0,0.0,0.0,0.0,0.0,0.0,0.0,0.0,0.0
ISLA TAQUILE,ISLA TAQUILE,-15.77019,-69.69106,0.14,0.0,0.01,0.18,1.85,0.32,0.23,0.11,0.02,0.0,-0.01,0.0,0.0,0.0,0.0,0.0,0.0,0.0,0.0,0.03
ITE,ITE,-17.86008,-70.95169,0.42,0.08,0.01,0.11,0.13,0.07,0.02,0.1,0.02,0.01,-0.01,0.0,0.0,0.0,0.0,0.0,0.0,0.0,0.0,0.0
IÑAPARI,IÑAPARI,-10.95589,-69.578,0.0,0.0,0.05,0.09,-0.01,0.0,1.54,0.72,0.08,8.02,4.72,0.38,0.0,0.08,0.0,0.0,0.0,0.0,0.02,0.03
JACAS CHICO,JACAS CHICO,-9.88474,-76.50094,0.01,0.01,1.39,1.33,0.05,0.08,1.43,2.08,0.01,0.02,0.65,2.64,2.99,0.2,0.79,3.49,3.88,0.08,1.24,6.32
JAEN,JAEN,-5.67664,-78.77416,0.0,0.0,0.01,0.01,0.0,0.02,0.15,0.1,0.02,0.1,0.58,0.32,0.32,3.66,0.82,1.08,1.28,0.87,0.31,0.12
JAMALCA,JAMALCA,-5.89269,-78.23394,0.0,0.0,0.0,0.01,0.0,0.0,0.56,0.62,0.04,0.03,1.4,0.56,0.55,0.06,1.13,0.92,0.37,0.05,1.28,1.14
JAUJA,JAUJA,-11.74793,-75.13013,0.69,2.33,2.4,5.95,1.26,0.0,1.61,0.8,0.22,0.02,1.44,0.6,0.41,0.44,1.88,12.22,4.59,1.86,5.28,7.06
JAYANCA,JAYANCA,-6.33159,-79.76869,0.01,0.09,0.0,0.0,0.0,0.0,0.0,0.0,0.01,0.0,0.0,0.0,0.0,0.0,0.0,0.0,0.02,0.0,0.0,0.0
JAZAN,JAZAN,-5.94484,-77.9825,0.0,0.0,0.16,0.3,0.0,0.02,1.01,1.12,0.29,0.02,6.79,2.17,0.4,0.17,2.82,6.47,0.66,0.32,8.53,5.28
JEPELACIO,JEPELACIO,-6.11275,-76.90761,0.0,0.0,0.27,0.2,0.0,0.01,2.46,0.98,1.72,1.01,4.61,2.87,2.85,1.34,2.55,2.35,8.88,0.29,3.81,6.15
JESUS,JESUS,-7.2457,-78.38841,0.0,0.0,0.09,0.15,0.01,0.0,0.25,1.24,0.0,0.0,0.44,2.08,0.0,0.0,0.29,1.66,0.0,0.02,0.43,0.56
JORGE BASADRE,JORGE BASADRE,-18.0269,-70.2509,0.11,0.0,0.0,0.05,0.05,0.03,0.0,0.02,0.02,0.0,0.0,0.0,0.0,0.0,0.0,0.0,0.0,0.0,0.0,0.0
JOSE OLAYA,JOSE OLAYA,-7.40711,-76.41389,0.0,0.0,0.06,0.05,0.0,0.36,0.23,0.05,0.88,0.37,1.59,1.45,5.74,1.4,6.5,4.12,4.43,0.5,0.32,8.09
JULCAN,JULCAN,-8.05895,-78.48607,0.01,0.0,0.28,1.08,0.02,0.0,1.04,1.53,0.0,0.0,2.04,2.37,0.0,0.0,1.33,0.81,0.0,0.0,1.25,1.1
JULIACA,JULIACA,-15.44415,-70.20778,0.0,0.0,0.34,0.61,0.01,0.0,0.37,0.18,0.0,0.0,0.0,0.0,0.0,0.0,0.09,0.0,0.0,0.0,0.05,0.82
JUNIN,JUNIN,-11.13528,-75.99972,0.17,0.2,1.69,6.47,0.17,0.0,0.26,0.89,0.06,0.01,2.84,1.86,0.92,0.27,1.08,9.08,0.11,0.03,1.89,8.32
LA CASCARILLA,LA CASCARILLA,-5.67778,-78.89778,0.04,0.08,1.07,0.02,0.14,0.4,5.1,1.14,0.62,1.08,4.62,1.83,3.33,1.48,5.45,3.85,3.68,0.92,1.83,1.69
LA CRUZ,LA CRUZ,-3.62829,-80.5526,0.55,0.08,0.15,0.01,0.11,0.5,0.0,0.0,0.0,0.0,0.01,0.0,0.0,0.06,0.5,0.11,0.09,0.0,0.0,0.11
LA ENCAÑADA,LA ENCAÑADA,-7.12327,-78.33314,0.0,0.0,0.0,0.0,0.0,0.0,0.36,0.6,0.02,0.0,1.08,6.15,0.46,0.0,0.47,5.08,2.03,0.0,1.08,3.36
LA ESPERANZA,LA ESPERANZA,-4.92114,-81.07636,0.0,0.0,0.0,0.0,-0.01,0.01,0.0,0.0,0.0,0.0,0.01,0.0,0.0,0.0,0.0,0.0,0.0,0.0,0.0,0.0
LA HACIENDITA,LA HACIENDITA,-16.99861,-71.60083,0.15,0.09,0.05,0.08,0.22,0.18,0.02,0.02,0.07,0.06,0.0,0.0,0.03,0.08,0.02,0.0,0.0,0.0,0.0,0.0
LA JOYA,LA JOYA,-16.58359,-71.92464,0.0,0.03,0.0,0.0,0.01,0.09,0.0,0.0,0.0,0.0,-0.01,0.0,0.0,0.0,0.0,0.0,0.0,0.0,0.0,0.0
LA OROYA,LA OROYA,-11.57178,-75.95761,0.21,0.4,1.52,7.25,0.05,0.0,0.06,0.79,0.0,0.01,0.33,0.85,1.66,1.17,0.87,12.76,1.88,0.05,1.91,5.42
LA PAMPILLA,LA PAMPILLA,-16.41379,-71.53453,0.0,0.0,0.0,0.0,0.0,0.0,0.0,0.0,0.0,0.0,0.0,0.0,0.0,0.0,0.0,0.0,0.0,0.0,0.0,0.0
LA QUINUA,LA QUINUA,-13.03881,-74.14158,0.18,1.08,0.42,2.49,1.21,0.03,0.47,0.17,0.0,0.0,0.17,0.03,0.02,0.23,0.2,1.17,0.11,0.03,0.9,3.86
LA VICTORIA,LA VICTORIA,-7.19119,-78.45947,0.0,0.0,0.09,0.15,0.01,0.0,0.25,1.24,0.0,0.0,0.44,2.08,0.0,0.0,0.29,1.66,0.0,0.02,0.43,0.56
LA YARADA,LA YARADA,-18.21065,-70.52593,0.0,0.0,0.0,0.0,0.0,0.02,0.0,0.04,0.0,0.0,0.01,0.0,0.0,0.08,0.02,0.0,0.06,0.02,0.0,0.02
LACHAQUI,LACHAQUI,-11.554,-76.62706,0.0,0.0,0.01,0.02,-0.01,0.0,0.0,0.02,0.0,0.0,0.01,0.0,0.0,0.0,0.06,0.02,0.0,0.0,0.0,0.0
LAGUNAS,LAGUNAS,-5.21937,-75.7161,0.0,0.0,0.12,0.7,0.01,0.06,0.81,1.11,0.0,4.38,11.28,6.97,2.67,6.56,6.88,1.42,3.19,0.34,4.81,2.61
LAIVE,LAIVE,-12.25228,-75.36053,0.05,0.01,0.34,1.58,0.07,0.0,0.18,0.11,0.0,0.0,0.11,0.12,0.29,0.12,0.5,8.76,5.72,0.44,0.14,5.28
LAMAS,LAMAS,-6.41875,-76.52794,0.0,0.0,0.61,0.16,0.0,0.0,0.76,3.23,0.0,4.81,1.52,3.89,4.2,3.4,2.9,1.34,4.2,0.95,0.21,1.21
LAMBAYEQUE,LAMBAYEQUE,-6.73438,-79.9265,0.05,0.01,0.0,0.0,-0.01,0.02,0.0,0.01,0.02,0.15,-0.01,0.0,0.0,0.0,0.0,0.0,0.0,0.02,0.0,0.0
LAMPA,LAMPA,-15.36108,-70.37417,0.0,0.0,0.13,0.16,0.7,0.24,0.61,0.1,0.0,0.0,0.0,0.0,0.0,0.0,0.03,0.0,0.0,0.0,0.32,3.75
LANCONES,LANCONES,-4.64288,-80.54718,0.0,0.0,0.0,0.0,0.01,0.0,0.0,0.0,0.0,0.0,0.01,0.0,0.08,0.0,0.0,0.0,0.03,0.0,0.0,0.0
LARAQUERI,LARAQUERI,-16.136,-70.04589,0.0,0.0,0.0,-0.0,0.01,0.0,0.39,0.0,0.0,0.0,0.0,0.0,0.0,0.0,0.0,0.0,0.0,0.0,0.0,1.07
LAS SALINAS,LAS SALINAS,-16.32064,-71.15212,0.0,0.0,0.0,0.0,0.0,0.0,0.01,0.02,0.0,0.0,0.01,0.0,0.0,0.0,0.0,0.0,0.0,0.0,0.0,0.0
LETRAYOC,LETRAYOC,-13.65773,-75.74496,0.0,0.0,0.0,0.0,0.0,0.0,0.0,0.0,0.0,0.0,0.0,0.0,0.0,0.0,0.0,0.0,0.0,0.0,0.0,0.0
LIMBANI,LIMBANI,-14.13969,-69.68702,0.08,0.24,2.22,4.91,0.0,0.0,2.65,3.39,0.06,0.03,1.08,3.28,1.05,0.0,1.16,0.44,0.0,0.0,1.69,0.98
LIRCAY,LIRCAY,-12.98146,-74.71809,0.09,0.0,1.32,3.97,0.19,0.0,0.33,0.95,0.0,0.0,0.25,0.7,0.0,0.02,0.49,4.88,0.05,0.06,0.72,12.16
LIVES,LIVES,-7.09686,-79.04045,0.43,0.0,1.87,1.51,0.15,0.02,1.22,3.31,0.27,0.14,2.71,13.99,0.24,0.0,6.82,9.89,0.52,0.2,5.74,15.67
LLALLY,LLALLY,-14.95286,-70.88053,0.02,0.0,0.18,0.71,2.94,0.02,0.08,0.05,0.0,0.0,0.08,0.05,0.0,0.0,0.0,0.0,0.0,0.0,1.01,1.31
LLAMA,LLAMA,-6.51443,-79.12262,0.0,0.0,0.01,0.01,0.0,0.0,0.95,3.52,0.0,0.04,0.5,6.45,0.75,0.05,1.24,8.71,0.75,0.05,1.39,2.52
LLAPA,LLAPA,-6.995,-78.81119,0.21,0.0,0.08,0.86,0.02,0.0,0.9,5.16,0.04,0.0,4.61,4.99,0.03,0.0,4.38,4.73,0.02,0.05,7.45,5.36
LOMAS,LOMAS,-15.57119,-74.8503,1.32,1.09,1.99,1.51,1.51,0.63,0.31,1.06,0.2,0.09,0.41,0.31,0.06,0.02,0.23,0.06,0.03,0.03,0.0,0.0
LOMAS DE LACHAY,LOMAS DE LACHAY,-11.37681,-77.36839,0.42,0.21,0.87,0.01,0.07,0.1,0.0,0.0,0.06,0.14,0.02,0.0,0.06,0.12,0.02,0.0,0.0,0.08,0.0,0.0
LOS UROS,LOS UROS,-15.82039,-69.97414,0.0,0.0,0.27,0.2,0.03,0.02,0.5,0.17,0.0,0.0,0.01,0.0,0.0,0.0,0.0,0.09,0.0,0.0,0.15,0.85
LUCANAS,LUCANAS,-14.62039,-74.24944,0.0,0.0,0.02,-0.0,0.01,0.0,0.01,0.0,0.0,0.0,0.0,0.0,0.0,0.0,0.02,0.03,0.0,0.0,0.55,0.78
MACHAHUAY,MACHAHUAY,-15.65322,-72.50322,0.0,0.0,0.0,0.0,0.0,0.0,0.0,0.0,0.0,0.0,0.0,0.0,0.0,0.0,0.0,0.0,0.0,0.0,0.0,0.0
MACHU PICCHU,MACHU PICCHU,-13.16655,-72.54585,0.43,2.14,3.46,0.62,0.0,0.05,0.29,0.4,0.02,0.0,0.14,0.37,0.85,0.49,0.34,0.49,0.08,0.05,1.36,1.27
MACUSANI,MACUSANI,-14.06675,-70.42206,0.16,0.31,2.82,1.56,0.0,0.0,0.72,1.63,0.0,0.01,0.76,0.27,0.17,0.02,0.24,0.32,0.05,0.0,0.4,0.23
MADRIGAL,MADRIGAL,-15.61658,-71.81167,0.0,0.0,0.56,0.18,0.0,0.0,0.4,0.03,0.0,0.0,0.0,0.0,0.0,0.0,0.0,0.0,0.0,0.0,1.68,1.79
MAGDALENA,MAGDALENA,-7.25346,-78.65261,0.0,0.0,0.0,0.03,0.0,0.0,0.85,0.28,0.0,0.0,1.08,1.33,0.0,0.0,0.6,0.61,0.0,0.0,1.27,0.14
MALACASI,MALACASI,-5.33978,-79.85794,0.0,0.05,0.02,0.14,0.0,0.02,0.04,0.11,0.0,0.01,0.01,0.21,0.0,0.0,0.0,0.43,0.0,0.03,0.06,0.26
MALLARES,MALLARES,-4.85574,-80.73556,0.0,0.02,0.0,0.0,0.01,0.02,0.0,0.0,0.0,0.01,0.01,0.0,0.09,0.0,0.02,0.0,0.0,0.0,0.0,0.0
MALVAS,MALVAS,-9.92723,-77.65519,0.0,0.0,0.12,0.01,0.01,0.0,0.0,0.0,0.0,0.0,0.0,0.0,0.0,0.0,0.0,0.0,0.0,0.0,0.0,0.02
MANITI,MANITI,-3.53697,-72.8742,7.4,4.03,5.74,0.03,0.0,0.03,0.49,1.48,0.0,0.0,1.4,2.85,6.35,1.13,6.21,6.45,0.63,0.43,2.06,2.91
MATAPALO,MATAPALO,-3.68277,-80.19857,2.94,0.37,0.02,0.2,1.5,0.47,0.0,0.13,0.01,0.02,0.03,1.51,0.12,0.41,0.31,0.17,0.5,0.24,0.0,0.9
MATUCANA,MATUCANA,-11.83913,-76.37828,0.18,0.03,0.92,0.84,-0.01,0.0,0.3,0.52,0.0,0.0,0.19,0.02,0.0,0.0,0.6,0.06,0.0,0.0,0.53,0.09
MAYORARCA,MAYORARCA,-10.17442,-77.34889,0.27,0.0,1.02,3.51,0.0,0.0,1.14,1.75,0.0,0.0,2.09,1.65,0.0,0.12,1.71,1.36,0.0,0.0,0.72,1.02
MAZAN,MAZAN,-3.48817,-73.08183,2.4,3.31,6.43,0.02,0.0,0.02,0.42,1.51,0.02,0.0,0.44,1.69,11.37,0.82,5.55,8.44,0.44,0.52,1.39,6.23
MAZO CRUZ,MAZO CRUZ,-16.73889,-69.71544,0.0,0.0,0.0,0.0,0.0,0.0,0.01,0.04,0.0,0.0,0.0,0.0,0.0,0.0,0.0,0.0,0.0,0.0,0.0,0.0
MAÑAZO,MAÑAZO,-15.79944,-70.3395,0.0,0.0,0.11,0.0,0.0,0.0,0.16,0.15,0.0,0.0,0.0,0.0,0.0,0.0,0.0,0.0,0.0,0.0,0.0,0.63
MOLLEPATA,MOLLEPATA,-8.19137,-77.95397,0.0,0.0,0.1,0.03,0.01,0.0,0.09,0.1,0.0,0.07,0.31,0.09,0.0,0.0,0.24,0.05,0.0,0.0,0.11,0.0
MONTEGRANDE,MONTEGRANDE,-7.22499,-79.15323,0.0,0.05,0.02,0.0,0.0,0.0,0.0,0.0,0.0,0.02,0.01,0.0,0.0,0.0,0.0,0.0,0.0,0.0,0.0,0.0
MOQUEGUA,MOQUEGUA,-17.17875,-70.93269,0.04,0.11,0.0,0.0,0.03,0.02,0.03,0.0,0.0,0.05,-0.01,0.0,0.0,0.0,0.0,0.0,0.0,0.0,0.0,0.0
MORALILLO,MORALILLO,-3.89972,-73.33806,0.0,0.04,4.6,0.58,-0.01,0.0,0.47,0.84,0.0,0.0,0.78,8.15,11.51,1.3,5.65,7.75,0.43,1.1,6.3,2.87
MORROPON,MORROPON,-5.19464,-79.98774,0.0,0.01,0.01,0.0,0.02,0.01,0.0,0.0,0.0,0.0,0.0,0.0,0.0,0.0,0.0,0.0,0.0,0.0,0.0,0.0
MOYOBAMBA,MOYOBAMBA,-6.04481,-76.96822,0.0,0.0,0.27,0.2,0.0,0.01,2.46,0.98,1.72,1.01,4.61,2.87,2.85,1.34,2.55,2.35,8.88,0.29,3.81,6.15
MUÑANI,MUÑANI,-14.77944,-69.96583,0.46,0.01,1.57,3.01,1.46,0.02,0.27,0.82,0.0,0.0,0.05,0.0,0.0,0.0,0.0,0.0,0.0,0.0,1.01,1.51
NAMBALLE,NAMBALLE,-4.99953,-79.08862,0.16,0.43,0.66,1.3,1.23,2.25,3.56,1.45,0.33,1.05,2.19,1.19,1.33,2.93,3.51,2.46,2.75,1.75,5.91,2.78
NAMORA,NAMORA,-7.2006,-78.32782,0.0,0.01,0.13,0.01,0.0,0.0,0.72,0.43,0.0,0.0,1.03,3.4,0.06,0.0,0.61,4.03,0.35,0.18,0.61,11.98
NARANJILLO,NARANJILLO,-5.80964,-77.39264,0.0,0.0,1.31,0.97,0.04,0.0,0.99,1.29,8.55,0.9,0.31,2.93,2.93,0.61,0.05,4.68,5.95,0.63,0.2,3.97
NAUTA,NAUTA,-4.51944,-73.60028,0.0,0.0,0.29,0.01,0.0,0.0,0.27,0.48,0.0,0.0,2.26,4.36,6.01,5.84,3.75,8.39,1.62,0.21,8.64,1.74
NIEPOS,NIEPOS,-6.92511,-79.12902,0.09,0.07,0.04,0.0,0.0,0.0,0.0,0.0,0.0,0.0,0.04,0.0,0.0,0.0,0.02,0.0,0.03,0.0,0.0,0.0
OBRAJILLO,OBRAJILLO,-11.4525,-76.62194,0.01,0.0,1.7,0.49,-0.01,0.0,0.39,0.09,0.0,0.0,0.34,0.78,0.0,0.03,2.11,0.26,0.0,0.0,1.1,0.2
OCROS,OCROS,-10.40457,-77.40025,0.0,0.0,0.0,0.0,0.0,0.0,0.0,0.0,0.0,0.0,0.0,0.0,0.0,0.0,0.0,0.0,0.0,0.0,0.0,0.0
OCUCAJE,OCUCAJE,-14.37844,-75.68208,0.0,0.02,0.0,0.0,0.01,0.01,0.0,0.0,0.0,0.01,0.0,0.0,0.0,0.0,0.0,0.0,0.0,0.0,0.0,0.0
OMATE,OMATE,-16.67531,-70.97925,0.0,0.0,0.0,0.0,0.0,0.0,0.0,0.0,0.0,0.0,0.0,0.0,0.0,0.0,0.0,0.0,0.0,0.0,0.0,0.0
ORCOPAMPA,ORCOPAMPA,-15.26387,-72.34096,0.0,0.0,0.0,0.32,0.0,0.0,0.0,0.04,0.0,0.0,0.0,0.0,0.0,0.0,0.0,0.0,0.0,0.0,0.24,0.63
OXAPAMPA,OXAPAMPA,-10.56424,-75.41845,0.0,0.08,1.16,2.74,0.29,0.81,1.27,1.16,0.89,0.12,5.67,0.72,3.08,0.0,2.55,1.16,0.4,0.72,6.06,4.97
OYON,OYON,-10.66769,-76.7687,0.07,0.51,1.37,2.33,0.01,0.0,0.39,0.84,0.0,0.0,1.53,0.24,0.15,0.15,0.58,0.17,0.0,0.0,1.01,0.61
OYOTUN,OYOTUN,-6.86394,-79.32062,0.01,0.51,0.05,0.0,-0.01,0.0,0.03,0.03,0.01,0.02,0.13,0.52,0.03,0.02,0.05,0.38,0.18,0.0,0.11,0.12
PACARAN,PACARAN,-12.85023,-76.05793,0.0,0.0,0.01,0.03,0.0,0.11,0.03,0.03,0.0,0.0,0.0,0.0,0.0,0.0,0.0,0.0,0.0,0.0,0.0,0.0
PACAYZAPA,PACAYZAPA,-6.2818,-76.76171,0.0,0.0,1.14,1.27,0.02,0.0,2.63,1.91,0.11,0.11,1.79,2.04,0.99,3.72,1.45,1.13,3.19,0.37,0.7,6.41
PACHAMACHAY,PACHAMACHAY,-11.06525,-76.9141,0.0,0.0,0.0,0.0,0.0,0.0,0.0,0.0,0.0,0.0,0.0,0.0,0.0,0.0,0.0,0.0,0.0,0.0,0.0,0.0
PACHIZA,PACHIZA,-7.29322,-76.77092,0.0,0.0,0.03,0.05,0.03,1.67,0.02,0.41,3.85,0.31,0.42,3.57,16.14,4.82,0.06,4.44,10.44,1.04,0.11,9.41
PALCA,PALCA,-17.77794,-69.95864,0.0,0.0,0.0,0.0,0.0,0.0,0.01,0.01,0.0,0.0,0.0,0.0,0.0,0.0,0.0,0.0,0.0,0.0,0.0,0.0
PALPA,PALPA,-14.54939,-75.18926,0.0,0.0,0.01,0.0,0.0,0.01,0.02,0.0,0.0,0.0,0.0,0.0,0.0,0.02,0.0,0.0,0.0,0.0,0.0,0.0
PAMPA BLANCA,PAMPA BLANCA,-14.23731,-75.10398,0.0,0.0,0.0,0.0,0.0,0.0,0.0,0.0,0.0,0.0,0.0,0.0,0.0,0.0,0.0,0.0,0.0,0.0,0.0,0.0
PAMPA DE ARRIEROS,PAMPA DE ARRIEROS,-16.06645,-71.59138,0.0,0.0,0.0,0.0,0.0,0.0,0.04,0.05,0.0,0.0,-0.01,0.0,0.0,0.0,0.0,0.0,0.0,0.0,0.0,0.0
PAMPA DE MAJES,PAMPA DE MAJES,-16.319,-72.20248,0.0,0.0,0.0,0.0,0.0,0.02,0.01,0.0,0.0,0.0,-0.01,0.0,0.0,0.0,0.0,0.0,0.0,0.0,0.0,0.0
PAMPACOLCA,PAMPACOLCA,-15.71672,-72.56829,0.0,0.0,0.0,0.0,0.0,0.0,0.0,0.0,0.0,0.0,0.0,0.0,0.0,0.0,0.0,0.0,0.0,0.0,0.0,0.0
PAMPAHUTA,PAMPAHUTA,-15.48369,-70.67599,0.0,0.0,0.03,0.16,0.14,0.0,0.33,0.24,0.0,0.0,0.0,0.0,0.0,0.0,0.0,0.0,0.0,0.0,0.15,1.1
PAMPAS,PAMPAS,-12.40203,-74.88414,0.45,0.0,0.7,4.14,0.24,0.01,0.34,0.45,0.0,0.0,0.24,0.29,0.09,0.05,0.69,6.5,2.94,0.03,0.32,6.26
PANANGA,PANANGA,-4.51556,-80.73944,0.0,0.05,0.23,3.36,0.21,0.15,0.06,0.0,0.0,0.06,0.02,0.0,0.0,0.0,0.0,0.5,0.15,0.02,0.02,0.29
PAPAYAL,PAPAYAL,-3.56732,-80.2499,0.08,0.09,0.26,0.0,0.14,0.06,0.0,0.0,0.02,0.07,0.79,0.55,0.47,0.23,0.92,0.08,0.06,0.0,0.0,3.92
PARIACANCHA,PARIACANCHA,-11.39364,-76.50294,0.01,0.0,1.7,0.49,-0.01,0.0,0.39,0.09,0.0,0.0,0.34,0.78,0.0,0.03,2.11,0.26,0.0,0.0,1.1,0.2
PARIACOTO,PARIACOTO,-9.55239,-77.88761,0.0,0.02,0.0,0.0,0.01,0.0,0.0,0.0,0.0,0.0,0.0,0.0,0.0,0.0,0.0,0.0,0.0,0.0,0.0,0.0
PARQUIN,PARQUIN,-10.96665,-76.71983,0.42,0.2,0.73,2.32,0.02,0.0,0.2,0.64,0.0,0.0,0.43,0.76,0.0,0.0,2.81,1.22,0.0,0.0,0.4,0.41
PARTIDOR,PARTIDOR,-4.64864,-80.26316,0.0,0.01,0.0,-0.0,0.01,0.02,0.0,0.0,0.0,0.0,0.0,0.0,0.06,0.0,0.0,0.14,0.03,0.05,0.0,0.26
PARURO,PARURO,-13.76697,-71.84469,0.24,1.24,2.04,1.35,0.3,0.3,1.04,1.47,0.0,0.0,0.54,0.05,0.02,0.02,0.87,0.29,0.0,0.0,0.31,1.27
PASABAR,PASABAR,-5.83722,-79.81908,0.0,0.01,0.01,0.24,0.0,0.0,0.02,0.0,0.0,0.0,0.03,0.09,0.29,0.0,0.02,0.05,0.05,0.0,0.02,0.46
PAUCARAY,PAUCARAY,-14.06056,-73.63862,0.17,0.09,0.78,0.9,0.18,0.14,1.24,0.4,0.0,0.0,0.03,0.26,0.0,0.0,0.2,0.03,0.35,0.23,0.24,1.86
PAUCARBAMBA,PAUCARBAMBA,-12.55572,-74.53592,1.26,0.13,0.45,5.0,0.3,0.0,1.22,0.69,0.0,0.0,0.63,0.79,0.6,0.27,2.35,1.5,0.43,0.52,2.47,3.52
PAUZA,PAUZA,-15.29194,-73.35778,0.0,0.0,0.06,0.02,0.0,0.0,0.06,0.03,0.0,0.0,0.0,0.0,0.0,0.0,0.0,0.0,0.0,0.0,0.08,0.24
PEBAS,PEBAS,-3.31877,-71.85883,7.24,15.27,0.37,2.38,0.01,0.0,0.83,6.73,0.0,0.01,0.36,5.62,15.35,1.97,1.22,8.58,0.05,0.03,2.11,6.23
PICHANAKI,PICHANAKI,-10.93353,-74.86681,0.02,6.03,0.16,0.31,0.54,3.07,0.49,0.51,0.09,0.15,3.77,1.05,12.27,4.59,2.03,2.69,1.48,1.11,0.35,6.7
PICOTA,PICOTA,-6.91989,-76.33021,0.0,0.0,0.05,0.01,0.0,0.02,0.09,2.51,0.0,0.98,4.13,3.39,4.39,0.61,13.76,0.95,4.59,2.64,0.41,3.81
PICOY,PICOY,-10.92162,-76.73701,0.42,0.2,0.73,2.32,0.02,0.0,0.2,0.64,0.0,0.0,0.43,0.76,0.0,0.0,2.81,1.22,0.0,0.0,0.4,0.41
PILCHACA,PILCHACA,-12.39939,-75.08411,0.45,0.0,0.7,4.14,0.24,0.01,0.34,0.45,0.0,0.0,0.24,0.29,0.09,0.05,0.69,6.5,2.94,0.03,0.32,6.26
PILLONES,PILLONES,-15.98125,-71.21669,0.0,0.0,0.0,0.0,0.0,0.0,0.01,0.04,0.0,0.0,0.0,0.0,0.0,0.0,0.0,0.0,0.0,0.0,0.29,0.0
PILLUANA,PILLUANA,-6.77631,-76.29056,0.0,0.0,0.32,0.19,0.04,0.0,0.47,1.51,0.14,1.23,3.83,3.91,3.74,1.08,16.68,8.16,6.77,1.11,0.9,5.58
PIRA,PIRA,-9.58353,-77.70719,0.15,0.58,1.14,0.75,0.02,0.0,0.72,0.84,0.0,0.0,1.49,0.5,0.03,0.0,0.64,0.12,0.06,0.0,0.31,0.03
PIRCA,PIRCA,-11.24947,-76.65513,0.0,0.0,0.29,0.08,0.0,0.0,0.02,0.01,0.0,0.0,-0.01,0.02,0.0,0.0,0.05,0.0,0.0,0.0,0.03,0.0
PISAC,PISAC,-13.4195,-71.85086,0.26,2.29,1.99,0.68,0.02,0.02,1.86,2.83,0.0,0.01,0.92,0.56,0.14,0.0,0.81,1.02,0.11,0.0,0.46,1.37
PISCOBAMBA II,PISCOBAMBA II,-8.87045,-77.35072,0.0,0.0,0.56,0.1,0.0,0.0,0.92,0.19,0.12,2.78,0.98,6.53,4.46,0.23,0.9,2.59,4.61,1.33,1.65,2.35
PIZACOMA,PIZACOMA,-16.90435,-69.36953,0.0,0.0,0.0,0.0,0.0,0.0,0.05,0.0,0.0,0.0,0.0,0.0,0.0,0.0,0.0,0.0,0.0,0.0,0.0,0.09
POMABAMBA,POMABAMBA,-8.8217,-77.45733,0.0,0.0,0.15,0.0,0.0,0.0,1.17,0.21,0.15,0.15,1.15,2.33,3.6,0.06,0.56,1.5,1.91,0.08,1.08,5.23
POMACANCHI,POMACANCHI,-14.02781,-71.57258,0.1,1.47,0.66,1.92,0.97,1.16,1.59,1.61,0.0,0.0,0.13,0.0,0.0,0.02,0.29,0.0,0.0,0.0,0.2,0.15
PONGO DE CAYNARACHI,PONGO DE CAYNARACHI,-6.33047,-76.28175,0.0,0.0,0.22,0.68,0.1,0.0,0.47,0.95,0.11,0.15,8.38,7.13,1.21,1.08,7.39,3.31,3.05,0.15,1.77,3.22
PORCULLA,PORCULLA,-5.84722,-79.50833,0.0,0.0,0.01,0.66,-0.01,0.02,0.05,0.35,0.0,0.01,0.61,1.6,0.03,0.02,0.34,2.69,0.02,0.02,0.67,2.78
PORPERA,PORPERA,-15.3142,-71.30639,0.0,0.0,0.15,0.45,0.18,0.0,0.17,0.05,0.0,0.0,-0.01,0.0,0.0,0.0,0.0,0.0,0.0,0.0,0.6,0.85
POZUZO,POZUZO,-10.08681,-75.54622,0.14,0.23,1.33,1.75,0.67,2.74,0.4,2.28,4.53,0.54,17.15,2.98,19.3,0.23,3.33,2.09,0.9,0.29,3.27,4.56
PROGRESO,PROGRESO,-14.67169,-70.36781,0.05,0.0,0.35,2.09,2.9,0.25,0.27,0.46,0.0,0.0,0.02,0.0,0.0,0.0,0.02,0.0,0.0,0.0,0.2,0.7
PUCALLPA - HUIMBAYOC,PUCALLPA - HUIMBAYOC,-6.4575,-75.84694,0.0,0.0,0.19,0.03,0.01,0.0,0.37,0.58,0.0,0.0,13.23,3.13,2.0,7.51,18.33,3.52,2.49,1.01,8.99,8.19
PUCARA,PUCARA,-15.04567,-70.37278,0.19,0.01,0.05,0.85,2.48,1.69,0.38,1.79,0.0,0.0,0.0,0.0,0.0,0.0,0.02,0.0,0.0,0.0,0.37,1.63
PUCHACA,PUCHACA,-6.37361,-79.46951,0.6,0.61,0.27,1.13,0.02,0.0,0.09,0.1,0.16,0.01,0.1,0.95,0.93,1.25,0.09,1.94,0.41,2.11,0.37,1.39
PUENTE INAMBARI,PUENTE INAMBARI,-13.18638,-70.38401,2.34,3.31,0.31,0.66,1.54,19.75,0.76,0.81,25.25,16.75,6.72,2.73,0.87,0.05,0.49,0.21,0.0,0.02,0.29,0.81
PUENTE MAGDALENA,PUENTE MAGDALENA,-11.7113,-76.83719,0.0,0.0,0.0,0.02,0.0,0.0,0.0,0.03,0.0,0.0,-0.01,0.0,0.0,0.0,0.0,0.0,0.0,0.0,0.0,0.0
PUERTO ALMENDRA,PUERTO ALMENDRA,-3.82861,-73.37704,0.01,0.89,0.71,0.45,0.0,0.0,0.48,1.37,0.03,0.0,1.4,4.52,1.71,3.57,2.98,5.86,0.78,0.4,1.88,8.07
PUERTO INCA,PUERTO INCA,-9.38511,-74.96375,0.21,1.21,0.14,0.39,1.31,3.72,0.47,0.21,0.03,7.2,4.05,1.05,7.69,6.84,1.83,0.27,0.37,0.06,0.98,5.86
PUERTO MALDONADO,PUERTO MALDONADO,-12.5873,-69.20885,0.0,0.01,0.19,0.02,0.0,0.9,0.5,0.35,18.12,17.91,1.13,0.02,0.0,0.0,0.0,0.0,0.0,0.0,0.0,0.0
PUERTO OCOPA,PUERTO OCOPA,-11.14669,-74.30507,0.01,0.54,0.38,1.1,0.08,0.42,0.57,0.15,0.02,0.14,1.15,0.17,7.84,0.72,0.02,0.05,0.56,0.46,0.05,2.17
PUERTO PIZARRO,PUERTO PIZARRO,-3.5038,-80.39504,0.0,0.0,0.0,-0.0,0.02,0.1,0.0,0.0,0.0,0.03,0.01,0.0,0.09,0.0,0.0,0.0,0.0,0.0,0.0,0.03
PUICA,PUICA,-15.07722,-72.67594,0.0,0.0,1.08,0.47,0.0,0.0,0.85,0.82,0.0,0.0,-0.01,0.0,0.0,0.0,0.0,0.0,0.0,0.0,1.6,0.98
PULLHUAY (AYAHUASI),PULLHUAY (AYAHUASI),-15.16261,-72.74393,0.0,0.0,0.01,0.06,0.01,0.0,0.0,0.02,0.0,0.0,0.01,0.0,0.0,0.0,0.0,0.0,0.0,0.0,0.41,0.27
PUNCHANA,PUNCHANA,-3.75696,-73.27226,0.02,0.19,2.88,0.37,0.0,0.0,0.39,0.99,0.02,0.02,0.57,4.55,5.02,1.65,0.69,3.23,0.49,0.55,1.24,4.24
PUNO,PUNO,-15.82333,-70.01806,0.0,0.0,0.27,0.2,0.03,0.02,0.5,0.17,0.0,0.0,0.01,0.0,0.0,0.0,0.0,0.09,0.0,0.0,0.15,0.85
PUNTA ATICO,PUNTA ATICO,-16.23174,-73.69638,0.93,3.13,2.21,2.12,2.35,1.78,0.29,0.46,0.43,0.03,0.03,0.11,0.02,0.12,0.02,0.05,0.02,0.03,0.0,0.0
PUNTA COLES,PUNTA COLES,-17.69861,-71.37331,0.25,0.27,0.12,0.1,0.16,0.11,0.03,0.03,0.05,0.03,0.02,0.02,0.0,0.02,0.02,0.0,0.0,0.0,0.0,0.02
PUQUINA,PUQUINA,-16.62978,-71.18475,0.0,0.0,0.0,0.0,0.0,0.0,0.0,0.0,0.0,0.0,0.0,0.0,0.0,0.0,0.0,0.0,0.0,0.0,0.0,0.0
PUQUIO,PUQUIO,-14.71594,-74.14826,0.0,0.0,0.25,0.18,0.0,0.0,0.0,0.03,0.0,0.0,0.0,0.0,0.0,0.0,0.03,0.0,0.0,0.0,0.11,0.0
PUTINA,PUTINA,-14.921,-69.87569,0.52,0.0,0.21,1.08,2.05,0.61,0.24,0.6,0.0,0.0,0.02,0.0,0.0,0.0,0.06,0.0,0.0,0.0,0.72,3.31
QUEBRADA SHUGAR,QUEBRADA SHUGAR,-6.69472,-78.4575,0.0,0.01,0.18,1.16,0.0,0.0,0.33,1.32,0.14,0.02,0.31,1.36,0.76,0.02,0.32,3.46,1.74,0.2,1.24,8.16
QUEBRADA YANATILE,QUEBRADA YANATILE,-12.67884,-72.27849,0.02,1.74,0.29,0.5,0.0,0.63,0.21,0.54,0.08,0.21,0.91,1.56,3.3,1.48,1.02,5.75,0.46,0.17,1.5,5.65
QUILCATE,QUILCATE,-6.82275,-78.744,0.52,0.0,0.97,2.06,0.08,0.02,1.46,1.27,0.3,0.05,1.28,9.57,0.08,0.0,1.37,10.93,0.41,0.12,4.41,10.45
QUILLABAMBA,QUILLABAMBA,-12.85645,-72.69174,0.13,3.96,0.51,0.53,0.01,1.42,0.47,0.97,0.62,0.24,5.4,1.14,8.96,5.55,1.14,2.06,0.12,0.03,0.31,2.15
QUINCEMIL,QUINCEMIL,-13.22893,-70.7544,5.44,5.54,0.45,1.17,2.91,14.36,1.02,1.95,22.55,12.92,4.81,7.14,0.82,0.11,0.09,0.12,0.06,0.0,0.41,4.18
QUINISTAQUILLAS,QUINISTAQUILLAS,-16.74972,-70.87858,0.0,0.0,0.0,0.0,0.0,0.0,0.0,0.0,0.0,0.0,0.0,0.0,0.0,0.0,0.0,0.0,0.0,0.0,0.0,0.0
QUIRUVILCA,QUIRUVILCA,-8.00422,-78.32458,0.06,0.0,0.0,0.56,-0.01,0.0,1.85,2.32,0.0,0.0,1.14,2.12,0.0,0.0,1.39,5.87,0.0,0.0,2.37,6.06
RECUAY,RECUAY,-9.72947,-77.45403,0.1,0.03,0.1,1.54,0.07,0.0,0.11,0.69,0.0,0.0,1.3,1.42,0.03,0.02,0.75,0.76,0.02,0.0,0.09,0.29
REQUE,REQUE,-6.88613,-79.8355,0.06,0.0,0.0,0.0,-0.01,0.0,0.0,0.0,0.01,0.0,0.0,0.0,0.0,0.0,0.0,0.0,0.0,0.0,0.0,0.0
REQUENA,REQUENA,-5.04307,-73.83614,0.0,0.0,0.22,1.22,0.01,0.0,0.08,0.63,0.0,0.0,4.42,5.2,3.49,10.04,3.11,7.89,0.49,0.2,2.09,2.91
RICRAN,RICRAN,-11.54001,-75.5273,0.06,1.54,1.5,3.92,0.32,0.0,2.25,1.4,0.01,0.01,2.08,0.34,8.61,0.08,2.11,1.05,4.87,0.66,0.95,0.82
RINCON DE LA CRUZ,RINCON DE LA CRUZ,-15.99017,-69.80961,0.0,0.0,0.37,1.56,0.03,0.15,0.27,0.34,0.0,0.0,0.14,0.0,0.0,0.0,0.06,0.03,0.0,0.0,0.0,0.05
RIO BLANCO,RIO BLANCO,-11.73447,-76.25967,0.03,0.0,0.63,0.9,0.0,0.0,0.27,0.24,0.0,0.0,0.11,0.21,0.0,0.0,1.48,2.37,0.0,0.02,1.97,2.76
RIO GRANDE,RIO GRANDE,-14.54314,-75.22028,0.0,0.0,0.01,0.0,0.0,0.01,0.02,0.0,0.0,0.0,0.0,0.0,0.0,0.02,0.0,0.0,0.0,0.0,0.0,0.0
RUNATULLO,RUNATULLO,-11.61811,-75.01225,0.09,0.39,1.75,3.85,3.28,0.09,2.3,0.58,0.04,0.02,1.92,0.63,3.37,0.64,2.55,3.72,2.61,1.28,5.63,6.35
SALALA,SALALA,-5.11153,-79.46349,0.0,0.0,0.03,0.4,0.02,0.04,0.61,0.6,0.09,0.05,0.62,0.52,0.2,0.09,0.56,0.52,0.12,0.02,1.25,4.87
SALAMANCA,SALAMANCA,-15.50294,-72.83203,0.0,0.0,0.05,0.02,-0.01,0.0,0.03,0.11,0.0,0.0,0.01,0.0,0.0,0.0,0.0,0.02,0.0,0.0,0.05,0.0
SALCABAMBA,SALCABAMBA,-12.20399,-74.77936,0.38,5.58,2.43,9.81,1.69,0.1,0.9,0.47,0.05,0.0,0.15,0.03,1.74,0.14,0.31,1.01,3.65,1.4,0.66,2.58
SALCCA,SALCCA,-14.16997,-71.23187,0.05,0.26,0.43,1.11,1.0,0.53,0.83,0.71,0.0,0.0,0.08,0.03,0.0,0.0,0.09,0.0,0.0,0.0,0.24,0.08
SALLIQUE,SALLIQUE,-5.65886,-79.31264,0.0,0.0,0.0,0.0,0.0,0.06,0.24,0.21,0.03,0.06,0.28,0.56,0.24,0.11,0.44,0.4,0.14,0.08,0.72,1.42
SALPO,SALPO,-8.00534,-78.62377,0.01,0.0,0.28,1.08,0.02,0.0,1.04,1.53,0.0,0.0,2.04,2.37,0.0,0.0,1.33,0.81,0.0,0.0,1.25,1.1
SAMA GRANDE,SAMA GRANDE,-17.78758,-70.48961,0.32,0.01,0.0,0.47,0.32,0.01,0.0,0.08,0.18,0.01,0.0,0.0,0.12,0.0,0.0,0.0,0.0,0.0,0.0,0.0
SAN ALEJANDRO,SAN ALEJANDRO,-8.83028,-75.20333,0.15,0.02,0.14,0.2,0.3,5.17,0.56,0.19,0.43,8.45,2.59,1.46,13.55,11.92,5.0,2.84,0.02,0.0,0.23,7.16
SAN ANTONIO,SAN ANTONIO,-6.41274,-76.4072,0.0,0.0,0.61,0.16,0.0,0.0,0.76,3.23,0.0,4.81,1.52,3.89,4.2,3.4,2.9,1.34,4.2,0.95,0.21,1.21
SAN BENITO,SAN BENITO,-7.41153,-78.92673,0.0,0.08,0.0,0.03,0.0,0.0,0.0,0.01,0.0,0.0,0.01,0.02,0.0,0.0,0.03,0.0,0.0,0.0,0.0,0.0
SAN CAMILO,SAN CAMILO,-14.07331,-75.72768,0.0,0.01,0.0,0.0,0.01,0.02,0.0,0.0,0.0,0.0,0.0,0.0,0.0,0.0,0.0,0.0,0.0,0.0,0.0,0.0
SAN GABAN,SAN GABAN,-13.46087,-70.40999,1.23,9.22,1.15,1.67,1.52,5.67,1.5,2.09,11.12,3.49,10.41,12.63,1.75,0.17,1.89,1.21,0.26,0.0,2.78,4.23
SAN IGNACIO,SAN IGNACIO,-5.14514,-78.99512,0.0,0.07,0.23,1.14,0.03,1.52,3.57,1.12,0.32,0.89,1.24,1.79,4.78,1.43,1.05,4.46,1.07,1.62,1.36,4.96
SAN JUAN,SAN JUAN,-7.29756,-78.49106,0.0,0.0,0.09,0.15,0.01,0.0,0.25,1.24,0.0,0.0,0.44,2.08,0.0,0.0,0.29,1.66,0.0,0.02,0.43,0.56
SAN JUAN DE CASTROVIRREYNA,SAN JUAN DE CASTROVIRREYNA,-13.21198,-75.64389,0.0,0.0,0.02,0.02,0.01,0.0,0.03,0.01,0.0,0.0,-0.01,0.0,0.0,0.0,0.0,0.0,0.0,0.0,0.0,0.0
SAN JUAN DE JARPA,SAN JUAN DE JARPA,-12.12453,-75.43178,0.79,0.01,1.01,3.04,0.03,0.0,0.32,0.09,0.0,0.0,0.3,0.17,1.1,0.08,0.79,8.83,2.38,3.2,0.46,10.47
SAN JUAN DE YANAC,SAN JUAN DE YANAC,-13.22725,-75.78697,0.0,0.0,0.02,0.02,0.01,0.0,0.03,0.01,0.0,0.0,-0.01,0.0,0.0,0.0,0.0,0.0,0.0,0.0,0.0,0.0
SAN LAZARO DE ESCOMARCA,SAN LAZARO DE ESCOMARCA,-12.18088,-76.35207,0.0,0.0,0.29,0.26,0.0,0.0,0.16,0.11,0.0,0.0,0.0,0.0,0.0,0.0,0.03,0.0,0.0,0.0,0.0,0.0
SAN LORENZO,SAN LORENZO,-4.81694,-76.70028,0.0,0.0,0.22,0.27,-0.01,0.03,0.82,0.61,0.0,7.07,9.24,6.81,1.36,2.99,12.5,6.77,3.62,4.03,5.49,4.39
SAN MARCOS,SAN MARCOS,-7.32249,-78.1727,0.0,0.01,0.13,0.01,0.0,0.0,0.72,0.43,0.0,0.0,1.03,3.4,0.06,0.0,0.61,4.03,0.35,0.18,0.61,11.98
SAN MATEO DE HUANCHOR,SAN MATEO DE HUANCHOR,-11.76044,-76.30128,0.03,0.0,0.63,0.9,0.0,0.0,0.27,0.24,0.0,0.0,0.11,0.21,0.0,0.0,1.48,2.37,0.0,0.02,1.97,2.76
SAN MATEO DE OTAO,SAN MATEO DE OTAO,-11.84695,-76.56361,0.18,0.03,0.92,0.84,-0.01,0.0,0.3,0.52,0.0,0.0,0.19,0.02,0.0,0.0,0.6,0.06,0.0,0.0,0.53,0.09
SAN MIGUEL,SAN MIGUEL,-5.2462,-80.68436,0.0,0.0,0.0,0.0,0.0,0.0,0.01,0.0,0.0,0.0,0.01,0.0,0.0,0.0,0.0,0.0,0.0,0.0,0.0,0.0
SAN PABLO,SAN PABLO,-6.80956,-76.57625,0.0,0.0,0.39,0.57,0.02,0.18,0.26,0.7,0.05,1.36,0.72,4.04,5.25,1.27,4.01,7.55,5.62,0.34,0.18,1.21
SAN PEDRO DE CACHI,SAN PEDRO DE CACHI,-13.06528,-74.35861,0.18,1.08,0.42,2.49,1.21,0.03,0.47,0.17,0.0,0.0,0.17,0.03,0.02,0.23,0.2,1.17,0.11,0.03,0.9,3.86
SAN PEDRO DE HUACARPANA,SAN PEDRO DE HUACARPANA,-13.06453,-75.66304,0.0,0.0,0.01,0.01,0.01,0.0,0.0,0.0,0.0,0.0,0.01,0.0,0.0,0.0,0.02,0.0,0.0,0.0,0.0,0.0
SAN RAFAEL,SAN RAFAEL,-10.32925,-76.17658,0.1,0.78,0.05,0.16,0.6,1.33,0.25,1.56,0.34,0.26,0.37,4.82,7.42,0.15,0.06,1.89,7.03,1.24,0.6,3.69
SAN RAMON,SAN RAMON,-5.93559,-76.11813,0.0,0.0,0.19,0.09,0.0,0.0,0.5,0.79,0.0,0.06,12.37,4.97,5.49,2.11,10.96,0.98,6.23,0.78,0.5,8.1
SAN REGIS,SAN REGIS,-4.51301,-73.90751,0.0,0.0,0.97,0.58,0.0,0.0,0.24,1.22,0.01,0.0,2.89,18.63,3.83,10.64,4.85,8.45,0.87,0.09,9.78,4.81
SAN ROQUE,SAN ROQUE,-3.75322,-73.25992,0.02,0.19,2.88,0.37,0.0,0.0,0.39,0.99,0.02,0.02,0.57,4.55,5.02,1.65,0.69,3.23,0.49,0.55,1.24,4.24
SANTA ANA,SANTA ANA,-12.00956,-75.22158,1.13,0.05,0.26,3.52,0.17,0.03,0.01,0.0,0.0,0.0,0.14,0.0,2.49,0.02,0.37,2.01,1.69,1.02,0.93,6.71
SANTA CRUZ,SANTA CRUZ,-6.61657,-78.94761,0.0,0.0,0.01,0.01,0.0,0.0,0.95,3.52,0.0,0.04,0.5,6.45,0.75,0.05,1.24,8.71,0.75,0.05,1.39,2.52
SANTA EULALIA,SANTA EULALIA,-11.92,-76.66664,0.01,0.13,0.0,0.0,0.01,0.08,0.02,0.0,0.0,0.13,0.02,0.0,0.0,0.08,0.02,0.0,0.0,0.0,0.0,0.0
SANTA LUCIA,SANTA LUCIA,-15.71074,-70.61594,0.0,0.0,0.0,0.0,0.02,0.0,0.05,0.0,0.0,0.0,0.0,0.0,0.0,0.0,0.0,0.0,0.0,0.0,0.15,0.21
SANTA MARIA DE NANAY,SANTA MARIA DE NANAY,-3.08891,-73.69714,0.0,0.09,8.1,1.75,0.01,0.0,0.82,3.43,0.12,0.02,6.28,7.83,5.17,13.81,4.56,7.1,0.56,0.11,2.44,2.61
SANTA MARIA DE NIEVA,SANTA MARIA DE NIEVA,-4.83083,-77.93972,0.0,0.0,0.22,0.1,2.11,2.71,0.59,0.08,1.61,8.88,0.19,0.72,8.0,5.07,0.27,5.87,8.33,3.04,3.31,0.61
SANTA ROSA,SANTA ROSA,-14.61781,-70.79278,0.0,0.0,0.38,0.72,0.03,0.08,0.7,1.05,0.0,0.0,0.02,0.0,0.0,0.0,0.37,0.02,0.0,0.0,0.37,3.27
SANTIAGO DE CHOCORVOS,SANTIAGO DE CHOCORVOS,-13.83,-75.25417,0.0,0.0,0.0,0.0,0.01,0.0,0.0,0.0,0.0,0.0,-0.01,0.0,0.0,0.0,0.0,0.0,0.0,0.0,0.0,0.0
SANTIAGO DE TUNA,SANTIAGO DE TUNA,-11.98322,-76.52419,0.0,0.0,0.0,0.0,0.0,0.0,0.0,0.0,0.0,0.0,0.03,0.05,0.0,0.0,0.0,0.0,0.0,0.0,0.0,0.0
SANTO DOMINGO,SANTO DOMINGO,-5.03825,-79.88715,0.06,0.11,0.38,2.95,0.07,0.09,0.45,0.47,0.13,0.02,0.36,0.96,0.03,0.0,0.29,1.72,0.34,0.61,0.52,2.3
SANTO TOMAS,SANTO TOMAS,-14.39878,-72.08774,0.09,0.03,0.79,3.64,0.08,0.0,0.27,0.34,0.0,0.0,0.02,0.05,0.0,0.0,0.0,0.0,0.0,0.0,0.02,2.09
SAPILLICA,SAPILLICA,-4.79484,-79.99845,0.23,0.0,0.23,0.4,0.09,0.16,0.34,0.55,0.0,0.0,0.43,0.9,0.03,0.0,0.34,2.11,0.44,0.08,0.78,3.36
SAPOSOA,SAPOSOA,-6.94313,-76.76823,0.0,0.02,0.11,0.37,0.06,1.65,0.03,0.36,0.54,0.72,0.14,6.21,13.4,10.77,0.06,3.63,4.46,1.31,0.38,4.99
SATIPO,SATIPO,-11.22467,-74.60869,0.0,6.16,0.56,0.58,0.85,1.71,0.59,0.26,0.01,0.27,2.3,1.66,17.58,1.21,0.64,1.48,2.04,0.7,0.2,5.2
SAUCE,SAUCE,-6.69432,-76.20099,0.0,0.0,0.32,0.19,0.04,0.0,0.47,1.51,0.14,1.23,3.83,3.91,3.74,1.08,16.68,8.16,6.77,1.11,0.9,5.58
SAUSAL DE CULUCAN,SAUSAL DE CULUCAN,-4.75238,-79.77459,0.34,0.0,0.04,1.47,0.21,0.02,0.16,1.15,0.02,0.01,0.13,2.7,0.17,0.0,0.21,3.54,0.08,0.02,0.14,2.32
SHANAO,SHANAO,-6.41312,-76.60028,0.0,0.0,0.61,0.16,0.0,0.0,0.76,3.23,0.0,4.81,1.52,3.89,4.2,3.4,2.9,1.34,4.2,0.95,0.21,1.21
SHEQUE,SHEQUE,-11.67762,-76.48563,0.18,0.03,0.92,0.84,-0.01,0.0,0.3,0.52,0.0,0.0,0.19,0.02,0.0,0.0,0.6,0.06,0.0,0.0,0.53,0.09
SIBAYO,SIBAYO,-15.48919,-71.45697,0.0,0.0,0.07,0.07,0.01,0.0,0.26,0.07,0.0,0.0,0.0,0.0,0.0,0.0,0.0,0.0,0.0,0.0,0.67,2.18
SICUANI,SICUANI,-14.23736,-71.23669,0.05,0.26,0.43,1.11,1.0,0.53,0.83,0.71,0.0,0.0,0.08,0.03,0.0,0.0,0.09,0.0,0.0,0.0,0.24,0.08
SIHUAS,SIHUAS,-8.56694,-77.65028,0.0,0.0,0.0,0.25,0.0,0.0,0.44,0.89,0.0,0.07,0.94,0.85,0.61,0.02,0.32,1.63,0.02,0.06,1.6,2.53
SOCSI CAÑETE,SOCSI CAÑETE,-13.03051,-76.20027,0.0,0.0,0.02,0.0,0.0,0.01,0.0,0.0,0.0,0.0,0.0,0.0,0.02,0.0,0.0,0.0,0.0,0.02,0.0,0.0
SONDOR-MATARA,SONDOR-MATARA,-7.23688,-78.21262,0.0,0.01,0.13,0.01,0.0,0.0,0.72,0.43,0.0,0.0,1.03,3.4,0.06,0.0,0.61,4.03,0.35,0.18,0.61,11.98
SONDORILLO,SONDORILLO,-5.33979,-79.43137,0.0,0.0,0.0,0.02,0.0,0.08,0.66,0.1,0.02,0.04,0.59,0.34,0.11,0.05,0.37,0.73,0.05,0.03,0.69,1.46
SORITOR,SORITOR,-6.142,-77.09179,0.0,0.0,0.29,0.45,0.02,0.01,0.64,2.36,0.02,0.4,10.57,8.39,1.86,0.93,14.45,6.58,2.66,0.08,12.83,8.19
SUSAPAYA,SUSAPAYA,-17.34772,-70.11806,0.0,0.0,0.0,0.0,0.0,0.0,0.0,0.02,0.0,0.0,0.0,0.0,0.0,0.0,0.0,0.0,0.0,0.0,0.0,0.0
TABACONAS,TABACONAS,-5.31515,-79.28488,0.0,0.0,0.02,0.06,0.06,0.31,4.26,0.69,0.02,0.02,1.95,2.09,0.66,0.06,2.47,4.47,0.21,0.14,9.43,1.77
TABALOSOS,TABALOSOS,-6.39533,-76.62533,0.0,0.0,0.46,0.87,0.0,0.04,0.98,2.07,0.04,1.27,1.21,4.26,1.1,0.98,6.79,2.4,0.99,0.27,1.08,2.93
TACAMA,TACAMA,-13.99978,-75.75386,0.0,0.01,0.0,0.0,0.01,0.02,0.0,0.0,0.0,0.0,0.0,0.0,0.0,0.0,0.0,0.0,0.0,0.0,0.0,0.0
TAHUACO - YUNGUYO,TAHUACO - YUNGUYO,-16.305,-69.0675,0.0,0.0,0.39,0.06,0.3,0.31,0.23,0.0,0.53,0.19,0.26,0.0,0.0,0.0,0.0,0.0,0.0,0.0,0.17,0.05
TALABAYA,TALABAYA,-17.55255,-69.98678,0.0,0.0,0.0,0.0,0.0,0.0,0.0,0.0,0.0,0.0,0.0,0.0,0.0,0.0,0.0,0.0,0.0,0.0,0.0,0.0
TALLA (GUADALUPE),TALLA (GUADALUPE),-7.28009,-79.41906,0.0,0.0,0.0,0.0,0.0,0.0,0.0,0.0,0.0,0.0,0.0,0.0,0.0,0.0,0.0,0.0,0.0,0.02,0.0,0.0
TAMANCO,TAMANCO,-5.79207,-74.28904,0.0,0.0,0.13,0.82,-0.01,0.0,0.09,0.31,0.0,0.0,4.75,4.62,2.26,10.64,7.63,2.56,0.12,2.17,7.51,6.36
TAMBO,TAMBO,-13.69163,-75.27418,0.0,0.0,0.0,0.0,0.01,0.0,0.0,0.0,0.0,0.0,-0.01,0.0,0.0,0.0,0.0,0.0,0.0,0.0,0.0,0.0
TAMBOBAMBA,TAMBOBAMBA,-13.94492,-72.17522,0.06,0.19,3.29,2.01,0.53,0.2,1.17,0.63,0.0,0.0,0.58,0.0,0.0,0.02,1.48,0.21,0.0,0.0,0.38,0.46
TAMSHIYACU,TAMSHIYACU,-4.00356,-73.16112,0.0,0.04,4.6,0.58,-0.01,0.0,0.47,0.84,0.0,0.0,0.78,8.15,11.51,1.3,5.65,7.75,0.43,1.1,6.3,2.87
TANANTA,TANANTA,-8.10972,-76.59556,0.02,0.01,1.51,0.15,0.01,0.58,1.67,1.4,2.28,0.54,14.05,4.82,3.78,1.02,6.9,6.79,9.72,0.55,9.09,10.96
TANTA,TANTA,-12.11694,-76.01694,0.0,0.0,0.49,0.58,0.0,0.0,0.04,0.18,0.0,0.0,0.0,0.03,0.0,0.02,1.07,3.57,0.06,0.0,1.11,3.13
TARACO,TARACO,-15.305,-69.9825,0.05,0.0,0.14,0.51,0.31,0.61,0.1,0.26,0.0,0.01,0.79,0.05,0.0,0.0,0.02,0.0,0.0,0.0,0.17,1.62
TARAPOTO,TARAPOTO,-6.47597,-76.37039,0.0,0.0,0.72,1.89,0.01,0.03,0.69,1.79,0.0,0.74,6.77,7.51,3.23,2.12,9.87,9.05,5.94,0.58,7.08,9.87
TARATA,TARATA,-17.47936,-70.03664,0.0,0.0,0.0,0.0,0.0,0.0,0.0,0.0,0.0,0.0,0.0,0.0,0.0,0.0,0.0,0.0,0.0,0.0,0.0,0.0
TARMA,TARMA,-11.39672,-75.68991,0.05,0.08,0.74,7.45,0.04,0.0,0.16,0.69,0.0,0.0,1.08,0.29,0.55,0.56,0.24,3.34,4.84,1.16,0.99,3.75
TINGO DE PONAZA,TINGO DE PONAZA,-6.93722,-76.25267,0.0,0.0,0.05,0.01,0.0,0.02,0.09,2.51,0.0,0.98,4.13,3.39,4.39,0.61,13.76,0.95,4.59,2.64,0.41,3.81
TINGO MARIA,TINGO MARIA,-9.2935,-75.98383,0.0,0.01,0.0,0.51,0.02,0.07,0.4,0.59,3.79,0.72,2.57,2.93,7.46,0.49,0.24,9.09,8.41,0.15,0.05,12.74
TISCO,TISCO,-15.34577,-71.44701,0.0,0.0,0.14,0.66,0.04,0.02,0.09,0.0,0.0,0.0,-0.01,0.0,0.0,0.0,0.0,0.0,0.0,0.0,0.43,1.54
TOCMOCHE,TOCMOCHE,-6.41009,-79.35572,0.0,0.0,0.0,0.42,0.0,0.0,0.01,0.11,0.0,0.0,0.03,0.31,0.0,0.0,0.05,0.47,0.0,0.0,0.21,0.82
TOURNAVISTA,TOURNAVISTA,-8.92972,-74.71667,0.0,0.0,0.13,0.1,0.01,1.46,0.09,0.23,0.04,9.46,4.61,6.48,2.41,9.7,3.37,0.06,0.0,0.0,0.4,0.76
TRUJILLO,TRUJILLO,-8.11203,-78.9851,0.08,0.34,0.03,0.06,0.08,0.08,0.01,0.0,0.05,0.08,0.01,0.0,0.02,0.03,0.0,0.0,0.02,0.02,0.0,0.0
TULUMAYO,TULUMAYO,-9.10028,-75.90028,0.04,0.0,1.29,1.9,0.09,0.06,0.3,1.09,4.62,0.44,9.25,3.69,10.79,0.24,5.22,5.19,3.31,0.26,6.26,11.47
TUMILACA,TUMILACA,-17.12773,-70.83694,0.0,0.0,0.0,0.0,0.0,0.0,0.0,0.0,0.0,0.0,0.0,0.0,0.0,0.0,0.0,0.0,0.0,0.0,0.0,0.0
UBINAS,UBINAS,-16.38878,-70.85406,0.0,0.0,0.02,0.02,-0.01,0.0,0.0,0.0,0.0,0.0,0.01,0.0,0.0,0.0,0.0,0.0,0.0,0.0,0.0,0.0
UDIMA,UDIMA,-6.81474,-79.09377,0.0,0.0,0.05,0.16,0.0,0.0,0.18,0.64,0.12,0.03,1.46,7.64,0.11,0.02,1.19,5.97,0.2,0.37,1.17,3.91
UNJF SANCHEZ CARRION - HUACHO,UNJF SANCHEZ CARRION - HUACHO,-11.12386,-77.60603,0.08,0.1,0.01,0.0,0.01,0.01,0.0,0.0,0.02,0.08,0.02,0.0,0.0,0.05,0.0,0.0,0.0,0.0,0.0,0.0
URUBAMBA,URUBAMBA,-13.30517,-72.12456,0.0,5.52,2.83,0.62,-0.01,0.02,2.92,0.95,0.0,0.0,1.82,0.32,0.32,0.31,2.7,3.74,0.0,0.0,1.11,0.9
VILCASHUAMAN,VILCASHUAMAN,-13.66881,-73.95239,0.11,0.0,0.37,3.44,0.21,0.02,0.42,0.6,0.0,0.0,0.1,0.15,0.0,0.17,0.63,0.99,0.09,0.15,1.1,8.99
VIQUES,VIQUES,-12.15603,-75.22831,0.05,0.01,0.34,1.58,0.07,0.0,0.18,0.11,0.0,0.0,0.11,0.12,0.29,0.12,0.5,8.76,5.72,0.44,0.14,5.28
WAYLLAPAMPA,WAYLLAPAMPA,-13.0765,-74.2165,0.18,1.08,0.42,2.49,1.21,0.03,0.47,0.17,0.0,0.0,0.17,0.03,0.02,0.23,0.2,1.17,0.11,0.03,0.9,3.86
YACANGO,YACANGO,-17.09078,-70.85033,0.0,0.0,0.0,0.04,0.0,0.0,0.02,0.01,0.0,0.0,0.0,0.0,0.0,0.0,0.0,0.0,0.0,0.0,0.0,0.0
YANAHUANCA,YANAHUANCA,-10.4896,-76.51291,0.01,0.09,1.5,1.54,0.05,0.0,1.24,3.35,0.0,0.0,0.92,3.83,3.63,0.14,0.9,5.31,2.27,0.87,1.1,8.0
YANAQUIHUA,YANAQUIHUA,-15.7765,-72.87583,0.0,0.0,0.0,0.0,0.0,0.0,0.0,0.0,0.0,0.0,0.0,0.0,0.0,0.0,0.0,0.0,0.0,0.0,0.0,0.0
YANTAC,YANTAC,-11.34583,-76.40453,0.0,0.0,1.67,0.97,-0.01,0.0,0.33,0.56,0.0,0.0,0.57,0.5,0.18,0.03,3.05,0.73,0.0,0.03,1.22,1.16
YAULI,YAULI,-11.66667,-76.08333,0.03,0.0,0.8,3.45,0.0,0.0,0.26,0.25,0.0,0.0,0.08,0.29,0.17,0.26,1.17,6.18,1.57,0.03,0.78,5.48
YAUYOS,YAUYOS,-12.49173,-75.91039,0.0,0.0,1.43,1.12,-0.01,0.0,0.06,0.29,0.0,0.0,0.04,0.05,0.0,0.0,1.6,0.0,0.0,0.0,0.38,0.02
YUNGAY,YUNGAY,-9.14189,-77.76664,0.1,0.02,0.11,0.69,-0.01,0.0,0.07,0.41,0.01,0.18,0.23,0.32,0.02,0.0,0.08,0.2,0.0,0.0,0.05,0.11
ÑAÑA,ÑAÑA,-11.98744,-76.84194,0.01,0.13,0.0,0.0,0.01,0.08,0.02,0.0,0.0,0.13,0.02,0.0,0.0,0.08,0.02,0.0,0.0,0.0,0.0,0.0
