codigo,estacion,latitud,longitud,2026092018,2026092100,2026092106,2026092112,2026092118,2026092200,2026092206,2026092212,2026092218,2026092300,2026092306,2026092312,2026092318,2026092400,2026092406,2026092412,2026092418,2026092500,2026092506,2026092512
4726E508,YONAN GORE,-7.25592,-79.09909,0.0,0.0,0.0,0.01,0.0,0.0,0.0,0.0,0.0,0.0,0.0,0.0,0.0,-0.01,0.0,0.0,0.0,0.02,0.0,0.0
4726A602,CUTERVO,-6.37914,-78.81339,0.0,0.02,0.0,0.0,0.01,0.0,0.1,5.04,4.16,0.0,7.87,0.01,0.0,-0.01,0.0,0.0,0.0,0.2,0.0,0.0
47E1F02E,TUNEL CHOTANO,-6.54049,-78.78432,0.0,2.0,0.01,0.07,0.0,2.07,0.12,0.83,0.0,0.0,0.15,3.21,0.0,0.0,0.0,0.0,0.24,0.94,0.0,0.0
472B3006,CUMBA,-5.94135,-78.66413,0.0,0.0,0.35,5.42,0.0,0.0,0.05,0.02,0.0,0.0,0.01,0.0,0.0,0.01,0.0,0.0,0.0,0.0,0.0,0.0
472680EE,BAMBAMARCA M,-6.67981,-78.52346,0.0,17.9,0.06,0.21,0.02,0.41,2.25,1.66,0.0,0.0,0.0,0.0,0.0,0.01,0.0,0.0,0.24,3.34,0.0,0.0
4726D092,BAMBAMARCA H,-6.66975,-78.54119,0.0,17.9,0.06,0.21,0.02,0.41,2.25,1.66,0.0,0.0,0.0,0.0,0.0,0.01,0.0,0.0,0.24,3.34,0.0,0.0
4727F484,CHUGUR,-6.66878,-78.738,1.78,26.56,0.02,0.0,0.36,8.83,2.1,2.07,2.32,1.52,0.0,0.0,0.01,0.01,0.0,0.0,1.58,4.2,0.76,0.0
47269398,JAEN,-5.67667,-78.77418,0.0,0.0,0.0,0.0,0.0,0.0,0.0,0.0,0.0,0.0,0.0,0.0,0.0,0.0,0.0,0.0,0.0,0.0,0.0,0.0
105136,SAUZAL,-5.77168,-79.39769,0.0,0.0,0.0,0.0,0.0,0.0,0.0,0.0,0.0,0.0,0.0,0.0,0.0,0.0,0.0,0.0,0.0,0.0,0.0,0.0
472A571A,HUALLAPE,-5.45077,-78.69579,0.0,0.0,0.0,0.0,0.0,0.0,0.0,0.0,0.0,0.0,0.0,0.0,0.0,0.0,0.0,0.0,0.0,0.0,0.0,0.0
4725E206,SAN MARCOS,-7.32249,-78.17269,0.0,8.6,4.62,0.0,0.01,0.51,0.0,0.0,0.0,0.0,0.0,0.0,0.0,0.0,0.0,0.0,0.0,0.0,0.0,0.18
47E207A4,TONGOD,-6.74456,-78.81392,0.07,9.11,0.0,0.0,0.01,0.01,0.82,0.07,0.01,0.43,0.0,0.0,0.02,0.01,0.0,0.0,0.4,1.04,0.48,0.0
47E1C5B4,CAÑAD,-6.64934,-78.99733,0.0,0.02,0.0,0.0,0.0,0.0,0.0,0.18,0.25,0.0,0.01,0.12,0.01,-0.01,0.0,0.0,0.0,0.06,0.0,0.0
47E1E358,PUENTE AMBAN,-6.58271,-78.91262,0.0,0.4,0.0,0.01,0.0,0.0,0.0,0.35,0.11,0.18,0.01,0.9,0.01,-0.01,0.0,0.0,0.0,0.16,0.0,0.0
47E3055E,CHANCAY BAÑOS,-6.57489,-78.86721,0.0,1.05,0.0,0.03,0.0,0.0,0.0,0.29,0.12,0.27,0.0,0.74,0.0,0.0,0.0,0.0,0.0,0.56,0.0,0.0
114132,POMACANCHI,-14.0278,-71.5726,0.0,0.0,0.0,0.0,0.0,0.0,0.0,0.0,0.0,0.0,0.0,0.0,0.0,0.0,0.0,0.0,0.0,0.34,0.0,0.0
47294362,SORAYPAMPA,-13.3955,-72.5736,0.0,0.0,0.0,0.0,0.0,0.0,0.01,0.0,0.0,0.0,0.0,0.0,0.0,0.01,0.0,0.0,1.28,0.08,0.0,0.0
113252,ANCACHURO,-13.4724,-72.2188,0.0,0.0,0.0,0.0,0.0,0.0,0.0,0.0,0.0,0.0,0.0,0.0,0.0,0.0,0.0,0.0,0.0,0.08,0.0,0.0
472976F8,CALCA,-13.33333,-71.95524,0.0,0.0,0.0,0.0,0.0,0.09,0.0,0.0,0.0,0.09,0.0,0.0,0.0,0.0,0.0,0.0,0.0,0.74,0.0,0.0
472A6280,NUEVO PISAC,-13.42264,-71.85388,0.0,0.0,0.0,0.0,0.0,0.19,0.0,0.0,0.0,0.02,0.0,0.0,0.0,0.01,0.0,0.0,0.0,0.0,0.0,0.0
114125,SAUSAYA,-14.52931,-71.35831,0.0,0.0,0.0,0.0,0.0,0.0,0.0,0.0,0.0,0.0,0.0,0.0,0.0,0.0,0.0,0.0,0.0,0.0,0.0,0.0
114126,PAYAPUNKU,-14.4261,-71.28145,0.0,0.0,0.0,0.0,0.0,0.0,0.0,0.0,0.0,0.0,0.0,0.0,0.0,0.0,0.0,0.0,0.0,0.0,0.0,0.0
4726158C,SICUANI,-14.23736,-71.23669,0.0,0.0,0.0,0.0,0.0,0.0,0.0,0.0,0.0,0.0,0.0,0.0,0.0,0.0,0.0,0.0,0.0,0.0,0.0,0.0
47E8B578,SIBINACOCHA,-13.92214,-71.01823,0.0,0.0,0.0,0.0,0.0,0.0,0.0,0.0,0.0,0.02,0.0,0.0,0.0,0.0,0.0,0.0,0.02,1.26,0.0,0.0
472E025C,QUISOQUEPINA,-13.79505,-70.88622,0.0,0.0,0.0,0.0,0.01,0.05,0.0,0.0,0.03,0.35,0.0,0.0,0.01,-0.01,0.0,0.0,0.02,2.26,0.0,0.0
114118,SALCCA,-14.16991,-71.23186,0.0,0.0,0.0,0.0,0.0,0.0,0.0,0.0,0.0,0.0,0.0,0.0,0.0,0.0,0.0,0.0,0.0,0.0,0.0,0.0
114123,MARCA CUNKA,-14.49847,-72.08952,0.0,0.0,0.0,0.0,0.0,0.0,0.0,0.0,0.0,0.0,0.0,0.0,0.0,0.0,0.0,0.0,0.0,0.0,0.0,0.0
4729A090,SANTO TOMAS,-14.44896,-72.09645,0.0,0.0,0.0,0.0,0.0,0.0,0.0,0.0,0.0,0.0,0.0,0.0,0.0,0.0,0.0,0.0,0.0,0.0,0.0,0.0
114124,HUAYHUAHUASI,-14.67242,-71.51991,0.0,0.0,0.0,0.0,0.0,0.0,0.0,0.0,0.0,0.0,0.0,0.0,0.0,0.0,0.0,0.0,0.0,0.0,0.0,0.0
112264,PONGO DE MAINIQUE,-12.24986,-72.82447,0.0,0.0,0.0,0.04,0.0,0.0,0.01,0.13,0.01,0.97,0.0,0.0,0.0,0.0,0.0,0.02,0.0,0.14,0.0,0.0
4729658E,SAN PABLO,-13.02506,-72.61988,0.0,0.0,0.0,0.0,0.0,0.0,0.03,0.04,0.08,0.25,0.4,0.0,0.0,0.0,0.0,0.0,0.0,0.04,0.0,0.0
47E880E2,PICHARI,-12.52296,-73.83956,0.0,0.0,0.01,0.02,0.0,0.0,2.82,4.96,0.0,0.0,0.01,0.0,0.0,0.0,0.0,0.0,0.0,0.0,0.02,0.0
210007,PAUCARTAMBO,-13.3177,-71.59741,0.0,0.13,0.0,0.0,0.0,0.03,0.0,0.0,0.0,0.0,0.0,0.0,0.0,0.0,0.02,0.0,0.0,0.0,0.0,0.0
4722A338,ACJANACO ,-13.19672,-71.61941,0.0,0.46,0.04,0.0,0.0,0.29,0.07,0.0,1.23,0.03,0.0,0.0,0.0,0.04,0.0,0.0,0.0,0.62,0.02,0.0
113254,QUINCEMIL,-13.2289,-70.7544,0.0,0.0,0.0,0.0,0.0,0.01,0.16,0.0,2.22,0.7,0.0,0.0,0.09,0.02,0.0,0.0,0.08,3.48,0.0,0.0
113247,ASHANAKU,-13.58048,-71.58878,0.0,0.01,0.0,0.0,0.01,0.06,0.02,0.0,0.0,0.0,0.0,0.0,0.0,0.0,0.0,0.0,0.04,0.36,0.0,0.0
472935F2,INTIHUATANA H,-13.18517,-72.52319,0.0,0.02,0.03,0.0,0.0,2.61,17.46,0.01,0.02,1.13,1.37,1.44,0.0,0.01,0.0,0.0,0.0,4.04,0.2,0.02
472897F0,MACHUPICCHU,-13.16655,-72.54585,0.0,0.0,0.93,0.12,0.0,0.0,0.11,0.74,0.07,3.06,0.64,0.08,0.0,-0.01,0.02,0.0,0.0,3.16,0.36,0.24
472852EE,INTIHUATANA M,-13.17418,-72.56036,0.0,0.0,0.93,0.12,0.0,0.0,0.11,0.74,0.07,3.06,0.64,0.08,0.0,-0.01,0.02,0.0,0.0,3.16,0.36,0.24
4727C11E,HUAYLLABAMBA,-13.26581,-72.44881,0.0,0.0,0.0,0.0,0.0,0.0,0.25,0.01,0.0,0.0,0.91,0.18,0.0,0.01,0.0,0.0,0.0,0.0,0.0,0.0
4729950A,PACAYMAYO,-13.23419,-72.49841,0.01,-0.0,0.23,0.02,0.0,4.08,16.53,1.58,0.35,0.72,0.62,13.09,0.03,0.0,0.46,0.0,0.0,2.1,0.46,0.18
472A9204,CHILCA,-13.2235,-72.34056,0.0,0.0,0.0,0.0,0.0,0.01,0.0,0.0,0.0,0.01,0.0,0.01,0.0,-0.01,0.02,0.0,0.0,0.0,0.0,0.0
4720CDF8,COCHAMARCA,-12.99,-75.51019,0.0,0.0,0.0,0.0,0.0,0.0,0.0,0.0,0.0,0.0,0.0,0.0,0.0,0.0,0.0,0.0,0.0,0.04,0.0,0.0
47292684,HUACHOS,-13.21667,-75.53333,0.0,0.0,0.0,0.0,0.0,0.0,0.0,0.0,0.0,0.0,0.0,0.0,0.0,0.0,0.0,0.0,0.0,0.0,0.0,0.0
47284198,CHALLACA,-13.7898,-75.417,0.0,0.0,0.0,0.0,0.0,0.0,0.0,0.0,0.0,0.0,0.0,0.0,0.0,0.0,0.0,0.0,0.0,0.0,0.0,0.0
4728F216,CORDOVA,-14.03333,-75.16667,0.0,0.0,0.0,0.0,0.0,0.0,0.0,0.0,0.0,0.0,0.0,0.0,0.0,0.0,0.0,0.0,0.0,0.02,0.96,0.0
4728C78C,CUSICANCHA,-13.48333,-75.3,0.0,0.0,0.0,0.0,0.0,0.0,0.0,0.0,0.0,0.0,0.0,0.0,0.0,0.0,0.0,0.0,0.0,0.0,0.02,0.0
472811E4,CHALLACA M,-13.7905,-75.3821,0.0,0.0,0.0,0.0,0.0,0.0,0.0,0.0,0.0,0.0,0.0,0.0,0.0,0.0,0.0,0.0,0.0,0.0,0.0,0.0
4729131E,SANTIAGO DE CHOCORVOS,-13.83333,-75.25,0.0,0.0,0.0,0.0,0.0,0.0,0.0,0.0,0.0,0.0,0.0,0.0,0.0,0.0,0.0,0.0,0.0,0.04,0.02,0.0
112269,COCHABAMBA GRANDE,-12.19238,-74.51493,0.58,-0.0,0.0,0.0,0.0,0.01,14.44,0.12,0.08,0.0,0.49,0.0,8.31,0.01,0.7,0.0,0.0,0.0,0.06,0.8
472D0552,CHINCHAVITO,-9.515,-75.9425,0.0,0.27,0.0,0.34,0.01,1.38,7.71,0.36,0.51,0.18,0.0,0.0,0.03,0.01,0.0,0.0,0.0,0.0,0.0,0.0
472B730C,PUENTE TARUCA,-9.85056,-76.1519,0.0,0.0,0.0,0.0,0.0,0.0,0.0,0.2,0.03,0.0,0.0,0.0,0.0,0.01,0.0,0.0,0.0,0.0,0.0,0.0
110146,QUISCA,-10.08922,-76.21556,0.0,0.0,0.0,0.0,0.0,0.0,0.0,0.0,0.45,0.0,0.0,0.0,0.0,0.01,0.0,0.0,0.0,0.0,0.0,0.0
4720EB14,SAN MARTIN,-9.40385,-76.76482,0.0,0.03,0.01,0.0,0.0,0.0,0.22,0.31,0.5,0.01,0.0,0.0,0.0,0.0,0.0,0.0,0.0,0.0,0.0,0.0
47E845FC,CACHICOTO,-9.21931,-76.21294,0.0,0.0,0.0,0.38,0.01,0.22,0.0,0.55,0.07,0.31,0.0,0.0,0.0,0.0,0.0,0.0,0.0,0.0,0.0,0.0
472DA5AA,PUENTE BELLA,-9.32411,-76.02935,0.0,0.41,0.45,1.38,0.38,1.41,6.48,0.61,1.0,0.07,0.0,0.0,0.0,-0.01,0.0,0.0,0.0,0.1,0.0,0.0
47270400,TINGO MARIA,-9.29601,-76.00207,0.0,0.38,0.0,0.0,0.0,0.2,0.32,0.01,0.35,0.0,0.0,0.0,0.0,0.0,0.0,0.0,0.0,0.0,0.02,0.0
472D1624,PUENTE PEREZ,-9.34694,-75.9825,0.0,0.32,0.0,5.79,0.61,0.42,1.78,0.03,0.67,0.02,0.0,0.0,0.0,0.0,0.0,0.0,0.0,0.76,0.0,0.0
4727A4F8,PUERTO INCA,-9.3851,-74.96376,0.0,0.0,0.0,0.0,0.0,0.0,0.0,0.0,0.0,0.0,0.0,0.0,0.0,0.0,0.0,0.0,0.0,0.0,0.0,0.0
110140,JESUS DE LAURICOCHA,-10.07819,-76.63119,0.0,0.76,0.0,0.0,0.0,0.0,0.0,0.0,0.01,0.0,0.0,0.0,0.0,-0.01,0.0,0.0,0.0,0.0,0.0,0.0
109094,PUCA PUCA,-9.87895,-76.5909,0.0,1.44,0.0,0.0,0.0,0.0,0.0,0.0,0.0,0.0,0.0,0.0,0.0,0.0,0.0,0.0,0.0,0.0,0.0,0.0
213507,RAMADILLAS,-13.80857,-75.50129,0.0,0.0,0.0,0.0,0.0,0.0,0.0,0.0,0.0,0.0,0.0,0.0,0.0,0.0,0.0,0.0,0.0,0.0,0.0,0.0
213506,LOS MOLINOS,-13.9102,-75.66696,0.0,0.0,0.0,0.0,0.0,0.0,0.0,0.0,0.0,0.0,0.0,0.0,0.0,0.0,0.0,0.0,0.0,0.0,0.0,0.0
213503,HUAMANI EL TAMBO,-13.84386,-75.58944,0.0,0.0,0.0,0.0,0.0,0.0,0.0,0.0,0.0,0.0,0.0,0.0,0.0,0.0,0.0,0.0,0.0,0.0,0.0,0.0
472A446C,BETA SANTIAGO,-14.23739,-75.67022,0.0,0.0,0.0,0.0,0.0,0.0,0.0,0.0,0.0,0.0,0.0,0.0,0.0,0.0,0.0,0.0,0.0,0.0,0.0,0.0
4728A26A,CONTA M,-13.43936,-75.97517,0.0,0.0,0.0,0.0,0.0,0.0,0.0,0.0,0.0,0.0,0.0,0.0,0.0,0.0,0.0,0.0,0.0,0.0,0.0,0.0
4728B11C,FONAGRO,-13.45944,-76.15167,0.0,0.0,0.0,0.01,0.0,0.0,0.0,0.0,0.0,0.0,0.0,0.0,0.0,0.01,0.0,0.0,0.0,0.0,0.0,0.0
4728E160,SAN PEDRO DE HUACARPANA,-13.04889,-75.64806,0.0,0.0,0.0,0.0,0.0,0.0,0.0,0.0,0.0,0.0,0.0,0.0,0.0,0.0,0.0,0.0,0.0,0.0,0.0,0.0
114139,COPARA,-14.975,-74.89056,0.0,0.0,0.0,0.0,0.0,0.0,0.0,0.0,0.0,0.0,0.0,0.0,0.0,0.0,0.0,0.0,0.0,0.0,0.0,0.0
114136,PALPA,-14.54935,-75.18921,0.0,0.0,0.0,0.0,0.0,0.0,0.0,0.0,0.0,0.0,0.0,0.0,0.0,0.0,0.0,0.0,0.0,0.0,0.0,0.0
47E3834A,IMATA,-15.84266,-71.09062,0.0,0.0,0.0,0.0,0.0,0.0,0.0,0.0,0.0,0.0,0.0,0.0,0.0,0.0,0.0,0.0,0.0,0.0,0.0,0.0
47E373CE,PILLONES,-15.97861,-71.21333,0.0,0.0,0.0,0.0,0.0,0.0,0.0,0.0,0.0,0.0,0.0,0.0,0.0,0.0,0.0,0.0,0.0,0.0,0.0,0.0
472ED434,SUMBAY,-15.81667,-71.11667,0.0,0.0,0.0,0.0,0.0,0.0,0.0,0.0,0.0,0.0,0.0,0.0,0.0,0.0,0.0,0.0,0.0,0.0,0.0,0.0
47265686,SIBAYO,-15.49422,-71.4638,0.0,0.0,0.0,0.0,0.0,0.0,0.0,0.0,0.0,0.0,0.0,0.0,0.0,0.0,0.0,0.0,0.0,0.0,0.0,0.0
47E8A60E,COTACOTA,-15.21331,-71.38955,0.0,0.0,0.0,0.0,0.0,0.0,0.0,0.0,0.0,0.0,0.0,0.0,0.0,0.0,0.0,0.0,0.0,0.0,0.0,0.0
114119,VISCA VISCA,-14.7228,-71.9787,0.0,0.0,0.0,0.0,0.0,0.0,0.0,0.0,0.0,0.0,0.0,0.0,0.0,0.0,0.0,0.0,0.0,0.02,0.0,0.0
115150,COROPUNA,-15.53597,-72.61056,0.0,0.0,0.0,0.0,0.0,0.0,0.0,0.0,0.0,0.0,0.0,0.0,0.0,0.0,0.0,0.0,0.0,0.0,0.0,0.0
115151,CUYAU,-15.21794,-72.93564,0.0,0.0,0.0,0.0,0.0,0.0,0.0,0.0,0.0,0.0,0.0,0.0,0.0,0.0,0.0,0.0,0.0,0.0,0.0,0.0
47280292,COTAHUASI,-15.21134,-72.89331,0.0,0.0,0.0,0.0,0.0,0.0,0.0,0.0,0.0,0.0,0.0,0.0,0.0,0.0,0.0,0.0,0.0,0.0,0.0,0.0
4729D600,PAMPA CANGALLO,-13.56184,-74.19889,0.0,0.0,0.0,0.0,0.0,0.0,0.0,0.0,0.0,0.0,0.0,0.0,0.0,0.0,0.0,0.0,0.0,0.0,0.0,0.0
113248,SANTA CRUZ DE HOSPICIO,-13.4383,-74.7993,0.0,0.0,0.0,0.0,0.0,0.0,0.0,0.0,0.0,0.0,0.0,0.0,0.0,0.0,0.0,0.0,0.0,0.04,0.12,0.0
47290068,HUAC-HUAS,-14.12861,-74.94583,0.0,0.0,0.0,0.0,0.0,0.0,0.0,0.0,0.0,0.0,0.0,0.0,0.0,0.0,0.0,0.0,0.0,0.1,0.42,0.0
114122,CCONTACC,-14.5423,-74.2642,0.0,0.0,0.0,0.0,0.0,0.0,0.0,0.0,0.0,0.0,0.0,0.0,0.0,0.0,0.0,0.0,0.0,0.0,0.0,0.0
114127,PAMPA GALERAS,-14.66917,-74.40361,0.0,0.0,0.0,0.0,0.0,0.0,0.0,0.0,0.0,0.0,0.0,0.0,0.0,0.0,0.0,0.0,0.0,0.0,0.0,0.0
114121,HURAY HUMA,-14.564,-73.5558,0.0,0.0,0.0,0.0,0.0,0.0,0.0,0.0,0.0,0.0,0.0,0.0,0.0,0.0,0.0,0.0,0.0,0.2,0.02,0.0
115155,PAUZA,-15.275,-73.34083,0.0,0.0,0.0,0.0,0.0,0.0,0.0,0.0,0.0,0.0,0.0,0.0,0.0,0.0,0.0,0.0,0.0,0.0,0.0,0.0
4725B27A,PAUCARAY,-14.04361,-73.63833,0.0,0.0,0.0,0.0,0.0,0.0,0.0,0.0,0.0,0.0,0.0,0.0,0.0,0.24,0.28,0.0,0.0,0.7,3.44,0.0
472645F0,UNC CAJAMARCA,-7.16747,-78.49307,0.0,0.78,0.0,0.0,0.0,3.49,0.01,0.0,0.0,0.0,0.0,0.0,0.0,0.02,0.0,0.0,0.0,0.06,0.82,0.1
4729F0EC,CAJABAMBA,-7.62167,-78.05111,0.0,6.42,1.21,0.0,0.02,0.03,0.04,0.0,0.01,0.0,0.0,0.0,0.0,0.01,0.0,0.0,0.0,0.0,0.04,0.0
472A32FC,CRISNEJAS,-7.4639,-78.1131,0.0,0.91,0.0,0.0,0.0,0.04,0.0,0.0,0.0,0.0,0.0,0.0,0.0,-0.01,0.0,0.0,0.0,0.0,0.02,0.04
4726631C,CELENDIN,-6.85303,-78.14487,0.01,0.14,6.36,0.0,0.53,0.23,0.0,0.0,0.0,0.0,0.0,0.0,0.0,0.01,0.0,0.0,0.0,0.0,0.0,0.0
472501F4,BALSAS,-6.84461,-78.03025,0.0,0.0,0.02,0.0,0.0,0.0,0.0,0.0,0.0,0.0,0.0,0.0,0.0,0.0,0.0,0.0,0.0,0.0,0.0,0.0
4726C3E4,CHOTA,-6.55405,-78.67588,0.0,1.38,0.0,0.52,0.0,0.34,0.54,0.02,0.0,0.0,1.24,2.56,0.0,0.0,0.0,0.0,0.26,3.78,0.0,0.0
47E94706,HUAMBOS,-6.45364,-78.96319,0.0,0.05,0.0,0.0,0.0,0.03,0.0,1.36,4.08,0.0,2.92,0.11,0.0,0.01,0.0,0.0,0.48,2.12,0.0,0.0
47E1D6C2,PUENTE SAN CARLOS,-6.61515,-79.27136,0.0,0.0,0.0,0.0,0.0,0.0,0.0,0.0,0.0,0.0,0.0,0.0,0.0,0.02,0.0,0.0,0.0,0.02,0.0,0.0
472C92CA,CASCABAMBA,-7.38407,-78.72682,0.07,1.08,0.0,0.0,0.0,0.01,0.0,0.0,0.0,0.01,0.0,0.0,0.0,0.05,0.0,0.0,0.0,3.12,0.32,0.0
4727470A,PUENTE CHILETE,-7.21968,-78.83798,0.0,0.02,0.0,0.0,0.0,0.0,0.0,0.0,0.0,0.0,0.0,0.0,0.0,0.0,0.0,0.0,0.0,0.02,0.02,0.0
472C81BC,GUZMANGO,-7.38133,-78.9033,0.0,0.0,0.0,0.0,0.0,0.0,0.0,0.0,0.0,0.0,0.0,0.0,0.0,0.06,0.0,0.0,0.0,0.02,0.02,0.0
109091,SAUCEPAMPA,-9.0309,-77.7763,0.0,0.0,0.0,0.0,0.0,0.0,0.0,0.0,0.0,0.02,2.04,0.0,0.0,0.14,0.0,0.0,0.0,0.02,0.0,0.0
472182DA,PUENTE CAHUA,-10.60597,-77.34388,0.0,0.0,0.0,0.0,0.0,0.0,0.0,0.0,0.0,0.0,0.06,0.0,0.0,0.0,0.0,0.0,0.0,0.0,0.0,0.0
47259496,RECUAY,-9.72919,-77.45365,0.0,0.0,0.0,0.0,0.0,0.0,0.0,0.0,0.0,1.3,0.15,0.0,0.0,0.69,0.2,0.0,0.0,0.0,0.0,0.0
47E89394,PACHACOTO,-9.85243,-77.40607,0.0,0.0,0.0,0.0,0.0,0.0,0.0,0.0,0.09,2.37,0.54,0.0,0.0,0.26,0.06,0.04,0.0,0.0,0.0,0.0
110138,SHAQUEK,-10.07116,-77.52504,0.0,0.0,0.0,0.0,0.0,0.0,0.0,0.0,0.0,0.51,1.53,0.0,0.0,1.02,0.0,0.0,0.0,0.0,0.0,0.0
472B55E0,PUENTE SALINAS AMOJAO,-5.45096,-78.4894,0.0,0.0,0.0,0.0,0.0,0.0,0.0,0.17,0.02,0.0,0.0,0.0,0.0,0.01,0.0,0.0,0.0,0.0,0.0,0.0
472C57D4,BAGUA,-5.66145,-78.53403,0.0,0.0,0.02,0.0,0.0,0.0,0.26,0.0,0.0,0.0,0.0,0.0,0.0,0.0,0.0,0.0,0.0,0.0,0.0,0.0
472B607A,CORRAL QUEMADO,-5.75461,-78.69208,0.0,0.0,0.0,0.0,0.0,0.0,0.33,0.01,0.0,0.0,0.0,0.0,0.0,0.0,0.0,0.0,0.0,0.0,0.0,0.0
472B2370,MAGUNCHAL,-5.88987,-78.18876,0.0,0.0,0.0,0.0,0.0,0.0,0.07,0.0,0.0,0.07,0.0,0.0,0.0,0.0,0.0,0.0,0.0,0.02,0.32,0.0
220907,NARANJITO,-5.81968,-78.27598,0.0,0.0,0.0,0.0,0.0,0.0,0.0,0.0,0.0,0.27,0.0,0.0,0.0,-0.01,0.0,0.0,0.0,0.02,0.0,0.0
109096,BUENA VISTA,-9.43372,-78.20828,0.0,0.0,0.0,0.0,0.01,0.0,0.0,0.0,0.0,0.0,0.0,0.0,0.0,-0.01,0.0,0.0,0.0,0.0,0.0,0.0
4725A10C,CHAVIN,-9.58598,-77.17529,0.0,0.33,0.0,0.0,0.0,0.0,1.78,0.77,0.29,0.58,1.2,0.0,0.01,0.22,0.0,0.0,0.0,0.0,0.0,0.0
211408,CONDORCERRO,-8.65793,-78.26172,0.0,0.0,0.0,0.0,0.0,0.0,0.0,0.0,0.0,0.0,0.06,0.0,0.0,0.0,0.0,0.0,0.0,0.0,0.0,0.0
211601,SAN JACINTO,-9.141,-78.2023,0.0,0.0,0.0,0.0,0.0,0.0,0.0,0.0,0.0,0.0,0.0,0.0,0.0,0.0,0.0,0.0,0.0,0.0,0.0,0.0
113253,CURAHUASI,-13.5526,-72.7349,0.0,0.0,0.0,0.0,0.0,0.0,0.0,0.0,0.0,0.01,0.0,0.03,0.0,0.0,0.0,0.0,0.0,0.02,0.0,0.0
47263360,GRANJA SAN ANTONIO,-13.60492,-72.85693,0.0,0.0,0.0,0.0,0.0,0.0,0.0,0.0,0.0,0.0,0.0,0.0,0.0,0.0,0.0,0.0,0.0,0.22,0.0,0.0
472B16EA,HUACULLO,-14.65289,-72.57275,0.0,0.0,0.0,0.0,0.0,0.0,0.0,0.0,0.0,0.0,0.0,0.0,0.0,0.0,0.0,0.0,0.0,0.02,0.42,0.0
472A1410,CASACCANCHA,-13.98923,-72.29832,0.0,0.0,0.0,0.0,0.0,0.01,0.0,0.0,0.0,0.0,0.0,0.0,0.0,0.01,0.0,0.0,0.0,0.04,0.0,0.02
250900,PUENTE PAMPAS GORE APU,-13.43493,-73.82737,0.0,0.0,0.0,0.0,0.0,0.0,0.0,0.0,0.0,0.0,0.0,0.0,0.0,0.0,0.0,0.0,0.0,0.0,0.0,0.0
113246,TANCAYLLO,-13.63523,-73.69004,0.0,0.0,0.0,0.0,0.0,0.0,0.0,0.0,0.0,0.0,0.0,0.0,0.0,0.0,0.0,0.0,0.0,0.0,0.02,0.0
116085,AREQUIPA UV,-16.4042,-71.55155,0.0,0.0,0.0,0.0,0.0,0.0,0.0,0.0,0.0,0.0,0.0,0.0,0.0,0.0,0.0,0.0,0.0,0.0,0.0,0.0
116065,LA PAMPILLA,-16.41384,-71.53452,0.0,0.0,0.0,0.0,0.0,0.0,0.0,0.0,0.0,0.0,0.0,0.0,0.0,0.0,0.0,0.0,0.0,0.0,0.0,0.0
116083,CAYMA,-16.31689,-71.57919,0.0,0.0,0.0,0.0,0.0,0.0,0.0,0.0,0.0,0.0,0.0,0.0,0.0,0.0,0.0,0.0,0.0,0.0,0.0,0.0
472147C4,CHARCANI,-16.31086,-71.49511,0.0,0.0,0.0,0.0,0.0,0.0,0.0,0.0,0.0,0.0,0.0,0.0,0.0,0.0,0.0,0.0,0.0,0.0,0.0,0.0
116077,CHIGUATA,-16.40645,-71.40914,0.0,0.0,0.0,0.0,0.0,0.0,0.0,0.0,0.0,0.0,0.0,0.0,0.0,0.0,0.0,0.0,0.0,0.0,0.0,0.0
116079,HUASACACHE,-16.45774,-71.56635,0.0,0.0,0.0,0.0,0.0,0.0,0.0,0.0,0.0,0.0,0.0,0.0,0.0,0.0,0.0,0.0,0.0,0.0,0.0,0.0
472EE1AE,TINGO GRANDE,-16.45992,-71.57431,0.0,0.0,0.0,0.0,0.0,0.0,0.0,0.0,0.0,0.0,0.0,0.0,0.0,0.0,0.0,0.0,0.0,0.0,0.0,0.0
116082,SAN FRANCISCO,-16.38519,-71.49044,0.0,0.0,0.0,0.0,0.0,0.0,0.0,0.0,0.0,0.0,0.0,0.0,0.0,0.0,0.0,0.0,0.0,0.0,0.0,0.0
116078,TUCTUMPAYA,-16.48827,-71.33463,0.0,0.0,0.0,0.0,0.0,0.0,0.0,0.0,0.0,0.0,0.0,0.0,0.0,0.0,0.0,0.0,0.0,0.0,0.0,0.0
47E3B6D0,SAN JOSE DE UZUNA,-16.58103,-71.32836,0.0,0.0,0.0,0.0,0.0,0.0,0.0,0.0,0.0,0.0,0.0,0.0,0.0,0.0,0.0,0.0,0.0,0.0,0.0,0.0
116086,LAS SALINAS,-16.32064,-71.15212,0.0,0.0,0.0,0.0,0.0,0.0,0.0,0.0,0.0,0.0,0.0,0.0,0.0,0.0,0.0,0.0,0.0,0.0,0.0,0.0
4722E032,PUENTE DEL DIABLO,-16.42665,-71.67507,0.0,0.0,0.0,0.0,0.0,0.0,0.0,0.0,0.0,0.0,0.0,0.0,0.0,0.0,0.0,0.0,0.0,0.0,0.0,0.0
47E26242,BOYADERO,-16.58989,-72.00886,0.0,0.0,0.0,0.0,0.0,0.0,0.0,0.0,0.0,0.0,0.0,0.0,0.0,0.0,0.0,0.0,0.0,0.0,0.0,0.0
47E360B8,PATAHUASI,-16.05542,-71.41481,0.0,0.0,0.0,0.0,0.0,0.0,0.0,0.0,0.0,0.0,0.0,0.0,0.0,0.0,0.0,0.0,0.0,0.0,0.0,0.0
116081,YURA,-16.30271,-71.62395,0.0,0.0,0.0,0.0,0.0,0.0,0.0,0.0,0.0,0.0,0.0,0.0,0.0,0.0,0.0,0.0,0.0,0.0,0.0,0.0
47E27134,SOCOSANI,-16.25944,-71.72056,0.0,0.0,0.0,0.0,0.0,0.0,0.0,0.0,0.0,0.0,0.0,0.0,0.0,0.0,0.0,0.0,0.0,0.0,0.0,0.0
116084,CAMANA,-16.64395,-72.70432,0.0,-0.0,0.0,0.02,0.0,0.0,0.0,0.0,0.0,0.0,0.0,0.0,0.0,0.0,0.0,0.0,0.0,0.0,0.0,0.0
472D23BE,OCOÑA,-16.427,-73.1145,0.0,0.0,0.0,0.0,0.0,0.0,0.0,0.0,0.0,0.0,0.0,0.0,0.0,0.0,0.0,0.0,0.0,0.0,0.0,0.0
214400,HUATIAPA,-16.00806,-72.48355,0.0,0.0,0.0,0.0,0.0,0.0,0.0,0.0,0.0,0.0,0.0,0.0,0.0,0.0,0.0,0.0,0.0,0.0,0.0,0.0
4723D752,CHIVAY,-15.64163,-71.60169,0.0,0.0,0.0,0.0,0.0,0.0,0.0,0.0,0.0,0.0,0.0,0.0,0.0,0.0,0.0,0.0,0.0,0.0,0.0,0.0
47E3A5A6,HUANCA,-16.03458,-71.88108,0.0,0.0,0.0,0.0,0.0,0.0,0.0,0.0,0.0,0.0,0.0,0.0,0.0,0.0,0.0,0.0,0.0,0.0,0.0,0.0
112265,SAN MARTIN DE PORRES,-12.00889,-77.08447,0.05,0.0,0.0,0.02,0.0,0.0,0.0,0.0,0.0,0.0,0.0,0.0,0.0,-0.01,0.0,0.0,0.0,0.02,0.0,0.0
112208,SANTA ANITA,-12.04302,-76.97144,0.0,0.0,0.0,0.13,0.0,0.0,0.0,0.0,0.0,0.0,0.0,0.0,0.0,-0.01,0.0,0.0,0.0,0.04,0.0,0.0
112281,LAS PALMAS,-12.15675,-77.01303,0.0,0.01,0.0,0.06,0.01,0.0,0.0,0.0,0.0,0.0,0.0,0.01,0.0,-0.01,0.0,0.0,0.0,0.0,0.0,0.0
4725F170,HUAROS,-11.40744,-76.57584,0.0,0.0,0.0,0.0,0.0,0.0,0.0,0.0,0.0,0.13,0.0,0.0,0.0,0.77,0.0,0.0,0.0,0.18,0.0,0.0
212900,LA CAPILLA SENAMHI,-12.52183,-76.49658,0.0,0.05,0.12,0.2,0.0,0.0,0.0,0.0,0.0,0.0,0.0,0.0,0.0,0.01,0.0,0.0,0.0,0.0,0.0,0.0
113249,CAÑETE,-13.07475,-76.33042,0.0,0.0,0.0,0.01,0.0,0.0,0.0,0.0,0.0,0.0,0.0,0.0,0.0,-0.01,0.0,0.0,0.0,0.0,0.0,0.0
472191AC,SOCSI,-13.02825,-76.1945,0.0,0.0,0.0,0.0,0.0,0.0,0.0,0.0,0.0,0.0,0.0,0.0,0.0,0.0,0.0,0.0,0.0,0.0,0.0,0.0
47E214D2,SANTO DOMINGO,-11.37,-77.02833,0.0,0.0,0.0,0.0,0.0,0.0,0.0,0.0,0.0,0.0,0.0,0.0,0.0,0.0,0.0,0.0,0.0,0.0,0.0,0.0
4729E39A,PAMPA DE MAJES,-16.33565,-72.15266,0.0,0.0,0.0,0.0,0.0,0.0,0.0,0.0,0.0,0.0,0.0,0.0,0.0,0.0,0.0,0.0,0.0,0.0,0.0,0.0
472722EC,HUANCAVELICA,-12.77163,-75.01237,0.0,0.0,0.0,0.0,0.0,0.0,0.0,0.0,0.0,0.0,0.0,0.0,0.0,0.0,0.0,0.0,0.0,0.12,0.0,0.0
103065,AMAZONAS,-3.76397,-73.25492,0.0,0.06,0.0,0.0,0.0,0.0,0.0,0.0,0.0,0.06,0.0,0.03,0.0,0.03,0.0,0.0,2.54,0.0,0.0,0.0
101004,GUEPPI,0.1172,-75.2503,0.0,0.0,0.0,0.0,0.06,0.0,0.0,0.0,0.0,0.0,0.0,0.0,0.0,0.0,0.0,0.0,0.0,0.0,0.0,0.0
47E257D8,VICHAYCOCHA,-11.13916,-76.62455,0.0,0.0,0.0,0.0,0.0,0.0,0.0,0.0,0.0,1.8,0.02,0.0,0.0,0.0,0.0,0.0,0.0,0.0,0.0,0.0
47E330C4,SANTA CRUZ,-11.19827,-76.63487,0.0,0.0,0.0,0.0,0.0,0.0,0.0,0.0,0.0,1.31,0.01,0.0,0.0,0.02,0.0,0.0,0.0,0.0,0.0,0.0
47E2323E,CUCHUANCA,-11.20158,-76.7881,0.0,0.0,0.0,0.0,0.0,0.0,0.0,0.0,0.0,0.0,0.0,0.0,0.0,0.02,0.0,0.0,0.0,0.0,0.0,0.0
472CE45A,MATUCANA,-11.83911,-76.378,0.0,0.0,0.0,0.0,0.0,0.0,0.0,0.0,0.0,0.0,0.0,0.0,0.0,0.54,0.0,0.0,0.0,4.52,1.2,0.0
212700,PUENTE ANTAPUCRO,-12.0333,-76.6333,0.0,0.0,0.0,0.0,0.0,0.0,0.0,0.0,0.0,0.0,0.0,0.0,0.0,0.0,0.0,0.0,0.0,0.0,0.0,0.0
472D73C2,CASAPALCA,-11.638,-76.23325,0.0,0.0,0.0,0.0,0.0,0.0,0.0,0.0,0.0,0.41,0.0,0.0,0.0,0.11,0.0,0.0,0.02,0.08,0.0,0.0
212605,SAN MATEO ,-11.76012,-76.30111,0.0,0.0,0.0,0.0,0.0,0.0,0.0,0.0,0.0,0.0,0.0,0.0,0.0,0.34,0.0,0.02,0.0,5.02,0.02,0.0
472EC742,SAN MATEO DE OTAO,-11.847,-76.56359,0.0,0.0,0.0,0.0,0.0,0.0,0.0,0.0,0.0,0.0,0.0,0.0,0.0,0.06,0.0,0.0,0.0,3.9,0.58,0.0
472E24B0,SANTA EULALIA,-11.92,-76.66664,0.0,0.0,0.0,0.0,0.0,0.0,0.0,0.0,0.0,0.0,0.0,0.0,0.0,0.0,0.0,0.0,0.0,0.3,0.0,0.0
472CA750,SANTIAGO DE TUNA,-11.9832,-76.5242,0.0,0.0,0.0,0.0,0.0,0.0,0.0,0.0,0.0,0.0,0.0,0.0,0.0,0.0,0.0,0.0,0.0,0.26,0.0,0.0
110139,PICOY,-10.92159,-76.73703,0.0,0.0,0.0,0.0,0.0,0.0,0.0,0.0,0.0,0.46,0.0,0.0,0.0,0.14,0.0,0.0,0.0,0.0,0.02,0.0
4724966C,SAYAN,-11.13472,-77.19833,0.0,0.0,0.0,0.0,0.0,0.0,0.0,0.0,0.0,0.0,0.0,0.0,0.0,0.0,0.0,0.0,0.0,0.0,0.0,0.0
472364DC,CARANIA,-12.3444,-75.87215,0.0,0.0,0.0,0.0,0.0,0.0,0.0,0.0,0.0,0.0,0.0,0.0,0.0,0.0,0.0,0.0,0.0,0.0,0.0,0.0
47252718,ENAPU PERU,-3.72722,-73.23694,0.0,0.0,0.0,0.0,0.0,0.0,0.0,0.0,0.0,0.12,0.0,0.36,0.0,0.06,0.0,0.0,0.4,0.0,0.0,0.0
104112,SAN REGIS,-4.51301,-73.90751,0.0,0.0,0.0,0.0,0.0,0.0,0.0,0.0,0.0,0.0,0.0,0.01,0.15,0.5,0.0,0.0,0.0,2.24,0.0,0.0
4727547C,CABALLOCOCHA,-3.91125,-70.51206,0.0,0.0,0.0,0.0,0.0,0.0,0.0,0.0,0.0,0.01,0.0,0.0,2.77,3.04,0.0,0.0,0.0,11.76,0.0,0.0
47288486,PEBAS,-3.31791,-71.85962,0.0,0.39,0.0,0.0,0.0,0.0,0.0,0.0,0.0,0.0,0.71,0.47,0.0,0.01,0.0,1.14,0.0,0.0,0.0,0.0
47287402,CONTAMANA,-7.35254,-75.00632,0.0,0.0,0.0,0.0,0.0,0.0,0.0,0.0,0.0,0.0,0.0,0.0,0.0,0.0,0.0,0.0,0.0,0.0,0.0,0.0
260403,CACHUELA,-12.60442,-69.18304,0.0,0.0,0.0,0.0,0.0,0.0,0.0,0.0,0.0,0.0,0.0,0.0,0.0,0.0,0.02,0.0,0.0,0.0,0.0,0.0
260402,PUENTE HERRERA,-12.61361,-69.19413,0.0,0.0,0.0,0.0,0.0,0.0,0.0,0.0,0.0,0.0,0.0,0.0,0.0,0.0,0.02,0.0,0.0,0.0,0.0,0.0
260002,TAMBOPATA,-12.5925,-69.17529,0.0,0.0,0.0,0.0,0.0,0.0,0.0,0.0,0.0,0.0,0.0,0.0,0.0,0.0,0.02,0.0,0.0,0.0,0.0,0.0
112279,PUERTO MALDONADO,-12.5873,-69.2088,0.0,0.0,0.0,0.0,0.0,0.0,0.0,0.0,0.0,0.0,0.0,0.0,0.0,0.0,0.04,0.0,0.0,0.0,0.0,0.0
47E8336C,MALINOWSKY,-12.93411,-69.5175,0.0,0.0,0.0,0.0,0.0,0.0,0.04,0.0,0.0,0.05,0.0,0.0,0.0,0.01,0.16,0.0,0.0,0.0,0.0,0.0
47E8201A,SALVACION,-12.8312,-71.36446,0.0,0.0,0.05,0.0,0.0,0.17,3.24,0.11,0.0,2.37,0.18,0.0,0.01,-0.01,0.02,0.0,0.48,0.14,0.0,0.0
472587E0,IÑAPARI,-10.95589,-69.578,0.0,0.0,0.0,0.0,0.0,0.0,0.0,0.0,0.0,0.0,0.0,0.0,0.09,0.01,0.0,0.0,0.0,0.0,0.0,0.0
4723F1BE,MOQUEGUA,-17.17874,-70.93267,0.0,0.0,0.0,0.0,0.0,0.0,0.0,0.0,0.0,0.0,0.0,0.0,0.0,0.0,0.0,0.0,0.0,0.0,0.0,0.0
110137,12 DE OCTUBRE,-10.60641,-76.52927,0.0,0.01,0.0,0.0,0.0,0.0,0.03,0.01,0.06,9.87,0.27,0.01,0.0,0.18,0.0,0.0,0.0,0.08,0.0,0.0
4725D79C,OXAPAMPA,-10.59417,-75.38417,0.0,0.0,0.0,0.01,0.0,0.36,4.29,9.13,0.75,3.52,0.0,0.0,1.32,0.0,0.0,0.0,0.0,0.0,0.0,0.0
109093,PUERTO BERMUDEZ,-10.28619,-74.94356,0.0,0.0,0.0,0.0,0.0,0.0,0.03,0.0,0.14,0.32,0.0,0.0,0.0,-0.01,0.0,0.0,0.0,0.0,0.0,0.0
105112,MIRAFLORES,-5.17528,-80.61654,0.0,0.0,0.0,0.0,0.0,0.0,0.0,0.0,0.0,0.01,0.17,0.35,0.0,-0.01,0.02,0.0,0.0,0.0,0.0,0.0
105143,SAN MIGUEL,-5.24619,-80.68425,0.0,0.0,0.0,0.0,0.0,0.0,0.0,0.0,0.0,0.0,0.11,0.25,0.0,0.0,0.0,0.02,0.0,0.0,0.0,0.0
104113,PARTIDOR,-4.73197,-80.27978,0.0,0.0,0.0,0.0,0.0,0.0,0.0,0.0,0.0,0.75,0.0,0.0,0.0,0.25,0.46,0.04,0.0,0.14,0.22,0.0
47E0F2D4,LAGARTERA,-4.7285,-80.06956,0.0,0.0,0.0,0.0,0.0,0.01,0.02,0.0,0.0,2.18,0.31,0.0,0.0,1.26,0.94,0.0,0.0,0.04,1.3,0.1
47E0E1A2,BOCATOMA CHIPILLICO,-4.7142,-80.11825,0.0,0.0,0.0,0.0,0.0,0.01,0.0,0.0,0.0,1.27,0.04,0.0,0.0,0.64,0.86,0.0,0.0,0.02,0.92,0.02
47E0522C,TAMBO GRANDE,-4.93848,-80.34703,0.0,0.0,0.0,0.0,0.0,0.0,0.0,0.0,0.0,0.07,0.09,0.03,0.0,0.41,0.16,0.0,0.0,0.16,0.2,0.02
47E281B0,HUALCUY,-4.74701,-79.60729,0.0,0.0,0.0,0.0,0.0,0.0,0.0,0.0,0.0,0.09,0.01,0.0,0.0,0.0,0.02,0.04,0.0,9.32,0.26,0.0
104114,ALTO DE POCLUS,-4.91691,-79.89052,0.0,0.44,0.0,0.0,0.0,0.26,0.0,0.0,0.0,0.82,0.19,0.0,0.0,2.05,0.72,0.0,0.02,9.74,2.56,0.0
472FC5B8,PAIMAS,-4.63439,-79.94581,0.0,0.0,0.0,0.0,0.0,0.0,0.0,0.0,0.0,1.98,0.1,0.0,0.0,0.26,0.16,0.0,0.0,0.1,0.08,0.02
472FF022,SAPILLICA,-4.79639,-79.99972,0.0,0.0,0.0,0.0,0.0,0.0,0.08,0.04,0.0,1.58,0.26,0.0,0.06,0.84,0.5,0.0,0.0,0.58,0.08,0.0
47E9177A,EL CIRUELO,-4.29899,-80.1673,0.0,1.11,0.02,0.0,0.0,0.31,0.2,0.0,0.0,9.49,5.75,0.0,0.0,10.14,2.18,0.0,0.0,1.1,0.3,0.06
47E0C74E,PUENTE MACARA,-4.39338,-79.96412,0.0,0.01,0.01,0.0,0.0,0.02,0.05,0.0,0.0,2.47,0.24,0.01,0.0,0.35,0.54,0.02,0.0,0.7,0.08,0.02
472FE354,HUANCABAMBA,-5.24681,-79.45399,0.0,-0.0,0.0,0.0,0.0,0.0,0.0,0.0,0.0,0.0,0.0,0.0,0.0,0.0,0.0,0.0,0.0,0.2,0.0,0.0
472761E6,HUARMACA,-5.56586,-79.52544,0.0,0.0,0.0,0.0,0.0,0.02,0.0,0.0,0.0,0.14,0.0,0.0,0.0,0.54,0.0,0.0,0.0,0.22,0.0,0.0
472F86B2,CANCHAQUE,-5.40055,-79.6052,0.0,0.0,0.0,0.0,0.0,0.02,0.0,0.0,0.0,0.03,0.02,0.0,0.0,0.11,0.0,0.0,0.0,0.2,0.02,0.0
472F6540,CHULUCANAS,-5.10844,-80.16954,0.0,0.0,0.0,0.0,0.0,0.0,0.0,0.0,0.0,1.12,0.09,0.0,0.0,0.85,0.14,0.0,0.0,0.5,0.02,0.02
47E037CA,CORRAL DEL MEDIO,-5.18871,-79.89148,0.0,0.0,0.0,0.0,0.0,0.0,0.0,0.0,0.0,0.31,0.01,0.0,0.0,0.14,0.02,0.0,0.0,1.78,0.0,0.0
472FB328,CHALACO,-5.03389,-79.83,0.0,0.19,0.0,0.0,0.0,0.68,0.0,0.0,0.0,1.23,0.18,0.03,0.01,0.62,1.3,0.0,0.46,4.0,0.42,0.0
47E08444,SAN PEDRO,-5.07954,-80.0162,0.0,0.0,0.0,0.0,0.0,0.0,0.01,0.0,0.0,1.61,0.04,0.0,0.0,1.16,0.0,0.0,0.0,1.26,0.02,0.0
472F7636,MORROPON,-5.19465,-79.97107,0.0,0.0,0.0,0.0,0.0,0.0,0.0,0.0,0.0,0.49,0.01,0.0,0.0,0.06,0.0,0.0,0.0,0.7,0.0,0.0
47E067B6,SALITRAL,-5.34602,-79.83761,0.0,0.0,0.0,0.0,0.0,0.0,0.0,0.0,0.0,0.14,0.0,0.0,0.0,0.02,0.0,0.0,0.0,0.36,0.0,0.0
472FA05E,MALACASI,-5.33977,-79.85794,0.0,0.0,0.0,0.0,0.0,0.0,0.0,0.0,0.0,0.05,0.0,0.0,0.0,0.01,0.0,0.0,0.0,0.3,0.0,0.0
472F95C4,HACIENDA BIGOTE ,-5.32089,-79.78569,0.0,0.0,0.0,0.0,0.0,0.01,0.0,0.0,0.0,0.04,0.0,0.0,0.0,0.07,0.0,0.0,0.0,2.06,0.0,0.0
47E074C0,HACIENDA BARRIOS,-5.2895,-79.69909,0.0,0.0,0.0,0.0,0.0,0.01,0.0,0.01,0.0,0.02,0.0,0.0,0.0,0.2,0.0,0.0,0.0,0.66,0.0,0.0
105145,SANTO DOMINGO,-5.03827,-79.87049,0.0,0.02,0.21,0.0,0.0,0.01,0.2,0.0,0.0,0.72,0.21,0.0,0.02,0.47,1.12,0.0,0.0,3.92,0.24,0.0
47E0B1DE,PUENTE SIMON RODRIGUEZ,-4.87999,-81.02038,0.0,0.0,0.0,0.0,0.0,0.0,0.0,0.0,0.0,0.0,0.35,0.0,0.0,0.01,0.94,0.48,0.0,0.0,0.0,0.0
472FD6CE,LANCONES,-4.6429,-80.54716,0.0,0.0,0.0,0.0,0.0,0.0,0.0,0.0,0.0,0.31,0.76,0.0,0.0,0.19,0.08,1.2,0.0,0.02,0.04,0.02
47E0D438,ALAMOR,-4.47749,-80.39788,0.0,0.02,0.0,0.0,0.01,0.18,0.03,0.0,0.0,2.99,2.42,0.0,0.0,1.09,0.44,0.0,0.0,0.08,0.0,0.04
47E09732,LA ARDILLA,-4.49094,-80.38819,0.0,0.01,0.0,0.0,0.01,0.0,0.02,0.0,0.0,1.3,2.31,0.0,0.0,0.61,0.2,0.02,0.0,0.02,0.0,0.04
105120,CHUSIS,-5.51694,-80.83361,0.0,0.0,0.0,0.0,0.0,0.0,0.0,0.0,0.0,0.0,0.01,0.08,0.0,0.01,0.0,0.02,0.0,0.0,0.0,0.0
105144,BERNAL,-5.45449,-80.74262,0.0,0.0,0.0,0.0,0.0,0.0,0.0,0.0,0.0,0.0,0.12,0.16,0.0,0.0,0.0,0.0,0.0,0.0,0.0,0.0
472DD33A,PUNO,-15.82625,-70.01208,0.0,0.0,0.0,0.0,0.0,0.0,0.0,0.0,0.0,0.0,0.0,0.0,0.0,0.0,0.0,0.0,0.0,0.0,0.0,0.0
47256412,ENAFER,-15.83647,-70.016,0.0,0.0,0.0,0.0,0.0,0.0,0.0,0.0,0.0,0.0,0.0,0.0,0.0,0.0,0.0,0.0,0.0,0.0,0.0,0.0
472E4156,ILLPA,-15.68726,-70.07988,0.0,0.0,0.0,0.0,0.0,0.0,0.0,0.0,0.0,0.0,0.0,0.0,0.0,0.0,0.0,0.0,0.0,0.0,0.0,0.0
472CB426,LARAQUERI,-16.13592,-70.04589,0.0,0.0,0.0,0.0,0.0,0.0,0.0,0.0,0.0,0.0,0.0,0.0,0.0,0.0,0.0,0.0,0.0,0.0,0.0,0.0
270202,PUENTE AZANGARO,-14.92139,-70.18861,0.0,0.0,0.0,0.0,0.0,0.0,0.0,0.0,0.0,0.0,0.0,0.0,0.0,0.0,0.0,0.0,0.0,0.02,0.0,0.0
4721B992,UPINA,-13.88492,-70.08281,0.0,0.0,0.0,0.0,0.0,0.0,0.0,0.0,0.42,0.34,0.12,0.0,0.0,0.0,0.02,0.0,0.0,1.08,0.02,0.0
4721AAE4,AYMAÑA,-13.87279,-70.66759,0.0,0.0,0.0,0.0,0.0,0.21,0.16,0.0,0.53,0.27,0.06,0.0,0.0,-0.01,0.0,0.0,0.0,0.14,0.0,0.0
114137,CRUCERO,-14.36416,-70.02583,0.0,0.0,0.0,0.0,0.0,0.05,0.0,0.0,0.0,0.21,0.0,0.0,0.0,0.24,0.0,0.0,0.06,0.0,0.0,0.0
270001,DESAGUADERO,-16.56364,-69.03667,0.0,0.0,0.0,0.0,0.0,0.0,0.0,0.0,0.0,0.0,0.0,0.0,0.0,0.0,0.0,0.0,0.0,0.0,0.0,0.0
47251282,PUENTE CARRETERA RAMIS,-15.25544,-69.87381,0.0,0.0,0.0,0.0,0.0,0.0,0.0,0.0,0.0,0.0,0.0,0.0,0.0,0.0,0.0,0.0,0.0,0.0,0.0,0.0
210003,HUANCASAYA,-15.14308,-69.21467,0.0,0.0,0.0,0.0,0.02,0.07,0.0,0.0,0.03,0.0,0.0,0.0,0.0,0.0,0.0,0.0,0.0,0.0,0.0,0.0
115156,CABANILLAS,-15.63909,-70.34661,0.0,0.0,0.0,0.0,0.0,0.0,0.0,0.0,0.0,0.0,0.0,0.0,0.0,0.0,0.0,0.0,0.0,0.0,0.0,0.0
472DE6A0,PAMPAHUTA,-15.48369,-70.67599,0.0,0.0,0.0,0.0,0.0,0.0,0.0,0.0,0.0,0.0,0.0,0.0,0.0,0.0,0.0,0.0,0.0,0.0,0.0,0.0
472E37C6,PALCA,-15.2359,-70.59313,0.0,0.0,0.0,0.0,0.0,0.0,0.0,0.0,0.0,0.0,0.0,0.0,0.0,0.0,0.0,0.0,0.0,0.0,0.0,0.0
114134,ANANSAYA -PUNA,-14.33386,-70.52334,0.0,0.0,0.0,0.0,0.0,0.0,0.0,0.0,0.0,0.0,0.0,0.0,0.0,0.0,0.0,0.0,0.0,0.24,0.0,0.0
472CF72C,JULIACA,-15.47106,-70.17122,0.0,0.0,0.0,0.0,0.0,0.0,0.0,0.0,0.0,0.0,0.0,0.0,0.0,0.0,0.0,0.0,0.0,0.0,0.0,0.0
106144,JEPELACIO,-6.11275,-76.90761,0.0,0.98,0.0,0.0,0.0,0.0,0.0,0.0,0.01,0.01,0.0,0.0,0.01,0.05,0.0,0.0,0.0,0.0,0.0,0.0
107142,BELLAVISTA,-7.05517,-76.55836,0.0,0.0,0.0,0.0,0.0,0.0,0.0,0.0,0.0,0.0,0.0,0.0,0.0,0.0,0.0,0.0,0.0,0.0,0.0,0.0
210006,SHANAO,-6.41291,-76.60001,0.0,0.0,0.0,0.0,0.0,0.0,0.0,0.0,0.0,0.0,0.0,0.0,0.03,0.21,0.0,0.0,0.0,0.0,0.0,0.0
106145,TINGO DE PONAZA,-6.93722,-76.25267,0.0,0.0,0.0,0.0,0.0,0.0,0.0,0.0,0.0,0.0,0.0,0.0,0.0,0.0,0.0,0.0,0.0,0.0,0.0,0.0
4724851A,NARANJILLO,-5.80962,-77.39321,0.0,0.03,0.0,0.0,0.0,0.01,0.0,0.0,0.0,0.69,0.0,0.0,0.0,11.77,0.0,0.0,0.0,0.0,0.0,0.0
4723013A,EL PORVENIR,-6.58906,-76.31824,0.0,0.0,0.0,0.0,0.0,0.0,0.0,0.0,0.0,0.0,0.0,0.0,0.0,0.0,0.0,0.0,0.0,0.0,0.0,0.0
47E2E456,TOCACHE,-8.18475,-76.50789,0.0,0.07,0.0,0.0,0.0,0.0,0.0,0.01,0.0,0.0,0.0,0.0,0.0,0.0,0.0,0.0,0.0,0.0,0.0,0.0
47E13530,CERRO BLANCO,-17.96873,-70.15231,0.0,0.0,0.0,0.01,0.0,0.0,0.0,0.0,0.0,0.0,0.0,0.0,0.0,0.01,0.0,0.0,0.0,0.0,0.0,0.0
4722F344,LA TRANCA,-17.74313,-70.47178,0.0,0.0,0.01,0.12,0.0,0.0,0.01,0.01,0.0,0.0,0.0,0.0,0.0,-0.01,0.0,0.0,0.0,0.0,0.0,0.0
47E143A0,CAPLINA,-17.6921,-69.92511,0.0,0.0,0.0,0.0,0.0,0.0,0.0,0.0,0.0,0.0,0.0,0.0,0.0,0.0,0.0,0.0,0.0,0.0,0.0,0.0
47E195C8,CHALLATA,-17.81542,-70.09896,0.0,0.0,0.0,0.0,0.0,0.0,0.0,0.0,0.0,0.0,0.0,0.0,0.0,0.0,0.0,0.0,0.0,0.0,0.0,0.0
47E113DC,REPRESA PAUCARANI,-17.53436,-69.76499,0.0,0.0,0.0,0.0,0.0,0.0,0.0,0.0,0.0,0.0,0.0,0.0,0.0,0.0,0.0,0.0,0.0,0.0,0.0,0.0
47E2B42A,BOCATOMA EL AYRO,-17.58019,-69.62673,0.0,0.0,0.0,0.0,0.0,0.0,0.0,0.0,0.0,0.0,0.0,0.0,0.0,0.0,0.0,0.0,0.0,0.0,0.0,0.0
47E2C2BA,CANDARAVE,-17.268,-70.25409,0.0,0.0,0.0,0.0,0.0,0.0,0.0,0.0,0.0,0.0,0.0,0.0,0.0,0.0,0.0,0.0,0.0,0.0,0.0,0.0
47E1654C,CORACHAY II,-17.11435,-70.28838,0.0,0.0,0.0,0.0,0.0,0.0,0.0,0.0,0.0,0.0,0.0,0.0,0.0,0.0,0.0,0.0,0.0,0.0,0.0,0.0
47E12646,LAGUNA ARICOTA,-17.37093,-70.30847,0.0,0.0,0.0,0.0,0.0,0.0,0.0,0.0,0.0,0.0,0.0,0.0,0.0,0.0,0.0,0.0,0.0,0.0,0.0,0.0
47E186BE,PUENTE VIEJO,-17.61756,-70.76097,0.0,0.0,0.0,0.13,0.0,0.0,0.03,0.0,0.0,0.0,0.0,0.0,0.0,0.0,0.0,0.0,0.0,0.0,0.0,0.0
47E2D1CC,TARATA,-17.47937,-70.03665,0.0,0.0,0.0,0.0,0.0,0.0,0.0,0.0,0.0,0.0,0.0,0.0,0.0,0.0,0.0,0.0,0.0,0.0,0.0,0.0
47E292C6,CHUAPALCA,-17.30882,-69.66179,0.0,0.0,0.0,0.0,0.0,0.0,0.0,0.0,0.0,0.0,0.0,0.0,0.0,0.0,0.0,0.0,0.0,0.0,0.0,0.0
47E150D6,PUENTE TALAPALCA,-17.47487,-70.17265,0.0,0.0,0.0,0.0,0.0,0.0,0.0,0.0,0.0,0.0,0.0,0.0,0.0,0.0,0.0,0.0,0.0,0.0,0.0,0.0
117059,ANCOAQUE,-17.19972,-69.93917,0.0,0.0,0.0,0.0,0.0,0.0,0.0,0.0,0.0,0.0,0.0,0.0,0.0,0.0,0.0,0.0,0.0,0.0,0.0,0.0
47E2A75C,VILACOTA,-17.07909,-70.04302,0.0,0.0,0.0,0.0,0.0,0.0,0.0,0.0,0.0,0.0,0.0,0.0,0.0,0.0,0.0,0.0,0.0,0.0,0.0,0.0
47E1763A,SALIDA TUNEL KOVIRE,-17.23804,-70.00854,0.0,0.0,0.0,0.0,0.0,0.0,0.0,0.0,0.0,0.0,0.0,0.0,0.0,0.0,0.0,0.0,0.0,0.0,0.0,0.0
47E1B324,REPRESA JARUMAS,-17.3692,-69.94863,0.0,0.0,0.0,0.0,0.0,0.0,0.0,0.0,0.0,0.0,0.0,0.0,0.0,0.0,0.0,0.0,0.0,0.0,0.0,0.0
103068,PUERTO PIZARRO,-3.50396,-80.39538,0.0,0.0,0.01,0.0,0.0,0.0,0.01,0.01,0.0,0.01,3.77,0.47,0.0,0.0,1.14,0.0,0.0,0.02,0.04,0.0
47E024BC,PUENTE TUMBES,-3.5709,-80.4609,0.0,0.0,0.0,0.0,0.0,0.0,0.73,0.03,0.0,0.0,1.97,0.24,0.0,0.01,1.26,0.2,0.0,0.06,0.0,0.0
472EF2D8,CAMPAMENTO SEDE,-3.55115,-80.42962,0.0,0.0,0.0,0.0,0.0,0.0,0.06,0.02,0.0,0.0,2.54,0.13,0.0,0.01,1.82,0.02,0.0,0.06,0.0,0.0
472F264A,RICA PLAYA,-3.81333,-80.4575,0.0,0.0,0.05,0.0,0.01,0.0,0.23,0.0,0.16,0.0,1.26,0.84,0.0,0.01,2.22,0.0,0.0,0.02,0.0,0.0
472F43AC,HUASIMO,-3.99815,-80.50392,0.0,0.11,0.42,0.0,0.0,0.0,0.25,0.02,0.0,0.35,1.67,0.0,0.0,0.12,1.06,0.14,0.0,0.0,0.02,0.0
472F00A6,CABO INGA M,-3.97594,-80.40182,0.0,0.05,1.25,0.0,0.0,0.02,0.76,0.01,0.0,0.03,0.79,0.02,0.0,1.43,5.02,0.82,0.0,0.02,0.06,0.0
47E01126,CABO INGA H,-3.97873,-80.39938,0.0,0.2,1.59,0.0,0.0,0.04,0.69,0.06,0.01,0.27,0.91,0.0,0.0,0.33,1.38,0.02,0.0,0.0,0.12,0.0
4724A3F6,EL TIGRE,-3.7687,-80.45689,0.0,0.0,0.01,0.0,0.0,0.0,0.85,0.05,0.38,0.0,1.14,0.53,0.0,0.0,1.5,0.02,0.0,0.0,0.02,0.0
472F13D0,CAÑAVERAL,-3.93905,-80.65055,0.0,0.06,0.53,0.0,0.0,0.0,0.03,0.0,0.01,0.01,0.66,1.52,0.0,0.2,2.04,1.38,0.0,0.04,0.0,0.0
472F353C,MATAPALO,-3.68276,-80.19851,0.0,0.0,0.01,0.0,0.11,0.04,1.41,0.69,0.0,0.0,2.41,0.06,0.0,-0.01,2.44,0.0,0.0,0.06,0.02,0.0
47E86310,CALLERIA,-7.89825,-74.49886,0.0,0.0,0.0,0.0,0.0,0.0,0.0,0.0,0.0,0.0,0.0,0.0,0.0,0.0,0.0,0.0,0.0,0.0,0.0,0.0
47E87066,PUERTO ESPERANZA,-9.77083,-70.70666,0.0,0.0,0.0,0.0,0.0,0.0,0.0,0.0,0.0,0.0,0.0,3.04,0.01,0.01,0.0,0.0,0.0,0.0,0.0,0.0
114140,PAMPA BLANCA,-14.23722,-75.10389,0.0,0.0,0.0,0.0,0.0,0.0,0.0,0.0,0.0,0.0,0.0,0.0,0.0,0.0,0.0,0.0,0.0,0.0,0.02,0.0
213403,LETRAYOC,-13.65773,-75.74496,0.0,0.0,0.0,0.0,0.0,0.0,0.0,0.0,0.0,0.0,0.0,0.0,0.0,0.0,0.0,0.0,0.0,0.0,0.0,0.0
472DF5D6,HUAYTAPALLANA,-11.92717,-75.06186,0.0,0.0,0.0,0.0,0.12,0.03,0.0,0.0,0.0,0.0,0.0,0.0,0.0,0.01,0.0,0.0,0.0,0.0,0.0,0.0
4725C4EA,SATIPO,-11.2247,-74.6087,0.0,0.0,0.0,0.0,0.0,0.04,0.0,3.75,3.4,0.0,0.0,0.0,0.29,0.04,0.0,0.0,0.0,1.28,0.0,0.0
111299,POTSOTENI,-11.41316,-74.14723,0.0,0.0,0.0,0.0,0.0,0.01,0.0,0.0,4.16,0.03,0.0,0.0,0.0,0.68,0.0,0.0,0.0,0.0,0.0,0.0
47257764,TARMA,-11.3967,-75.6899,0.0,0.0,0.0,0.0,0.0,0.0,0.0,0.0,0.0,0.0,0.0,0.0,0.0,0.0,0.0,0.0,0.0,0.0,0.0,0.0
111288,CHACAPALPA,-11.7525,-75.74226,0.0,0.0,0.0,0.0,0.0,0.01,0.0,0.0,0.0,0.48,0.0,0.0,0.0,0.01,0.0,0.0,0.0,1.16,0.0,0.0
472D9030,MARCAPOMACOCHA,-11.40443,-76.32508,0.0,0.0,0.0,0.0,0.0,0.0,0.0,0.0,0.0,1.2,0.01,0.0,0.0,0.05,0.0,0.0,0.0,0.0,0.0,0.0
211001,SALINAR,-7.66069,-78.96109,0.0,0.0,0.0,0.0,0.0,0.0,0.0,0.2,0.0,0.0,0.0,0.0,0.0,0.0,0.0,0.0,0.0,0.0,0.0,0.0
472D30C8,CASAGRANDE,-7.75031,-79.18869,0.0,0.0,0.0,0.0,0.0,0.0,0.0,0.21,0.0,0.0,0.0,0.0,0.0,0.01,0.0,0.0,0.0,0.0,0.0,0.0
472D8346,CALLANCAS,-7.7675,-78.47729,0.0,0.0,0.0,0.0,0.0,0.0,0.0,0.44,0.0,0.0,0.0,0.0,0.0,0.0,0.0,0.0,0.0,0.0,0.02,0.0
107131,LA FORTUNA,-7.67042,-78.40242,0.0,5.19,0.0,0.0,0.0,0.0,0.18,0.01,0.01,0.06,0.0,0.0,0.0,0.11,0.02,0.0,0.2,0.66,0.02,0.0
472D60B4,USQUIL,-7.8186,-78.41497,0.0,0.0,0.0,0.0,0.0,0.0,0.0,0.07,0.0,0.01,0.0,0.0,0.0,0.0,0.0,0.0,0.0,0.04,0.02,0.0
472E74CC,PUENTE COINA,-7.79636,-78.38012,0.0,0.0,0.0,0.0,0.0,0.0,0.0,0.07,0.0,0.01,0.0,0.0,0.0,0.0,0.0,0.0,0.0,0.04,0.02,0.0
472EB1D2,CAPACHIQUE,-7.85642,-78.31184,0.0,-0.0,0.0,0.0,0.0,0.0,0.02,1.38,0.0,0.37,0.0,0.0,0.0,0.17,0.32,0.0,0.0,1.46,0.54,0.0
107130,TICAPAMPA,-7.91641,-77.90148,0.39,1.13,0.0,0.0,0.0,0.22,0.35,1.69,0.36,0.13,0.0,0.0,0.0,-0.01,0.0,0.0,0.0,0.0,0.02,0.0
4727319A,QUIRUVILCA,-8.00419,-78.3079,0.31,0.13,0.0,0.0,0.0,0.0,0.0,0.53,0.04,2.62,0.0,0.0,0.0,2.27,0.0,0.0,0.8,6.96,0.14,0.0
472E5220,PUENTE PALMIRA,-7.54919,-78.81051,0.0,0.0,0.0,0.0,0.0,0.0,0.0,0.0,0.0,0.0,0.0,0.0,0.0,0.0,0.0,0.0,0.0,0.0,0.04,0.0
472EA2A4,CASCAS,-7.47987,-78.82367,0.0,0.0,0.0,0.0,0.0,0.0,0.0,0.0,0.0,0.0,0.0,0.0,0.0,0.0,0.0,0.0,0.0,0.02,0.06,0.0
472D552E,LUCMA,-7.64333,-78.55135,0.0,0.0,0.0,0.0,0.0,0.0,0.0,0.0,0.0,0.0,0.0,0.0,0.0,0.0,0.0,0.0,0.0,0.0,0.0,0.0
47E0A2A8,EL TAMBO,-7.57398,-78.70655,0.0,0.0,0.0,0.0,0.0,0.0,0.0,0.91,0.0,0.0,0.0,0.0,0.0,0.01,0.0,0.0,0.0,0.0,0.0,0.0
472CC2B6,MARMOT,-7.7635,-78.66725,0.0,0.62,0.0,0.0,0.0,0.0,0.0,0.65,0.0,0.0,0.0,0.0,0.0,0.01,0.0,0.0,0.0,0.14,0.04,0.0
47E2F720,TINAJONES,-6.65489,-79.42792,0.0,0.0,0.0,0.0,0.0,0.0,0.0,0.0,0.0,0.0,0.0,0.0,0.0,0.0,0.0,0.0,0.0,0.0,0.0,0.0
106140,VISTA FLORIDA,-6.72775,-79.78088,0.0,0.0,0.0,0.0,0.0,0.0,0.0,0.0,0.0,0.0,0.0,0.0,0.0,0.0,0.0,0.0,0.0,0.0,0.0,0.0
106138,PUCHACA,-6.37353,-79.46673,0.0,0.0,0.0,0.0,0.0,0.0,0.0,0.0,0.0,0.0,0.0,0.0,0.0,0.02,0.0,0.0,0.0,0.08,0.0,0.0
47201542,TONGORRAPE,-6.06692,-79.68203,0.0,0.0,0.0,0.0,0.0,0.0,0.0,0.0,0.0,0.0,0.0,0.0,0.0,0.04,0.0,0.0,0.0,0.0,0.0,0.0
472F50DA,EL VIRREY,-5.53579,-79.98416,0.0,0.0,0.0,0.0,0.0,0.0,0.0,0.0,0.0,0.01,0.0,0.0,0.0,0.03,0.0,0.0,0.0,0.0,0.0,0.0
4726F67E,PASABAR,-5.83714,-79.81911,0.0,0.0,0.0,0.0,0.0,0.0,0.0,0.0,0.0,0.0,0.0,0.0,0.0,0.06,0.0,0.0,0.0,0.0,0.0,0.0
472A218A,ANTONIO RAYMONDI,-11.77606,-77.15139,0.0,-0.0,0.0,0.0,0.0,0.0,0.0,0.0,0.0,0.0,0.0,0.0,0.0,0.0,0.0,0.0,0.0,0.0,0.0,0.0
112278,CERES,-12.02867,-76.92711,0.0,0.0,0.0,0.09,0.0,0.0,0.0,0.0,0.0,0.0,0.0,0.0,0.0,0.01,0.0,0.0,0.0,0.02,0.0,0.0
212500,AGUA AZUL BOCATOMA,-11.80778,-76.99766,0.0,0.0,0.0,0.0,0.0,0.0,0.0,0.0,0.0,0.0,0.0,0.0,0.0,0.0,0.0,0.0,0.0,0.0,0.0,0.0
111286,CARABAYLLO,-11.90219,-77.03364,0.0,0.0,0.0,0.0,0.0,0.0,0.0,0.0,0.0,0.0,0.0,0.0,0.0,0.0,0.0,0.0,0.0,0.0,0.0,0.0
112181,CAMPO DE MARTE,-12.07056,-77.04314,0.08,0.0,0.0,0.05,0.01,0.0,0.0,0.0,0.0,0.0,0.0,0.0,0.0,0.0,0.0,0.0,0.0,0.0,0.02,0.0
472AC278,VON HUMBOLDT,-12.08221,-76.93944,0.0,0.0,0.0,0.0,0.0,0.0,0.0,0.0,0.0,0.0,0.0,0.0,0.0,0.0,0.0,0.0,0.0,0.0,0.02,0.0
111290,ÑAÑA,-11.98744,-76.84194,0.0,0.0,0.0,0.0,0.0,0.0,0.0,0.0,0.0,0.0,0.0,0.0,0.0,0.0,0.0,0.0,0.0,0.08,0.0,0.0
47278214,CHOSICA,-11.92986,-76.68964,0.0,0.0,0.0,0.0,0.0,0.0,0.0,0.0,0.0,0.0,0.0,0.0,0.0,0.0,0.0,0.0,0.0,0.22,0.04,0.0
112193,SAN BORJA,-12.10859,-77.00769,0.01,0.01,0.0,0.06,0.0,0.0,0.0,0.0,0.0,0.0,0.0,0.0,0.0,0.0,0.0,0.0,0.0,0.0,0.0,0.0
112267,SAN JUAN DE LURIGANCHO,-11.98164,-76.99925,0.0,0.0,0.0,0.03,0.0,0.0,0.0,0.0,0.0,0.0,0.0,0.0,0.0,-0.01,0.0,0.0,0.0,0.04,0.0,0.0
