codigo,estacion,latitud,longitud,2026091506,2026091512,2026091518,2026091600,2026091606,2026091612,2026091618,2026091700,2026091706,2026091712,2026091718,2026091800,2026091806,2026091812,2026091818,2026091900,2026091906,2026091912,2026091918,2026092000
ACOBAMBA,ACOBAMBA,-12.84361,-74.56161,0.01,1.68,4.53,3.97,0.14,0.13,2.76,0.61,0.02,0.16,0.66,0.11,0.02,0.06,0.77,9.1,1.51,0.12,0.23,2.85
ACOPALCA,ACOPALCA,-11.98732,-75.10352,0.82,0.05,3.2,5.66,0.02,0.01,0.99,0.95,0.08,0.14,1.37,2.7,0.41,0.32,1.17,4.33,2.11,0.01,0.61,4.53
ACOSTAMBO,ACOSTAMBO,-12.36078,-75.05725,7.22,2.01,4.71,6.98,0.31,0.05,1.93,2.07,0.04,0.1,2.03,2.27,0.25,0.47,3.11,4.64,0.25,0.02,0.82,2.06
AGUAYTIA,AGUAYTIA,-9.04225,-75.50624,0.0,0.01,0.03,0.03,0.01,0.18,0.2,0.71,6.9,1.89,8.21,0.05,0.0,0.72,0.08,0.03,0.01,0.0,0.01,2.34
AIJA,AIJA,-9.78164,-77.60674,0.34,0.19,0.46,3.71,0.07,0.09,0.24,0.6,0.04,0.09,0.34,0.59,0.24,0.03,0.68,2.18,0.22,0.02,1.15,0.98
ALAO,ALAO,-6.517,-76.73806,0.03,0.0,0.06,0.48,0.84,0.09,0.15,1.1,2.6,0.55,0.27,3.42,0.24,0.39,1.02,0.59,0.01,1.72,0.24,2.01
ALCANTARILLA,ALCANTARILLA,-11.06068,-77.55028,0.0,0.0,0.0,0.0,0.03,0.02,0.01,0.0,0.0,0.0,0.0,0.0,0.0,0.0,0.0,0.0,0.02,0.05,0.01,0.0
ALTO DE POCLUS,ALTO DE POCLUS,-4.9169,-79.89047,0.01,0.0,0.5,6.23,1.91,0.09,0.76,4.59,0.46,0.04,1.41,2.7,0.01,0.02,0.46,1.18,0.0,0.0,0.32,1.88
AMAZONAS,AMAZONAS,-3.7,-73.3,0.45,0.03,0.69,4.22,0.22,2.6,1.2,4.59,0.01,1.13,0.55,5.78,2.88,0.92,0.61,1.72,0.0,0.01,0.51,2.26
AMBAR,AMBAR,-10.75484,-77.2668,0.0,0.0,0.02,0.48,0.02,0.0,0.02,0.92,0.02,0.0,0.08,0.79,0.55,0.01,0.53,0.93,0.21,0.08,2.11,1.07
ANANEA,ANANEA,-14.67628,-69.53386,0.0,0.0,0.11,0.09,0.0,0.01,0.15,0.75,0.0,0.0,0.03,0.02,0.01,0.0,0.66,0.6,0.63,2.1,0.0,0.0
ANDAHUA,ANDAHUA,-15.5009,-72.3551,0.0,0.0,0.0,0.0,0.0,0.0,0.11,0.48,0.02,0.14,3.92,4.23,0.89,0.18,5.61,4.27,0.71,0.0,0.02,0.0
ANDAJES,ANDAJES,-10.78361,-76.90028,0.16,0.74,1.57,1.79,2.63,0.05,0.8,2.19,1.43,0.75,2.56,5.3,1.91,0.03,2.53,3.15,0.11,0.02,3.25,1.21
ANGAMOS,ANGAMOS,-5.18318,-72.87709,0.0,0.0,0.02,0.66,0.09,3.12,0.31,3.65,0.0,0.89,3.21,2.68,0.02,0.04,0.7,2.04,0.01,-0.01,0.46,2.98
ANTA ANCACHURO,ANTA ANCACHURO,-13.47242,-72.21876,0.0,0.0,0.05,0.68,0.0,0.02,1.29,0.53,0.0,0.01,0.18,0.18,0.28,0.23,2.25,0.39,6.08,5.49,0.63,0.02
APLAO,APLAO,-16.07288,-72.49226,0.0,0.0,0.0,0.0,0.0,0.0,0.0,0.0,0.0,0.0,0.0,0.38,2.1,3.7,0.34,0.82,0.0,0.0,0.0,0.0
ARAHUAY,ARAHUAY,-11.62091,-76.67034,0.0,0.0,0.02,0.93,1.91,0.11,0.25,0.18,0.01,6.2,4.81,0.34,9.47,1.62,0.55,0.61,0.0,-0.01,0.39,0.23
ARAMANGO,ARAMANGO,-5.41994,-78.43553,0.1,0.43,2.33,2.2,0.66,0.06,0.23,0.58,0.85,0.72,1.68,0.53,0.59,0.25,0.71,0.59,0.4,0.38,0.33,1.34
ARAPA,ARAPA,-15.17857,-70.10904,0.0,0.0,0.02,0.13,0.0,0.06,0.31,2.64,0.51,0.09,0.15,0.61,0.0,0.0,0.54,3.63,5.36,3.21,0.02,0.0
ARICOTA,ARICOTA,-17.32914,-70.23731,0.0,0.0,0.0,0.0,0.0,0.0,0.0,0.0,0.04,0.02,0.01,0.01,0.25,1.34,1.43,4.35,0.56,-0.01,0.0,0.32
ASUNCION,ASUNCION,-7.30938,-78.51583,0.1,0.0,0.72,1.45,0.04,0.0,0.03,0.56,0.02,0.04,1.36,1.27,0.04,0.02,0.74,2.04,0.14,0.01,0.35,1.29
AUCAYACU,AUCAYACU,-8.92972,-76.11167,0.0,0.0,4.04,5.98,3.29,4.05,4.94,4.04,2.99,4.13,5.06,4.77,8.25,0.04,3.47,6.87,1.39,0.15,0.72,5.91
AUGUSTO WEBERBAUER,AUGUSTO WEBERBAUER,-7.15083,-78.49309,0.1,0.0,0.72,1.45,0.04,0.0,0.03,0.56,0.02,0.04,1.36,1.27,0.04,0.02,0.74,2.04,0.14,0.01,0.35,1.29
AYABACA,AYABACA,-4.63776,-79.72743,0.0,0.0,0.06,4.53,0.22,0.0,0.3,3.28,0.14,0.0,0.43,2.2,0.18,0.01,0.13,0.31,0.01,0.0,0.02,2.08
AYAVIRI,AYAVIRI,-12.38208,-76.13672,0.0,0.0,0.0,0.12,0.24,0.0,0.01,0.03,0.18,0.0,0.02,0.02,0.4,0.17,0.0,0.0,0.0,-0.01,0.07,0.07
AYLAMBO,AYLAMBO,-7.19345,-78.52679,0.1,0.0,0.72,1.45,0.04,0.0,0.03,0.56,0.02,0.04,1.36,1.27,0.04,0.02,0.74,2.04,0.14,0.01,0.35,1.29
AYMARAES,AYMARAES,-14.29056,-73.25168,0.05,0.0,0.03,0.99,0.11,0.08,0.24,1.31,0.05,0.21,0.62,0.79,0.16,0.2,1.43,12.38,0.21,0.02,0.09,0.01
AYO,AYO,-15.68329,-72.27045,0.0,0.0,0.0,0.0,0.0,0.0,0.01,0.01,0.0,0.0,0.15,0.45,1.08,0.29,0.59,2.07,0.67,0.0,0.0,0.0
AZANGARO,AZANGARO,-14.91719,-70.19047,0.0,0.0,0.17,0.43,0.0,0.0,0.14,3.64,0.49,0.0,0.27,0.6,0.0,0.0,0.89,1.95,7.29,3.25,0.0,0.0
BAGAZAN,BAGAZAN,-4.72402,-73.53213,0.0,0.0,0.04,0.66,0.01,0.7,0.21,2.33,0.01,1.97,3.64,4.03,0.02,0.01,0.69,7.35,0.01,0.03,0.51,0.5
BAGUA CHICA,BAGUA CHICA,-5.66148,-78.53396,2.33,2.84,3.81,3.66,3.07,0.79,0.27,1.66,2.62,0.5,0.76,1.88,2.53,1.0,0.44,1.74,1.53,0.74,0.07,0.31
BAMBAMARCA,BAMBAMARCA,-6.67655,-78.51834,0.02,0.0,1.63,7.49,0.76,0.05,0.02,0.57,0.8,0.11,0.32,1.78,0.56,0.01,0.66,0.72,0.04,0.0,0.24,3.44
BELLAVISTA,BELLAVISTA,-3.49542,-73.06798,0.13,0.21,0.32,7.26,0.02,0.89,2.79,3.1,0.0,3.27,0.49,2.31,2.38,6.03,0.62,2.28,0.02,0.01,0.43,3.9
BERNAL,BERNAL,-5.48783,-80.75929,0.0,0.0,0.0,0.0,0.01,0.0,0.02,0.0,0.02,0.0,0.01,0.0,0.0,0.0,0.0,0.0,0.0,0.0,0.0,0.0
BOCATOMA,BOCATOMA,-17.57583,-69.62667,0.0,0.0,0.0,0.0,0.0,0.06,0.0,0.0,1.33,0.36,0.31,0.43,2.31,3.23,1.86,4.04,0.72,-0.01,0.0,0.0
BRETAÑA,BRETAÑA,-5.25028,-74.35028,0.01,0.02,0.37,0.27,0.0,0.08,0.47,2.88,0.01,0.01,15.05,6.38,0.01,0.0,0.85,3.12,0.01,0.07,0.29,0.4
BUENA VISTA,BUENA VISTA,-9.43371,-78.20825,0.0,0.0,0.0,-0.0,0.0,0.0,0.0,0.0,0.0,0.0,0.0,0.0,0.0,0.0,0.0,0.0,0.01,-0.01,0.0,0.0
CABALLOCOCHA,CABALLOCOCHA,-3.91123,-70.51189,0.0,0.0,0.06,0.22,6.54,1.35,0.31,2.06,4.22,0.07,0.37,1.38,3.76,0.11,2.8,0.72,0.0,6.78,0.76,1.15
CABANA,CABANA,-8.39058,-78.00461,0.0,0.0,1.2,0.97,0.01,0.0,0.13,0.27,0.01,0.4,0.61,0.89,0.01,0.0,1.06,0.78,1.01,0.98,4.14,2.63
CABANACONDE,CABANACONDE,-15.62259,-71.97409,0.0,0.0,0.0,0.01,0.02,0.02,0.98,3.84,0.14,0.08,1.21,2.05,0.26,0.33,5.25,6.57,0.76,0.0,0.0,0.0
CABANILLAS,CABANILLAS,-15.63911,-70.34661,0.0,0.0,0.0,0.21,0.0,0.0,0.27,2.69,0.44,0.02,0.02,1.18,1.34,0.02,1.14,4.05,0.21,0.01,0.0,0.0
CACHACHI,CACHACHI,-7.45106,-78.26855,0.0,0.0,0.02,0.24,0.0,0.01,0.0,0.02,0.0,0.02,0.3,0.09,0.06,0.0,0.21,0.08,0.05,0.01,0.11,2.56
CACHICADAN,CACHICADAN,-8.10851,-78.16605,0.02,0.0,1.44,2.08,0.14,0.0,0.1,0.53,0.0,0.01,0.84,0.74,0.0,0.0,1.34,2.53,0.0,0.15,1.75,4.23
CAICAY,CAICAY,-13.59999,-71.69548,0.0,0.0,0.26,0.42,0.03,0.03,2.91,1.64,0.04,0.2,0.19,0.23,0.08,0.09,0.82,0.87,0.27,3.5,0.26,0.21
CAIRANI,CAIRANI,-17.28121,-70.36269,0.0,0.0,0.0,0.0,0.0,0.0,0.0,0.0,0.04,0.02,0.01,0.01,0.25,1.34,1.43,4.35,0.56,-0.01,0.0,0.32
CAJABAMBA,CAJABAMBA,-7.62166,-78.05131,0.0,0.0,0.08,0.16,0.0,0.0,0.09,0.05,0.0,0.01,0.12,0.05,0.0,0.0,0.12,0.2,0.11,0.01,0.27,9.06
CAJAMARQUILLA,CAJAMARQUILLA,-9.63204,-77.74136,0.03,0.08,0.26,1.49,3.33,5.55,0.99,0.7,1.37,4.56,1.68,0.74,3.25,3.1,3.24,1.82,0.42,0.27,2.77,0.93
CAJATAMBO,CAJATAMBO,-10.47788,-76.98971,0.03,0.0,0.43,0.06,0.0,0.0,0.61,0.79,0.0,0.47,0.76,0.3,0.0,0.0,1.95,0.6,0.0,0.0,0.03,0.02
CALACOA,CALACOA,-16.73989,-70.68764,0.0,0.0,0.0,0.0,0.0,0.0,0.0,0.0,0.0,0.0,0.01,0.0,0.05,0.8,0.14,1.98,0.53,0.01,0.0,0.0
CALANA,CALANA,-17.97458,-70.19264,0.0,0.0,0.0,0.0,0.0,0.0,0.0,0.0,0.0,0.0,0.0,0.0,0.82,2.54,1.32,0.0,0.0,0.01,0.0,0.0
CALIENTES,CALIENTES,-17.88402,-70.14248,0.0,0.0,0.0,0.0,0.0,0.0,0.0,0.0,0.0,0.0,0.0,0.0,0.82,2.54,1.32,0.0,0.0,0.01,0.0,0.0
CALLANCAS,CALLANCAS,-7.76747,-78.49394,0.01,0.76,1.06,1.54,0.53,0.0,0.07,0.03,0.0,0.01,0.85,0.11,0.0,0.0,0.42,0.14,0.01,0.0,0.63,1.16
CAMANA,CAMANA,-16.61062,-72.68765,0.0,0.0,0.0,0.0,0.0,0.0,0.02,0.0,0.17,0.0,0.0,0.25,1.08,1.5,2.11,0.15,0.0,0.0,0.0,0.0
CAMAY,CAMAY,-10.91294,-77.6489,0.0,0.0,0.0,-0.0,0.0,0.0,0.01,0.0,0.0,0.0,0.0,0.0,0.0,0.0,0.0,0.0,0.02,0.06,0.01,0.0
CAMPO DE MARTE,CAMPO DE MARTE,-12.07053,-77.04317,0.0,0.0,0.0,0.0,0.0,0.0,0.0,0.0,0.0,0.0,0.0,0.0,0.15,0.16,0.0,0.05,0.15,0.08,0.01,0.05
CANCHAN,CANCHAN,-9.94889,-76.28806,0.03,0.24,0.34,0.5,0.05,0.07,0.27,0.07,0.52,0.49,0.74,0.02,0.3,0.47,0.71,0.43,1.69,2.15,0.58,1.5
CANDARAVE,CANDARAVE,-17.26775,-70.25536,0.0,0.0,0.0,0.0,0.0,0.0,0.0,0.0,0.04,0.02,0.01,0.01,0.25,1.34,1.43,4.35,0.56,-0.01,0.0,0.32
CANTA,CANTA,-11.47121,-76.62569,0.0,0.0,0.02,0.93,1.91,0.11,0.25,0.18,0.01,6.2,4.81,0.34,9.47,1.62,0.55,0.61,0.0,-0.01,0.39,0.23
CAPACHICA,CAPACHICA,-15.61344,-69.84222,0.0,0.0,0.0,0.07,0.0,0.24,0.27,2.96,2.44,0.49,0.02,1.14,0.16,0.0,0.08,5.68,7.6,1.68,0.0,0.02
CARAMPOMA,CARAMPOMA,-11.65531,-76.51514,0.13,0.0,1.79,5.39,0.77,0.0,0.78,1.21,0.65,0.34,0.7,5.34,0.8,0.07,1.56,0.56,0.01,0.0,0.69,0.12
CARANIA,CARANIA,-12.3444,-75.87215,0.01,0.01,1.53,4.25,0.05,0.0,0.22,2.72,0.03,0.11,0.81,1.45,0.02,0.08,1.37,3.59,0.01,0.01,1.22,0.6
CARAVELI,CARAVELI,-15.77568,-73.36259,0.0,0.0,0.0,0.0,0.0,0.23,0.08,0.74,0.1,0.0,0.1,2.31,8.39,7.2,1.75,1.35,0.01,0.0,0.0,0.0
CARPISH,CARPISH,-9.70567,-76.09425,0.0,0.0,0.52,1.19,0.17,1.08,0.85,1.4,0.5,2.85,1.98,1.5,1.47,0.72,1.08,0.69,0.07,0.0,0.88,1.14
CARUMAS,CARUMAS,-16.81145,-70.69543,0.0,0.0,0.0,0.0,0.0,0.0,0.0,0.0,0.0,0.0,0.01,0.0,0.05,0.8,0.14,1.98,0.53,0.01,0.0,0.0
CASAPALCA,CASAPALCA,-11.63804,-76.23332,0.73,0.59,2.78,5.7,0.14,0.0,0.4,3.75,0.08,0.08,1.04,5.39,0.39,0.09,2.41,4.33,0.08,0.0,0.58,0.0
CAYALTI,CAYALTI,-6.88079,-79.54701,0.0,0.0,0.0,0.0,0.1,0.0,0.0,0.0,0.0,0.0,0.0,0.0,0.0,0.0,0.0,0.0,0.0,0.01,0.0,0.0
CAYLLOMA,CAYLLOMA,-15.18361,-71.77019,0.0,0.0,0.0,0.37,0.18,0.01,1.72,5.05,1.2,0.47,1.39,1.75,0.04,0.16,1.12,5.64,0.18,0.03,0.01,0.0
CAÑAVERAL,CAÑAVERAL,-3.9391,-80.65058,0.0,0.0,0.0,0.0,0.43,0.0,0.0,0.07,0.07,0.02,0.02,0.58,0.01,0.0,0.0,0.06,0.0,-0.01,0.02,0.0
CCATCCA,CCATCCA,-13.60989,-71.56011,0.0,0.0,0.31,0.13,0.01,0.0,1.38,0.38,0.02,0.04,0.21,0.21,0.02,1.45,2.17,0.39,0.14,3.0,0.41,0.41
CELENDIN,CELENDIN,-6.85292,-78.14485,0.0,0.0,0.05,1.01,0.24,0.01,0.15,0.27,0.05,0.01,0.29,0.4,0.03,0.04,0.23,0.21,0.0,0.0,0.04,3.47
CERRO DE PASCO,CERRO DE PASCO,-10.69338,-76.26419,0.2,0.01,1.07,6.47,0.1,0.01,0.54,0.43,0.64,0.52,1.89,3.53,1.34,0.64,1.3,6.9,4.2,4.23,0.68,1.9
CHACCHAN,CHACCHAN,-9.53519,-77.77536,0.76,0.69,0.58,0.23,0.26,0.04,0.55,0.11,0.0,0.03,0.65,0.33,0.95,0.49,2.99,1.32,0.5,0.1,1.4,0.72
CHACHAPOYAS,CHACHAPOYAS,-6.2083,-77.86712,0.02,0.01,2.52,1.34,0.05,0.02,0.34,0.43,0.18,0.14,1.93,0.65,0.83,1.0,3.65,1.07,0.02,0.0,1.37,0.95
CHACHAS,CHACHAS,-15.50246,-72.26858,0.0,0.0,0.0,0.0,0.0,0.0,0.11,0.48,0.02,0.14,3.92,4.23,0.89,0.18,5.61,4.27,0.71,0.0,0.02,0.0
CHACLLABAMBA,CHACLLABAMBA,-13.10855,-71.72,0.0,0.0,3.73,8.56,0.37,0.02,5.42,8.56,0.31,0.01,0.66,0.46,0.0,1.37,4.03,3.07,0.1,0.01,1.71,5.51
CHAGLLA,CHAGLLA,-9.85008,-75.90706,0.0,0.0,0.52,1.19,0.17,1.08,0.85,1.4,0.5,2.85,1.98,1.5,1.47,0.72,1.08,0.69,0.07,0.0,0.88,1.14
CHALACO,CHALACO,-5.03865,-79.82502,0.0,0.0,0.23,0.76,0.02,0.0,0.05,0.09,0.02,0.0,1.1,0.37,0.01,0.01,0.02,0.08,0.0,0.07,0.26,0.7
CHALLABAMBA,CHALLABAMBA,-13.21754,-71.64938,0.0,0.0,1.23,1.72,0.15,0.02,2.69,4.29,0.06,0.11,0.56,0.7,0.18,0.79,1.91,0.86,0.04,1.9,3.61,2.36
CHALLACA,CHALLACA,-13.79047,-75.38212,0.0,0.0,0.0,0.0,0.0,0.0,0.0,0.01,0.0,0.0,0.0,0.0,0.05,0.15,0.0,0.01,0.01,-0.01,0.01,0.0
CHALLACA PLU,CHALLACA PLU,-13.7896,-75.40029,0.0,0.0,0.0,0.0,0.0,0.0,0.0,0.01,0.0,0.0,0.0,0.0,0.05,0.15,0.0,0.01,0.01,-0.01,0.01,0.0
CHANCAY BAÑOS,CHANCAY BAÑOS,-6.57583,-78.88111,0.06,0.02,0.63,2.24,0.43,0.14,0.39,0.25,0.64,1.02,1.27,2.91,0.49,0.08,1.79,5.54,0.27,0.03,0.77,2.55
CHAPARRA,CHAPARRA,-15.74765,-73.87089,0.0,0.0,0.0,0.0,0.0,1.29,0.47,0.65,2.12,0.0,0.29,1.85,0.95,6.61,4.7,0.89,0.0,0.0,0.0,0.02
CHAVIN,CHAVIN,-9.58633,-77.17526,0.86,0.34,1.16,3.28,2.19,0.08,0.85,0.4,2.04,1.21,1.46,2.54,2.89,0.43,1.21,4.04,2.27,1.49,1.4,2.07
CHAZUTA,CHAZUTA,-6.57119,-76.1315,0.0,0.0,0.69,1.85,0.03,0.16,0.85,5.56,0.44,0.36,3.46,3.83,0.21,0.41,2.99,2.37,0.05,-0.01,0.57,2.72
CHERREPE,CHERREPE,-7.11887,-79.56118,0.0,0.0,0.0,0.0,0.1,0.0,0.0,0.0,0.0,0.0,0.0,0.0,0.0,0.0,0.0,0.0,0.0,0.01,0.0,0.0
CHICHAS,CHICHAS,-15.54811,-72.90165,0.0,0.0,0.0,0.0,0.0,0.0,0.0,0.02,0.01,0.0,0.08,0.9,0.96,1.85,2.88,4.81,1.01,0.01,0.0,0.0
CHIGUATA,CHIGUATA,-16.40644,-71.40914,0.0,0.0,0.0,0.0,0.0,0.0,0.0,0.0,0.0,0.0,0.0,0.0,0.13,0.02,0.01,2.4,0.0,0.01,0.0,0.0
CHILCAYOC,CHILCAYOC,-13.88298,-73.7268,0.09,0.0,0.68,4.32,3.17,0.46,1.31,1.84,0.14,0.01,0.92,0.37,0.93,0.73,0.53,7.66,0.05,0.0,0.06,0.11
CHILETE,CHILETE,-7.21968,-78.83799,0.02,0.0,0.67,1.14,0.02,0.0,0.56,0.36,0.01,0.0,0.84,1.15,0.03,0.0,0.4,1.02,0.1,0.0,1.31,1.37
CHIQUIAN,CHIQUIAN,-10.14763,-77.15949,0.08,0.0,2.35,2.59,0.26,0.01,0.53,0.9,0.59,0.91,2.07,2.17,2.14,0.38,1.79,3.33,0.02,0.01,4.1,9.77
CHIRINOS,CHIRINOS,-5.3085,-78.91426,2.0,0.98,18.33,5.06,0.33,1.19,2.29,0.34,1.23,5.17,8.26,1.63,1.51,1.8,0.84,0.33,1.22,2.28,1.29,1.91
CHIVAY,CHIVAY,-15.64163,-71.58502,0.0,0.0,0.0,0.0,0.0,0.01,1.55,4.06,0.91,0.14,0.17,1.14,0.31,0.4,1.69,4.25,0.82,-0.01,0.0,0.02
CHOCO,CHOCO,-15.57707,-72.12963,0.0,0.0,0.0,0.0,0.0,0.0,0.11,0.48,0.02,0.14,3.92,4.23,0.89,0.18,5.61,4.27,0.71,0.0,0.02,0.0
CHONTACHACA,CHONTACHACA,-13.02389,-71.46778,0.01,0.0,0.0,0.11,0.01,2.88,1.76,0.27,0.63,0.46,0.03,0.0,0.05,0.06,0.18,0.89,0.13,0.08,0.02,0.22
CHONTALI,CHONTALI,-5.64361,-79.08472,1.36,1.03,6.82,6.43,0.89,0.9,4.52,1.44,3.98,2.0,5.24,5.97,2.93,1.31,7.9,3.54,1.42,1.76,2.44,0.94
CHOSICA,CHOSICA,-11.92986,-76.68975,0.0,0.0,0.0,0.0,0.0,0.0,0.01,0.0,0.0,0.0,0.0,0.0,0.01,0.01,0.0,0.0,0.0,0.02,0.0,0.0
CHOTA,CHOTA,-6.54713,-78.64863,0.19,0.05,0.77,6.58,1.21,0.14,0.25,0.34,1.66,0.21,1.05,0.65,1.03,0.17,0.66,2.87,0.31,0.06,0.92,5.68
CHOTANO LAJAS,CHOTANO LAJAS,-6.56216,-78.73885,0.19,0.05,0.77,6.58,1.21,0.14,0.25,0.34,1.66,0.21,1.05,0.65,1.03,0.17,0.66,2.87,0.31,0.06,0.92,5.68
CHUGUR,CHUGUR,-6.66874,-78.73799,0.02,0.0,3.63,8.04,0.43,0.07,0.85,3.24,0.46,0.17,0.82,4.88,0.27,0.01,0.88,4.22,0.02,0.0,2.89,10.16
CHULUCANAS,CHULUCANAS,-5.10843,-80.16956,0.01,0.0,0.0,1.31,0.0,0.0,0.01,0.74,0.28,0.04,0.02,0.06,0.02,0.02,0.0,0.05,0.0,0.0,0.0,0.0
CHUQUIBAMBA,CHUQUIBAMBA,-15.84601,-72.63398,0.0,0.0,0.0,0.0,0.0,0.0,0.02,0.02,0.21,0.0,0.12,2.98,2.37,7.17,2.51,4.71,0.57,0.01,0.13,0.37
CHUQUIBAMBILLA,CHUQUIBAMBILLA,-14.78791,-70.72849,0.0,0.0,0.08,0.56,0.01,0.0,0.56,2.2,0.5,0.05,0.22,0.71,0.0,0.0,1.18,0.47,8.83,0.82,0.04,0.0
COCHABAMBA,COCHABAMBA,-6.46009,-78.8886,0.06,0.02,0.63,2.24,0.43,0.14,0.39,0.25,0.64,1.02,1.27,2.91,0.49,0.08,1.79,5.54,0.27,0.03,0.77,2.55
COLCABAMBA,COLCABAMBA,-12.415,-74.68351,0.7,3.75,0.28,4.2,0.33,0.06,0.28,0.31,0.2,0.69,2.03,0.91,0.98,0.3,0.52,6.07,0.75,0.0,0.93,1.78
COLQUEPATA,COLQUEPATA,-13.36313,-71.67336,0.0,0.0,1.23,1.72,0.15,0.02,2.69,4.29,0.06,0.11,0.56,0.7,0.18,0.79,1.91,0.86,0.04,1.9,3.61,2.36
COMAS,COMAS,-11.74794,-75.13011,0.9,0.48,2.72,1.3,0.11,0.09,0.35,0.13,0.12,1.37,1.59,0.51,1.87,1.09,0.8,3.75,5.98,0.15,0.26,1.17
CONTAMANA,CONTAMANA,-7.35256,-75.00638,0.01,0.01,0.05,0.03,0.0,0.01,4.88,1.47,0.0,10.57,8.48,1.87,0.08,0.1,0.87,4.22,0.0,0.0,0.1,0.22
CONTUMAZA,CONTUMAZA,-7.36521,-78.82273,0.02,0.0,0.67,1.14,0.02,0.0,0.56,0.36,0.01,0.0,0.84,1.15,0.03,0.0,0.4,1.02,0.1,0.0,1.31,1.37
COPARA,COPARA,-14.97501,-74.90749,0.0,0.03,0.01,0.0,0.0,0.0,0.0,0.0,0.03,0.0,0.0,0.0,0.0,0.22,0.0,0.42,0.14,-0.01,0.0,0.0
CORACORA,CORACORA,-15.02861,-73.79611,0.0,0.0,0.03,0.1,0.18,0.34,5.82,3.35,2.14,0.0,2.66,6.67,1.21,0.89,5.24,2.1,0.51,0.0,0.0,0.0
CORDOVA,CORDOVA,-14.04061,-75.18698,0.0,0.0,0.0,0.0,0.0,0.0,0.0,0.18,0.43,0.0,0.0,0.04,1.5,1.68,0.16,0.18,0.0,0.01,0.05,0.0
COSPAN,COSPAN,-7.44524,-78.54106,0.15,1.46,2.93,11.78,4.0,0.0,1.11,1.35,0.75,0.11,0.19,1.05,0.3,0.0,0.36,0.79,0.26,0.01,1.39,0.54
COTAHUASI,COTAHUASI,-15.21111,-72.89325,0.0,0.0,0.0,0.02,0.0,0.0,0.88,2.34,0.22,0.31,1.91,9.58,1.19,5.46,5.83,15.81,1.67,-0.01,0.0,0.04
CRUCERO,CRUCERO,-14.3626,-70.0238,0.0,0.0,0.62,0.71,0.0,0.0,0.24,0.21,0.0,0.01,0.11,0.08,0.05,0.06,0.85,0.37,0.01,1.92,0.01,0.0
CRUCERO ALTO,CRUCERO ALTO,-15.781,-70.92793,0.0,0.0,0.0,0.0,0.01,0.0,1.5,5.34,0.94,0.0,0.0,0.95,0.44,0.02,0.42,5.43,0.27,0.01,0.0,0.0
CUEVA BLANCA,CUEVA BLANCA,-6.1313,-79.4045,0.39,0.74,4.56,5.07,2.37,0.34,0.72,2.4,1.12,1.82,1.4,1.59,0.72,0.0,1.18,0.97,8.75,7.06,0.54,1.45
CURAHUASI,CURAHUASI,-13.55253,-72.73487,0.0,0.0,0.29,0.6,1.11,1.25,1.27,1.33,1.37,1.78,0.85,1.21,1.53,2.27,2.79,1.55,7.61,0.96,0.36,0.27
CURPAHUASI,CURPAHUASI,-14.06284,-72.6669,0.0,0.0,1.19,0.71,0.02,0.29,1.59,0.19,0.03,0.59,2.8,0.37,0.27,1.1,2.15,1.34,3.01,0.06,0.04,0.02
CUSICANCHA,CUSICANCHA,-13.48732,-75.305,0.0,0.0,0.03,0.16,0.2,0.0,0.67,0.14,0.02,0.0,2.06,2.65,7.8,0.74,1.7,0.98,0.14,0.02,0.0,0.0
CUTERVO,CUTERVO,-6.37964,-78.80512,0.19,0.05,0.77,6.58,1.21,0.14,0.25,0.34,1.66,0.21,1.05,0.65,1.03,0.17,0.66,2.87,0.31,0.06,0.92,5.68
CUYO CUYO,CUYO CUYO,-14.47218,-69.55004,0.0,0.0,1.05,0.7,0.0,0.0,0.53,1.28,0.01,0.0,0.41,0.47,0.05,0.02,1.0,1.21,0.09,1.52,0.31,0.37
CUÑUMBUQUE,CUÑUMBUQUE,-6.50825,-76.48075,0.02,0.0,0.45,0.19,0.07,0.08,0.21,1.63,0.95,0.1,0.14,2.14,0.81,0.31,0.64,1.12,0.02,0.01,0.27,0.33
DESAGUADERO,DESAGUADERO,-16.57994,-69.03681,0.0,0.0,0.0,0.0,0.08,0.94,0.98,0.97,8.3,5.11,0.76,0.05,2.88,2.44,1.24,7.96,2.69,0.05,0.0,0.01
DOS DE MAYO,DOS DE MAYO,-9.70043,-76.77374,0.03,0.0,1.01,0.76,0.02,0.01,0.43,0.18,0.0,0.26,0.78,0.38,0.0,0.24,1.27,2.54,4.24,0.21,0.33,2.51
EL ALTO,EL ALTO,-4.27865,-81.21815,0.0,0.0,0.0,0.0,0.01,0.0,0.0,0.04,0.02,0.0,0.0,0.0,0.0,0.0,0.0,0.0,0.0,0.01,0.0,0.0
EL ESTRECHO,EL ESTRECHO,-2.59665,-72.66434,0.8,4.79,12.69,8.4,0.0,0.02,1.04,4.91,0.0,14.6,0.17,2.17,10.17,1.71,2.98,0.79,0.0,0.02,0.48,5.59
EL LIMON,EL LIMON,-5.91778,-79.31722,0.49,0.08,1.48,2.31,1.02,0.21,1.81,0.78,0.72,1.31,3.11,2.4,1.82,0.31,1.85,1.55,0.65,0.05,0.45,0.24
EL PALTO,EL PALTO,-6.00039,-78.47444,2.02,0.84,3.58,3.95,2.24,1.65,2.57,1.94,2.5,1.73,2.26,1.9,1.47,2.7,2.15,4.04,2.66,1.17,1.58,10.58
EL PORVENIR,EL PORVENIR,-6.58903,-76.31825,0.0,0.0,0.69,1.85,0.03,0.16,0.85,5.56,0.44,0.36,3.46,3.83,0.21,0.41,2.99,2.37,0.05,-0.01,0.57,2.72
EL SALTO,EL SALTO,-3.45171,-80.2802,0.0,0.0,0.0,0.68,3.13,0.0,0.0,2.33,0.78,0.02,0.01,0.02,0.16,0.05,0.22,1.53,0.46,0.29,0.27,0.66
EL VIRREY,EL VIRREY,-5.5337,-79.98233,0.0,0.83,0.13,0.02,0.01,0.0,0.0,0.17,0.0,0.11,0.08,0.01,0.0,0.0,0.0,0.0,0.0,-0.01,0.0,0.0
FLOR DE PUNGA,FLOR DE PUNGA,-5.38884,-74.32578,0.0,0.01,0.08,0.18,0.01,0.06,1.79,2.64,0.0,0.01,7.87,6.56,0.01,0.0,2.59,3.62,0.01,0.06,0.21,0.12
FONAGRO (CHINCHA),FONAGRO (CHINCHA),-13.47444,-76.13556,0.0,0.03,0.01,-0.0,0.0,0.01,0.0,0.0,0.01,0.0,0.0,0.0,0.27,1.08,0.29,0.0,0.04,0.01,0.0,0.0
FRANCISCO ORELLANA,FRANCISCO ORELLANA,-3.42361,-72.76694,0.72,0.77,1.56,6.96,0.0,0.89,8.05,1.27,0.14,6.81,0.82,1.39,3.38,2.11,2.33,3.12,0.35,0.13,2.49,3.31
GENARO HERRERA,GENARO HERRERA,-4.91003,-73.66944,0.0,0.0,0.11,0.56,0.01,0.5,0.71,1.3,0.01,0.18,3.76,5.35,0.08,0.0,0.69,3.41,0.01,0.0,0.42,2.03
GORGOR,GORGOR,-10.62136,-77.04026,0.03,0.0,0.43,0.06,0.0,0.0,0.61,0.79,0.0,0.47,0.76,0.3,0.0,0.0,1.95,0.6,0.0,0.0,0.03,0.02
GRANJA KAYRA,GRANJA KAYRA,-13.55675,-71.87517,0.0,0.0,0.26,0.24,0.0,0.0,0.6,0.43,0.0,0.0,0.07,0.51,0.14,0.17,0.33,0.79,0.58,5.32,0.53,0.2
GRANJA PORCON,GRANJA PORCON,-7.03753,-78.63339,0.0,0.01,4.05,16.0,0.04,0.0,0.08,1.36,0.18,0.01,0.11,5.55,0.35,0.0,0.43,8.93,0.05,0.0,10.1,6.72
GRANJA SAN ANTONIO,GRANJA SAN ANTONIO,-13.60492,-72.85693,0.0,0.0,0.29,0.6,1.11,1.25,1.27,1.33,1.37,1.78,0.85,1.21,1.53,2.27,2.79,1.55,7.61,0.96,0.36,0.27
HACIENDA BERNALES,HACIENDA BERNALES,-13.7578,-75.96641,0.0,0.0,0.0,0.0,0.0,0.0,0.0,0.0,0.01,0.0,0.0,0.0,0.29,1.17,0.17,0.0,0.01,0.0,0.01,0.0
HACIENDA BIGOTE,HACIENDA BIGOTE,-5.33757,-79.7857,0.0,0.0,0.02,0.53,0.01,0.02,0.02,0.47,1.04,1.39,0.89,0.78,0.36,0.68,0.03,2.24,0.08,0.02,0.0,0.27
HACIENDA PUCARA,HACIENDA PUCARA,-6.0419,-79.1342,0.49,0.08,1.48,2.31,1.02,0.21,1.81,0.78,0.72,1.31,3.11,2.4,1.82,0.31,1.85,1.55,0.65,0.05,0.45,0.24
HUAC-HUAS,HUAC-HUAS,-14.13236,-74.94104,0.0,0.0,0.0,0.0,0.0,0.0,0.0,0.0,0.0,0.0,0.03,0.03,0.93,0.56,0.02,0.01,0.0,0.0,0.0,0.0
HUACHOS,HUACHOS,-13.2206,-75.53348,0.0,0.0,0.0,0.01,0.0,0.0,0.22,0.32,0.19,0.01,0.45,0.63,4.01,0.21,0.76,1.91,0.0,0.05,0.0,0.0
HUAMACHUCO,HUAMACHUCO,-7.81916,-78.0568,0.0,0.0,0.66,1.91,0.66,0.0,0.03,0.12,0.0,0.03,0.63,0.27,0.0,0.0,0.5,0.42,0.16,0.02,0.79,9.86
HUAMANI,HUAMANI,-13.843,-75.59037,0.0,0.0,0.0,0.0,0.0,0.0,0.0,0.01,0.0,0.0,0.0,0.0,0.05,0.15,0.0,0.01,0.01,-0.01,0.01,0.0
HUAMANTANGA,HUAMANTANGA,-11.50247,-76.74675,0.0,0.0,0.02,0.93,1.91,0.11,0.25,0.18,0.01,6.2,4.81,0.34,9.47,1.62,0.55,0.61,0.0,-0.01,0.39,0.23
HUAMBO,HUAMBO,-15.74867,-72.10693,0.0,0.0,0.0,0.0,0.0,0.0,0.34,1.51,1.5,0.02,0.67,0.95,1.3,0.41,0.97,3.76,0.77,0.0,0.07,1.03
HUAMBOS,HUAMBOS,-6.45368,-78.96315,0.06,0.02,0.63,2.24,0.43,0.14,0.39,0.25,0.64,1.02,1.27,2.91,0.49,0.08,1.79,5.54,0.27,0.03,0.77,2.55
HUANCA,HUANCA,-16.01791,-71.88108,0.0,0.0,0.0,0.0,0.0,0.0,0.0,0.0,0.05,0.0,0.0,0.03,0.24,0.18,1.91,6.24,0.21,0.0,0.0,0.4
HUANCABAMBA,HUANCABAMBA,-5.24681,-79.45399,0.05,0.29,2.58,1.58,0.13,0.07,0.55,0.29,0.47,0.91,3.76,3.1,0.41,0.66,1.07,0.52,0.03,0.07,0.45,0.59
HUANCALPI,HUANCALPI,-12.58031,-75.24178,1.85,0.48,0.86,7.51,0.21,0.54,0.41,0.37,0.19,0.11,1.06,3.23,2.08,1.45,1.05,5.74,0.0,-0.01,0.6,0.43
HUANCANO,HUANCANO,-13.61784,-75.67102,0.0,0.0,0.0,0.0,0.0,0.0,0.0,0.0,0.0,0.0,0.0,0.0,0.0,0.0,0.03,0.0,0.0,0.0,0.0,0.0
HUANCAPI,HUANCAPI,-13.749,-74.06811,0.11,0.0,0.46,4.8,1.69,1.76,3.16,1.53,0.03,0.08,2.49,0.75,0.66,0.73,1.08,7.74,0.66,0.02,0.3,0.55
HUANCASANCOS,HUANCASANCOS,-13.93194,-74.33889,0.0,0.0,0.1,8.09,1.62,0.24,0.77,2.37,0.42,0.19,1.07,1.63,0.53,0.09,0.8,4.89,0.01,-0.01,0.0,0.0
HUANCATA,HUANCATA,-12.18618,-76.24066,0.0,1.1,0.45,2.69,1.51,0.0,0.26,0.61,0.41,0.0,0.37,1.27,1.34,0.33,0.52,0.08,0.0,0.0,0.89,0.96
HUANCAVELICA,HUANCAVELICA,-12.77154,-75.01241,0.61,0.93,1.34,5.98,1.65,0.45,1.56,1.41,0.05,0.04,0.96,3.04,1.67,1.05,1.21,3.29,0.19,0.01,1.43,0.22
HUANGACOCHA,HUANGACOCHA,-7.93754,-78.06807,0.07,0.03,2.13,4.65,1.17,0.0,0.11,0.38,0.0,0.0,0.36,0.93,0.03,0.0,0.85,1.23,0.18,0.01,2.46,5.93
HUANGASCAR,HUANGASCAR,-12.89858,-75.83365,0.0,0.0,0.0,0.24,0.85,0.0,0.02,0.01,0.02,0.0,0.45,0.27,3.45,0.13,0.76,5.71,0.18,0.37,0.89,0.4
HUANTA,HUANTA,-12.91133,-74.28324,0.02,0.06,0.46,3.03,0.02,0.18,0.65,0.55,0.0,0.02,0.85,0.36,0.18,0.06,0.85,4.01,1.09,0.43,0.09,0.95
HUANUCO,HUANUCO,-9.96556,-76.23694,0.03,0.24,0.34,0.5,0.05,0.07,0.27,0.07,0.52,0.49,0.74,0.02,0.3,0.47,0.71,0.43,1.69,2.15,0.58,1.5
HUARAYA MOHO,HUARAYA MOHO,-15.3881,-69.48419,0.0,0.0,0.0,0.11,0.03,0.92,0.16,0.45,4.22,0.37,0.03,0.47,0.0,0.0,0.27,5.58,9.68,1.87,0.01,0.0
HUARMACA,HUARMACA,-5.56479,-79.51975,0.03,0.08,0.67,1.01,0.06,0.02,0.2,0.24,0.02,0.88,0.64,1.11,0.25,0.23,0.93,0.53,0.01,0.05,0.11,0.34
HUARMEY,HUARMEY,-10.06812,-78.16232,0.0,0.0,0.0,0.0,0.0,0.0,0.0,0.0,0.0,0.0,0.0,0.0,0.0,0.0,0.01,0.0,0.01,0.0,0.01,0.0
HUAROS,HUAROS,-11.40743,-76.5758,0.02,0.0,0.86,2.83,0.04,0.01,0.76,1.44,0.42,0.42,1.0,3.82,0.27,0.13,1.47,1.44,0.0,-0.01,0.04,0.27
HUASACACHE,HUASACACHE,-16.45774,-71.56635,0.0,0.0,0.0,0.0,0.0,0.0,0.0,0.0,0.0,0.0,0.0,0.0,0.13,0.02,0.01,2.4,0.0,0.01,0.0,0.0
HUASAHUASI,HUASAHUASI,-11.26769,-75.63911,0.08,0.02,2.74,2.3,0.08,0.11,1.36,0.59,0.97,0.29,2.04,0.63,0.65,0.44,1.53,8.48,0.88,0.66,2.18,3.04
HUAYAN,HUAYAN,-11.45281,-77.12201,0.0,0.0,0.0,0.0,0.0,0.0,0.0,0.0,0.0,0.0,0.0,0.0,0.01,0.0,0.0,0.0,0.0,0.0,0.0,0.0
HUAYAO,HUAYAO,-12.04019,-75.3205,1.3,0.04,0.55,3.06,1.02,0.05,0.5,0.21,0.0,0.05,0.53,0.52,0.02,0.62,0.52,3.47,0.78,0.97,0.39,0.65
HUAÑEC,HUAÑEC,-12.29359,-76.13902,0.0,1.1,0.45,2.69,1.51,0.0,0.26,0.61,0.41,0.0,0.37,1.27,1.34,0.33,0.52,0.08,0.0,0.0,0.89,0.96
ICHUÑA,ICHUÑA,-16.14109,-70.5427,0.0,0.0,0.0,0.01,0.02,0.07,0.69,2.24,2.4,0.0,0.1,0.8,0.35,0.06,1.85,2.53,0.75,0.0,0.0,0.0
ILABAYA,ILABAYA,-17.40639,-70.525,0.0,0.0,0.0,0.0,0.0,0.0,0.0,0.0,0.0,0.0,0.0,0.0,0.13,0.17,3.22,1.32,0.0,0.0,0.0,0.0
ILAVE,ILAVE,-16.05994,-69.64039,0.0,0.0,0.0,0.0,0.08,0.02,0.64,1.62,1.22,0.12,0.15,1.69,5.42,0.01,0.6,7.23,2.96,0.03,0.02,0.1
ILO,ILO,-17.62381,-71.27189,0.0,0.0,0.0,-0.0,0.0,0.0,0.0,0.0,0.0,0.0,0.0,0.0,2.26,1.38,2.44,0.0,0.0,0.01,0.0,0.0
IMATA,IMATA,-15.84266,-71.09062,0.0,0.0,0.0,0.0,0.01,0.0,1.5,5.34,0.94,0.0,0.0,0.95,0.44,0.02,0.42,5.43,0.27,0.01,0.0,0.0
INCAHUASI,INCAHUASI,-6.23389,-79.33472,0.33,0.13,3.95,1.91,0.66,0.33,0.92,0.57,1.64,2.62,3.11,0.84,2.01,1.31,1.88,0.95,0.63,0.31,0.41,3.42
INGENIO,INGENIO,-11.87522,-75.29664,1.3,0.04,0.55,3.06,1.02,0.05,0.5,0.21,0.0,0.05,0.53,0.52,0.02,0.62,0.52,3.47,0.78,0.97,0.39,0.65
ISLA SOTO,ISLA SOTO,-15.56219,-69.48897,0.0,0.0,0.0,0.11,0.03,0.92,0.16,0.45,4.22,0.37,0.03,0.47,0.0,0.0,0.27,5.58,9.68,1.87,0.01,0.0
ISLA SUANA,ISLA SUANA,-16.34658,-68.85033,0.0,0.0,0.0,0.0,0.0,0.04,0.19,0.28,5.46,2.41,0.01,0.03,0.0,0.0,0.37,6.38,13.28,0.68,0.0,0.0
ISLA TAQUILE,ISLA TAQUILE,-15.77019,-69.69106,0.0,0.0,0.0,0.0,0.0,0.33,0.37,4.5,4.63,0.44,0.06,2.33,4.09,0.02,0.16,6.21,5.64,0.18,0.01,0.0
ITE,ITE,-17.86008,-70.95169,0.0,0.0,0.0,0.0,0.0,0.0,0.0,0.0,0.0,0.0,0.0,0.0,5.0,3.22,1.4,0.0,0.0,0.0,0.0,0.0
IÑAPARI,IÑAPARI,-10.95589,-69.578,0.0,0.0,0.0,0.34,0.0,0.0,0.01,0.0,0.0,0.0,0.02,0.11,0.0,0.02,0.06,0.41,0.0,0.0,0.14,0.1
JACAS CHICO,JACAS CHICO,-9.88474,-76.50094,0.09,0.08,1.05,3.11,0.28,0.18,1.05,0.69,0.64,2.38,3.19,2.27,0.82,0.69,1.3,3.03,5.15,0.57,1.72,4.04
JAEN,JAEN,-5.67664,-78.77416,1.24,1.1,2.86,1.18,4.33,1.27,0.31,0.01,1.21,1.91,1.99,0.22,1.16,1.16,0.71,0.4,0.97,1.65,0.19,0.13
JAMALCA,JAMALCA,-5.89269,-78.23394,0.51,0.02,0.33,0.77,0.22,0.07,0.31,0.22,0.07,0.13,1.17,0.34,0.43,0.0,1.15,1.77,0.13,0.02,0.87,1.33
JAUJA,JAUJA,-11.74793,-75.13013,0.9,0.48,2.72,1.3,0.11,0.09,0.35,0.13,0.12,1.37,1.59,0.51,1.87,1.09,0.8,3.75,5.98,0.15,0.26,1.17
JAYANCA,JAYANCA,-6.33159,-79.76869,0.39,1.58,1.75,0.16,0.54,0.51,0.0,0.0,0.0,0.04,0.0,0.03,0.01,0.0,0.0,0.0,0.09,0.37,0.03,0.0
JAZAN,JAZAN,-5.94484,-77.9825,0.06,0.01,0.87,7.86,0.18,0.02,0.86,0.63,0.5,0.05,1.81,1.21,0.25,0.02,2.62,6.32,0.14,0.01,1.83,3.43
JEPELACIO,JEPELACIO,-6.11275,-76.90761,0.02,0.39,3.33,2.12,1.29,0.61,2.32,2.98,0.92,1.17,2.01,4.23,0.15,2.87,2.35,0.37,0.01,0.0,0.45,1.21
JESUS,JESUS,-7.2457,-78.38841,0.1,0.0,0.72,1.45,0.04,0.0,0.03,0.56,0.02,0.04,1.36,1.27,0.04,0.02,0.74,2.04,0.14,0.01,0.35,1.29
JORGE BASADRE,JORGE BASADRE,-18.0269,-70.2509,0.0,0.0,0.0,0.0,0.0,0.0,0.0,0.0,0.0,0.0,0.0,0.0,0.82,2.54,1.32,0.0,0.0,0.01,0.0,0.0
JOSE OLAYA,JOSE OLAYA,-7.40711,-76.41389,0.06,0.1,0.17,1.14,3.0,0.97,0.07,4.26,2.59,2.0,1.0,3.8,2.07,1.74,1.35,1.91,0.0,0.09,0.08,2.61
JULCAN,JULCAN,-8.05895,-78.48607,0.09,0.0,1.19,1.64,0.1,0.0,0.21,0.51,0.0,0.01,0.94,1.29,0.0,0.01,1.06,1.1,0.0,0.0,3.01,7.13
JULIACA,JULIACA,-15.44415,-70.20778,0.0,0.0,0.0,0.09,0.05,0.0,0.9,2.08,0.27,0.0,0.11,0.75,0.94,0.01,0.3,1.75,1.92,0.05,0.0,0.0
JUNIN,JUNIN,-11.13528,-75.99972,2.4,0.05,4.27,2.24,0.03,0.02,0.75,1.53,0.02,0.07,1.3,2.83,0.13,0.18,3.78,7.29,0.44,0.02,0.36,0.42
LA CASCARILLA,LA CASCARILLA,-5.67778,-78.89778,1.36,1.03,6.82,6.43,0.89,0.9,4.52,1.44,3.98,2.0,5.24,5.97,2.93,1.31,7.9,3.54,1.42,1.76,2.44,0.94
LA CRUZ,LA CRUZ,-3.62829,-80.5526,0.01,0.0,0.01,0.21,0.8,0.0,0.05,0.04,0.59,0.02,0.02,0.04,0.02,0.0,0.02,0.11,0.01,0.01,0.02,0.02
LA ENCAÑADA,LA ENCAÑADA,-7.12327,-78.33314,0.09,0.04,1.05,0.98,0.24,0.04,0.02,0.14,0.06,0.41,2.24,0.28,0.13,0.1,0.96,1.8,0.02,0.0,0.76,6.55
LA ESPERANZA,LA ESPERANZA,-4.92114,-81.07636,0.0,0.0,0.0,0.0,0.05,0.0,0.02,0.0,0.02,0.02,0.0,0.0,0.16,0.0,0.0,0.0,0.0,0.0,0.0,0.0
LA HACIENDITA,LA HACIENDITA,-16.99861,-71.60083,0.0,0.0,0.0,0.0,0.0,0.0,0.0,0.0,0.0,0.0,0.0,0.0,0.17,0.06,1.82,0.55,0.0,-0.01,0.0,0.0
LA JOYA,LA JOYA,-16.58359,-71.92464,0.0,0.0,0.0,0.0,0.0,0.0,0.0,0.0,0.0,0.0,0.0,0.0,0.72,0.3,0.43,0.07,0.0,0.0,0.0,0.0
LA OROYA,LA OROYA,-11.57178,-75.95761,1.65,0.04,3.22,7.55,0.24,0.02,0.6,2.45,0.53,0.14,1.89,4.09,0.7,0.89,1.44,4.88,0.1,0.1,0.47,0.11
LA PAMPILLA,LA PAMPILLA,-16.41379,-71.53453,0.0,0.0,0.0,0.0,0.0,0.0,0.0,0.0,0.0,0.0,0.0,0.0,0.13,0.02,0.01,2.4,0.0,0.01,0.0,0.0
LA QUINUA,LA QUINUA,-13.03881,-74.14158,0.02,0.06,0.46,3.03,0.02,0.18,0.65,0.55,0.0,0.02,0.85,0.36,0.18,0.06,0.85,4.01,1.09,0.43,0.09,0.95
LA VICTORIA,LA VICTORIA,-7.19119,-78.45947,0.1,0.0,0.72,1.45,0.04,0.0,0.03,0.56,0.02,0.04,1.36,1.27,0.04,0.02,0.74,2.04,0.14,0.01,0.35,1.29
LA YARADA,LA YARADA,-18.21065,-70.52593,0.13,0.04,0.02,0.0,0.0,0.01,0.0,0.0,0.04,0.02,0.0,0.0,2.05,0.51,0.27,0.0,0.0,0.0,0.0,0.0
LACHAQUI,LACHAQUI,-11.554,-76.62706,0.0,0.0,0.02,0.93,1.91,0.11,0.25,0.18,0.01,6.2,4.81,0.34,9.47,1.62,0.55,0.61,0.0,-0.01,0.39,0.23
LAGUNAS,LAGUNAS,-5.21937,-75.7161,0.12,0.01,0.01,-0.0,0.0,0.0,1.75,3.08,1.9,2.71,10.59,2.4,0.04,0.07,0.71,4.78,0.0,0.0,0.1,0.43
LAIVE,LAIVE,-12.25228,-75.36053,9.17,0.47,0.35,4.59,0.72,0.51,0.12,0.3,0.02,0.12,0.41,3.22,3.47,1.45,0.13,6.23,0.22,0.09,0.31,0.46
LAMAS,LAMAS,-6.41875,-76.52794,0.02,0.0,0.45,0.19,0.07,0.08,0.21,1.63,0.95,0.1,0.14,2.14,0.81,0.31,0.64,1.12,0.02,0.01,0.27,0.33
LAMBAYEQUE,LAMBAYEQUE,-6.73438,-79.9265,0.0,0.0,0.0,0.0,0.0,0.01,0.0,0.0,0.0,0.45,0.01,0.0,0.0,0.01,0.02,0.0,0.0,0.0,0.0,0.0
LAMPA,LAMPA,-15.36108,-70.37417,0.0,0.0,0.0,0.04,0.01,0.0,0.21,2.29,0.46,0.0,0.79,0.89,0.0,0.0,0.62,3.83,6.81,1.03,0.0,0.0
LANCONES,LANCONES,-4.64288,-80.54718,0.0,0.0,0.0,0.03,0.01,0.0,0.0,0.0,0.02,0.0,0.01,0.0,0.02,0.0,0.0,0.0,0.0,0.01,0.0,0.0
LARAQUERI,LARAQUERI,-16.136,-70.04589,0.0,0.0,0.0,0.0,3.33,0.0,0.44,6.21,0.72,0.01,0.27,1.0,4.55,2.14,3.37,3.98,0.05,-0.01,0.0,0.0
LAS SALINAS,LAS SALINAS,-16.32064,-71.15212,0.0,0.0,0.0,0.0,0.0,0.0,0.0,0.31,0.49,0.21,1.19,0.56,0.92,1.36,0.78,3.16,1.55,-0.01,0.0,0.0
LETRAYOC,LETRAYOC,-13.65773,-75.74496,0.0,0.0,0.0,0.0,0.0,0.0,0.0,0.0,0.1,0.0,0.0,0.0,0.0,0.0,0.0,0.0,0.0,0.0,0.0,0.0
LIMBANI,LIMBANI,-14.13969,-69.68702,0.0,0.0,0.76,0.88,0.0,0.0,0.67,1.33,0.0,0.02,0.24,0.29,0.02,0.13,2.24,0.69,0.01,1.34,0.09,0.48
LIRCAY,LIRCAY,-12.98146,-74.71809,0.14,0.39,1.94,7.04,1.01,0.25,1.53,4.6,0.66,1.24,3.14,5.31,1.44,0.56,0.87,5.93,0.2,0.0,1.13,0.45
LIVES,LIVES,-7.09686,-79.04045,0.0,0.0,5.46,14.06,1.76,0.0,1.94,3.92,1.75,0.05,7.2,14.49,1.5,1.43,7.14,12.66,0.15,0.0,7.4,7.86
LLALLY,LLALLY,-14.95286,-70.88053,0.0,0.0,0.21,0.38,0.0,0.04,0.63,3.62,0.22,0.01,0.42,0.72,0.0,0.0,0.89,3.72,4.44,0.15,0.06,0.0
LLAMA,LLAMA,-6.51443,-79.12262,0.06,0.02,0.63,2.24,0.43,0.14,0.39,0.25,0.64,1.02,1.27,2.91,0.49,0.08,1.79,5.54,0.27,0.03,0.77,2.55
LLAPA,LLAPA,-6.995,-78.81119,0.0,0.01,4.05,16.0,0.04,0.0,0.08,1.36,0.18,0.01,0.11,5.55,0.35,0.0,0.43,8.93,0.05,0.0,10.1,6.72
LOMAS,LOMAS,-15.57119,-74.8503,0.06,0.13,0.13,0.08,0.01,0.0,0.0,0.0,0.01,0.01,0.01,0.01,0.09,0.82,0.37,2.2,0.02,0.05,0.21,0.48
LOMAS DE LACHAY,LOMAS DE LACHAY,-11.37681,-77.36839,0.0,0.02,0.04,0.0,0.01,0.0,0.02,0.0,0.0,0.0,0.0,0.0,0.01,0.06,0.0,0.05,0.18,0.13,0.14,0.02
LOS UROS,LOS UROS,-15.82039,-69.97414,0.0,0.0,0.0,0.0,0.0,0.0,3.62,4.49,0.16,0.0,0.29,2.49,1.3,0.01,0.71,4.37,4.84,0.02,0.01,0.02
LUCANAS,LUCANAS,-14.62039,-74.24944,0.0,0.0,0.05,0.19,0.24,1.11,1.88,7.37,0.13,0.01,1.14,8.25,1.98,0.23,5.05,0.76,0.18,0.0,0.0,0.0
MACHAHUAY,MACHAHUAY,-15.65322,-72.50322,0.0,0.0,0.0,0.0,0.0,0.0,0.04,0.02,0.0,0.0,0.03,0.27,0.22,1.35,0.77,2.93,0.45,0.0,0.0,0.04
MACHU PICCHU,MACHU PICCHU,-13.16655,-72.54585,0.0,0.0,1.26,1.61,0.13,0.26,1.95,2.64,0.61,0.16,0.38,0.54,1.89,0.28,0.74,1.04,1.81,5.58,0.64,0.51
MACUSANI,MACUSANI,-14.06675,-70.42206,0.0,0.0,0.17,0.25,0.0,0.02,0.72,0.53,0.18,0.16,0.05,0.5,0.09,0.98,1.04,0.38,0.42,1.76,0.06,0.0
MADRIGAL,MADRIGAL,-15.61658,-71.81167,0.0,0.0,0.43,0.09,0.09,0.11,4.74,5.08,0.52,0.63,0.08,1.17,0.24,0.24,3.52,4.67,0.83,0.01,0.0,0.0
MAGDALENA,MAGDALENA,-7.25346,-78.65261,0.02,0.0,0.67,1.14,0.02,0.0,0.56,0.36,0.01,0.0,0.84,1.15,0.03,0.0,0.4,1.02,0.1,0.0,1.31,1.37
MALACASI,MALACASI,-5.33978,-79.85794,0.0,0.0,0.02,0.53,0.01,0.02,0.02,0.47,1.04,1.39,0.89,0.78,0.36,0.68,0.03,2.24,0.08,0.02,0.0,0.27
MALLARES,MALLARES,-4.85574,-80.73556,0.0,0.0,0.0,0.0,0.0,0.01,0.02,0.01,0.01,0.0,0.0,0.0,0.02,0.02,0.01,0.0,0.0,0.0,0.0,0.0
MALVAS,MALVAS,-9.92723,-77.65519,0.0,0.0,0.03,0.06,0.04,0.32,0.03,0.35,0.31,0.05,0.01,0.02,0.71,0.43,0.01,0.09,0.0,0.0,0.0,0.24
MANITI,MANITI,-3.53697,-72.8742,0.72,0.77,1.56,6.96,0.0,0.89,8.05,1.27,0.14,6.81,0.82,1.39,3.38,2.11,2.33,3.12,0.35,0.13,2.49,3.31
MATAPALO,MATAPALO,-3.68277,-80.19857,0.18,0.0,0.0,0.47,4.84,0.01,0.36,2.11,0.31,0.05,0.02,0.81,0.11,0.01,0.17,3.38,0.18,0.69,0.23,0.09
MATUCANA,MATUCANA,-11.83913,-76.37828,0.13,0.0,1.79,5.39,0.77,0.0,0.78,1.21,0.65,0.34,0.7,5.34,0.8,0.07,1.56,0.56,0.01,0.0,0.69,0.12
MAYORARCA,MAYORARCA,-10.17442,-77.34889,0.08,0.0,2.35,2.59,0.26,0.01,0.53,0.9,0.59,0.91,2.07,2.17,2.14,0.38,1.79,3.33,0.02,0.01,4.1,9.77
MAZAN,MAZAN,-3.48817,-73.08183,0.13,0.21,0.32,7.26,0.02,0.89,2.79,3.1,0.0,3.27,0.49,2.31,2.38,6.03,0.62,2.28,0.02,0.01,0.43,3.9
MAZO CRUZ,MAZO CRUZ,-16.73889,-69.71544,0.0,0.0,0.0,0.0,0.01,0.0,0.37,2.33,0.98,0.09,0.95,1.12,2.2,1.29,1.49,2.63,0.02,-0.01,0.0,0.0
MAÑAZO,MAÑAZO,-15.79944,-70.3395,0.0,0.0,0.0,0.21,0.0,0.0,0.27,2.69,0.44,0.02,0.02,1.18,1.34,0.02,1.14,4.05,0.21,0.01,0.0,0.0
MOLLEPATA,MOLLEPATA,-8.19137,-77.95397,0.02,0.25,0.9,1.12,0.0,0.0,0.06,0.23,0.0,0.0,0.11,0.34,0.0,0.06,0.49,0.29,0.0,0.01,0.57,0.15
MONTEGRANDE,MONTEGRANDE,-7.22499,-79.15323,0.0,0.05,0.03,0.03,0.0,0.0,0.05,0.02,0.0,0.0,0.28,0.0,0.0,0.01,0.0,0.05,0.0,0.0,0.0,0.0
MOQUEGUA,MOQUEGUA,-17.17875,-70.93269,0.0,0.0,0.0,0.0,0.0,0.0,0.0,0.0,0.0,0.0,0.0,0.0,1.47,0.03,2.91,0.4,0.0,-0.01,0.0,0.0
MORALILLO,MORALILLO,-3.89972,-73.33806,0.16,0.0,0.14,1.28,0.18,1.03,1.95,3.94,0.01,0.34,2.85,4.51,7.19,0.55,4.58,2.68,0.0,0.04,0.72,2.46
MORROPON,MORROPON,-5.19464,-79.98774,0.0,0.0,0.0,0.41,0.0,0.0,0.01,0.0,0.02,0.1,0.09,0.04,0.01,0.11,0.01,0.01,0.0,0.01,0.0,0.0
MOYOBAMBA,MOYOBAMBA,-6.04481,-76.96822,0.02,0.39,3.33,2.12,1.29,0.61,2.32,2.98,0.92,1.17,2.01,4.23,0.15,2.87,2.35,0.37,0.01,0.0,0.45,1.21
MUÑANI,MUÑANI,-14.77944,-69.96583,0.0,0.0,0.47,1.29,0.02,0.0,0.24,0.34,0.0,0.0,0.64,0.49,0.0,0.0,0.76,1.11,3.35,3.9,0.01,0.0
NAMBALLE,NAMBALLE,-4.99953,-79.08862,0.32,2.72,5.44,2.43,1.21,1.15,2.12,1.39,2.53,2.39,13.03,2.04,0.84,2.12,1.95,1.11,0.94,2.34,1.7,2.11
NAMORA,NAMORA,-7.2006,-78.32782,0.06,0.02,1.44,2.37,0.43,0.23,0.08,0.05,0.28,0.69,0.76,0.76,1.46,1.35,1.3,1.69,0.02,0.03,0.52,5.88
NARANJILLO,NARANJILLO,-5.80964,-77.39264,0.01,11.95,10.81,2.49,5.27,0.05,1.05,3.12,4.39,0.07,0.5,2.72,2.04,0.07,0.43,2.37,0.69,0.02,0.22,1.81
NAUTA,NAUTA,-4.51944,-73.60028,0.0,0.0,0.05,0.52,0.16,3.11,0.78,2.37,0.22,0.73,4.31,4.38,0.06,0.31,0.79,4.2,0.01,0.05,0.75,1.5
NIEPOS,NIEPOS,-6.92511,-79.12902,0.01,0.0,1.01,1.66,0.43,0.05,0.14,0.14,0.08,0.02,0.71,0.83,0.53,0.09,0.29,0.97,0.0,0.01,0.07,0.01
OBRAJILLO,OBRAJILLO,-11.4525,-76.62194,0.02,0.0,0.86,2.83,0.04,0.01,0.76,1.44,0.42,0.42,1.0,3.82,0.27,0.13,1.47,1.44,0.0,-0.01,0.04,0.27
OCROS,OCROS,-10.40457,-77.40025,0.0,0.0,0.0,0.03,0.05,0.0,0.0,0.01,0.0,0.0,0.01,0.0,0.28,0.03,0.0,0.0,0.0,0.01,0.0,0.0
OCUCAJE,OCUCAJE,-14.37844,-75.68208,0.0,0.0,0.0,0.0,0.0,0.1,0.05,0.0,0.05,0.02,0.0,0.0,0.63,0.01,0.0,0.15,0.24,0.01,0.0,0.0
OMATE,OMATE,-16.67531,-70.97925,0.0,0.0,0.0,0.0,0.0,0.0,0.0,0.0,0.0,0.0,0.0,0.0,0.0,0.09,0.0,1.07,0.05,0.01,0.0,0.0
ORCOPAMPA,ORCOPAMPA,-15.26387,-72.34096,0.0,0.0,0.07,0.15,0.0,0.0,4.36,4.48,0.11,0.31,0.27,3.85,0.07,0.04,5.31,3.14,0.3,0.01,0.0,0.0
OXAPAMPA,OXAPAMPA,-10.56424,-75.41845,0.0,0.0,1.09,1.83,1.6,0.24,0.69,1.31,0.13,4.08,1.68,1.1,0.11,4.29,1.16,1.63,0.2,0.21,1.18,2.41
OYON,OYON,-10.66769,-76.7687,0.49,0.0,1.18,3.04,0.05,0.01,1.08,1.53,0.02,0.59,1.26,3.91,0.79,0.79,1.53,3.42,0.02,0.02,1.0,0.56
OYOTUN,OYOTUN,-6.86394,-79.32062,0.02,0.24,0.29,0.52,0.05,0.0,0.02,0.14,0.31,0.17,0.15,1.72,0.56,0.0,0.11,1.21,0.02,0.01,0.09,0.04
PACARAN,PACARAN,-12.85023,-76.05793,0.0,0.0,0.01,0.31,0.01,0.0,0.02,0.11,0.16,0.0,0.18,0.18,0.54,0.01,0.04,0.01,0.0,0.06,0.73,0.06
PACAYZAPA,PACAYZAPA,-6.2818,-76.76171,0.03,0.0,0.14,1.93,0.03,0.01,1.06,1.3,0.63,0.41,0.28,2.53,0.25,0.89,2.97,2.04,0.03,0.0,0.2,1.04
PACHAMACHAY,PACHAMACHAY,-11.06525,-76.9141,0.0,0.0,0.02,0.02,0.01,0.0,0.03,0.24,0.0,0.0,0.14,0.34,0.11,0.0,0.05,0.0,0.0,0.01,0.03,0.67
PACHIZA,PACHIZA,-7.29322,-76.77092,0.08,0.19,0.07,0.06,4.71,2.62,0.08,0.75,10.86,3.43,0.43,2.43,1.37,1.97,0.73,0.43,0.0,0.24,0.07,1.34
PALCA,PALCA,-17.77794,-69.95864,0.0,0.0,0.0,0.0,0.0,0.0,0.0,0.0,0.0,0.01,0.0,0.0,0.43,5.43,11.28,3.4,0.02,0.0,0.0,0.0
PALPA,PALPA,-14.54939,-75.18926,0.0,0.01,0.0,0.0,0.0,0.0,0.0,0.0,0.0,0.0,0.0,0.0,0.01,1.41,1.18,0.0,0.05,-0.01,0.0,0.0
PAMPA BLANCA,PAMPA BLANCA,-14.23731,-75.10398,0.0,0.0,0.0,0.0,0.0,0.0,0.0,0.0,0.0,0.0,0.03,0.03,0.93,0.56,0.02,0.01,0.0,0.0,0.0,0.0
PAMPA DE ARRIEROS,PAMPA DE ARRIEROS,-16.06645,-71.59138,0.0,0.0,0.0,0.0,0.0,0.0,0.02,0.03,0.05,0.01,0.32,0.69,0.5,0.33,0.88,4.05,1.36,0.0,0.0,0.0
PAMPA DE MAJES,PAMPA DE MAJES,-16.319,-72.20248,0.0,0.0,0.0,0.0,0.0,0.0,0.0,0.0,0.0,0.0,0.0,0.0,0.0,0.6,0.07,0.03,0.0,0.0,0.0,0.0
PAMPACOLCA,PAMPACOLCA,-15.71672,-72.56829,0.0,0.0,0.0,0.0,0.0,0.0,0.04,0.02,0.0,0.0,0.03,0.27,0.22,1.35,0.77,2.93,0.45,0.0,0.0,0.04
PAMPAHUTA,PAMPAHUTA,-15.48369,-70.67599,0.0,0.0,0.0,0.23,0.08,0.0,2.55,3.94,0.48,0.0,0.19,0.24,0.02,0.0,0.23,4.8,1.11,0.05,0.0,0.0
PAMPAS,PAMPAS,-12.40203,-74.88414,2.05,1.85,1.26,9.14,1.11,0.04,2.13,1.85,0.01,0.05,0.92,1.65,0.55,0.69,2.94,6.74,0.27,0.01,0.31,1.3
PANANGA,PANANGA,-4.51556,-80.73944,0.0,0.0,0.0,0.37,0.01,0.02,0.17,0.01,0.01,0.05,0.03,0.0,0.0,0.01,0.0,0.01,0.0,0.0,0.0,0.0
PAPAYAL,PAPAYAL,-3.56732,-80.2499,0.0,0.0,0.0,0.68,3.13,0.0,0.0,2.33,0.78,0.02,0.01,0.02,0.16,0.05,0.22,1.53,0.46,0.29,0.27,0.66
PARIACANCHA,PARIACANCHA,-11.39364,-76.50294,0.02,0.0,0.86,2.83,0.04,0.01,0.76,1.44,0.42,0.42,1.0,3.82,0.27,0.13,1.47,1.44,0.0,-0.01,0.04,0.27
PARIACOTO,PARIACOTO,-9.55239,-77.88761,0.0,0.0,0.0,0.0,0.0,0.0,0.0,0.0,0.0,0.0,0.0,0.0,0.0,0.0,0.0,0.0,0.0,0.0,0.0,0.0
PARQUIN,PARQUIN,-10.96665,-76.71983,0.04,0.0,3.47,0.61,0.01,0.0,0.84,3.89,0.05,0.15,1.15,6.92,0.74,0.13,0.98,0.78,0.04,0.0,2.11,0.47
PARTIDOR,PARTIDOR,-4.64864,-80.26316,0.02,0.0,0.0,1.76,0.0,0.0,0.03,0.26,0.02,0.08,0.03,0.1,0.01,0.06,0.02,0.06,0.0,0.0,0.0,0.03
PARURO,PARURO,-13.76697,-71.84469,0.0,0.0,0.18,0.16,0.0,0.0,1.44,2.76,0.0,0.01,0.19,0.28,0.0,0.03,0.27,2.99,3.26,9.59,0.22,0.0
PASABAR,PASABAR,-5.83722,-79.81908,0.0,0.0,0.0,0.01,0.0,0.01,0.07,0.21,0.02,0.96,0.08,0.39,0.0,0.0,0.08,0.39,0.0,0.0,0.01,0.0
PAUCARAY,PAUCARAY,-14.06056,-73.63862,0.09,0.0,0.68,4.32,3.17,0.46,1.31,1.84,0.14,0.01,0.92,0.37,0.93,0.73,0.53,7.66,0.05,0.0,0.06,0.11
PAUCARBAMBA,PAUCARBAMBA,-12.55572,-74.53592,0.02,0.16,4.45,2.29,0.38,2.38,3.28,1.3,0.3,2.02,3.19,1.09,1.75,1.49,2.37,3.43,2.78,0.02,1.16,3.59
PAUZA,PAUZA,-15.29194,-73.35778,0.0,0.0,0.0,0.0,0.0,0.0,0.15,1.66,0.02,0.0,1.12,4.04,0.29,0.55,4.56,4.67,0.39,0.0,0.0,0.14
PEBAS,PEBAS,-3.31877,-71.85883,0.89,0.16,0.36,0.32,0.56,5.0,3.96,2.4,6.45,5.04,0.62,1.4,1.24,0.95,3.81,1.96,0.0,0.05,5.46,2.84
PICHANAKI,PICHANAKI,-10.93353,-74.86681,0.0,0.08,0.19,2.14,4.27,3.95,0.47,1.44,11.28,1.5,1.08,2.74,0.0,0.02,0.11,0.0,0.02,0.03,0.07,0.82
PICOTA,PICOTA,-6.91989,-76.33021,0.03,0.0,0.18,1.47,0.32,0.02,0.65,1.53,0.29,0.13,3.79,6.55,0.36,1.27,1.59,1.22,0.0,-0.01,0.05,0.18
PICOY,PICOY,-10.92162,-76.73701,0.04,0.0,3.47,0.61,0.01,0.0,0.84,3.89,0.05,0.15,1.15,6.92,0.74,0.13,0.98,0.78,0.04,0.0,2.11,0.47
PILCHACA,PILCHACA,-12.39939,-75.08411,2.05,1.85,1.26,9.14,1.11,0.04,2.13,1.85,0.01,0.05,0.92,1.65,0.55,0.69,2.94,6.74,0.27,0.01,0.31,1.3
PILLONES,PILLONES,-15.98125,-71.21669,0.0,0.0,0.0,0.0,0.0,0.0,0.61,2.23,0.65,0.08,0.08,0.61,0.09,0.17,3.3,1.21,1.91,-0.01,0.0,0.0
PILLUANA,PILLUANA,-6.77631,-76.29056,0.02,0.02,0.59,0.93,0.07,0.18,3.89,2.16,2.81,3.05,5.83,4.76,0.11,1.83,3.92,2.1,0.0,0.01,0.79,1.59
PIRA,PIRA,-9.58353,-77.70719,0.76,0.69,0.58,0.23,0.26,0.04,0.55,0.11,0.0,0.03,0.65,0.33,0.95,0.49,2.99,1.32,0.5,0.1,1.4,0.72
PIRCA,PIRCA,-11.24947,-76.65513,0.0,0.0,0.61,0.93,0.05,0.0,0.14,0.9,0.08,0.01,0.25,1.37,0.31,0.0,0.66,0.43,0.02,0.0,0.09,0.49
PISAC,PISAC,-13.4195,-71.85086,0.0,0.0,0.26,0.42,0.03,0.03,2.91,1.64,0.04,0.2,0.19,0.23,0.08,0.09,0.82,0.87,0.27,3.5,0.26,0.21
PISCOBAMBA II,PISCOBAMBA II,-8.87045,-77.35072,0.02,0.0,1.28,0.94,0.54,0.01,0.87,0.24,0.0,0.09,0.78,0.24,0.0,0.01,0.49,0.16,2.17,3.46,1.51,9.64
PIZACOMA,PIZACOMA,-16.90435,-69.36953,0.0,0.0,0.0,0.0,0.0,0.0,0.09,1.07,1.58,0.29,0.3,0.26,0.98,0.24,3.25,5.42,0.19,-0.01,0.0,0.0
POMABAMBA,POMABAMBA,-8.8217,-77.45733,0.0,0.0,0.89,1.26,1.12,0.4,0.61,0.23,0.02,0.81,1.37,0.66,0.15,0.2,1.48,0.24,4.42,1.9,1.17,8.64
POMACANCHI,POMACANCHI,-14.02781,-71.57258,0.0,0.0,0.14,0.08,0.0,0.0,0.76,0.61,0.0,0.01,0.21,0.36,0.01,0.16,0.2,1.4,3.94,7.06,0.49,0.0
PONGO DE CAYNARACHI,PONGO DE CAYNARACHI,-6.33047,-76.28175,0.15,0.01,0.39,0.23,0.02,0.01,1.5,1.16,1.11,0.02,4.04,3.7,0.17,0.48,0.58,4.34,0.61,-0.01,2.09,1.07
PORCULLA,PORCULLA,-5.84722,-79.50833,0.03,0.04,0.9,1.55,0.03,0.04,0.05,0.66,0.01,0.55,0.88,0.92,0.03,0.02,0.77,0.18,0.03,0.03,0.3,1.95
PORPERA,PORPERA,-15.3142,-71.30639,0.0,0.0,0.02,0.39,1.48,0.07,1.14,5.61,3.62,0.01,0.01,0.59,0.14,0.02,0.94,5.16,1.82,0.02,0.0,0.0
POZUZO,POZUZO,-10.08681,-75.54622,0.05,0.0,0.85,1.29,0.54,0.93,1.27,2.49,4.09,4.78,4.63,4.03,0.14,2.24,0.91,1.22,0.01,0.13,1.16,7.02
PROGRESO,PROGRESO,-14.67169,-70.36781,0.0,0.0,0.09,0.82,0.0,0.0,0.07,0.4,0.0,0.0,0.31,0.2,0.0,0.0,0.99,2.02,4.13,4.11,0.01,0.0
PUCALLPA - HUIMBAYOC,PUCALLPA - HUIMBAYOC,-6.4575,-75.84694,0.0,0.0,0.16,0.11,0.0,0.0,3.69,0.52,1.79,0.27,4.63,2.82,0.03,0.07,2.06,2.41,0.0,0.09,0.24,0.98
PUCARA,PUCARA,-15.04567,-70.37278,0.0,0.0,0.17,0.43,0.0,0.0,0.14,3.64,0.49,0.0,0.27,0.6,0.0,0.0,0.89,1.95,7.29,3.25,0.0,0.0
PUCHACA,PUCHACA,-6.37361,-79.46951,0.39,0.74,4.56,5.07,2.37,0.34,0.72,2.4,1.12,1.82,1.4,1.59,0.72,0.0,1.18,0.97,8.75,7.06,0.54,1.45
PUENTE INAMBARI,PUENTE INAMBARI,-13.18638,-70.38401,0.0,0.0,0.0,0.5,0.0,0.01,1.51,0.86,0.0,0.0,0.0,0.33,0.0,0.21,0.02,0.3,0.01,0.02,0.56,1.43
PUENTE MAGDALENA,PUENTE MAGDALENA,-11.7113,-76.83719,0.0,0.01,0.0,0.1,0.09,0.0,0.01,0.13,0.0,0.07,0.13,0.09,2.14,0.43,0.01,0.0,0.0,0.0,0.24,0.42
PUERTO ALMENDRA,PUERTO ALMENDRA,-3.82861,-73.37704,0.05,0.0,0.14,1.74,2.39,0.86,4.6,5.16,0.02,0.54,8.07,6.43,2.71,2.56,0.74,1.66,0.0,0.01,0.38,1.95
PUERTO INCA,PUERTO INCA,-9.38511,-74.96375,0.0,0.03,0.13,0.38,0.0,0.0,0.23,0.53,2.64,0.6,2.67,0.47,0.0,0.0,0.11,0.93,0.0,0.0,0.08,1.91
PUERTO MALDONADO,PUERTO MALDONADO,-12.5873,-69.20885,0.0,0.0,0.0,0.0,0.0,0.0,0.0,0.0,0.0,0.0,0.0,0.0,0.0,0.01,0.02,0.09,0.0,0.01,0.35,0.2
PUERTO OCOPA,PUERTO OCOPA,-11.14669,-74.30507,0.02,0.0,0.03,3.94,1.01,3.2,0.48,1.67,2.53,3.54,0.68,0.82,0.0,0.13,0.11,0.0,0.0,0.0,0.02,0.01
PUERTO PIZARRO,PUERTO PIZARRO,-3.5038,-80.39504,0.0,0.0,0.0,0.01,0.19,0.0,0.0,1.04,2.43,0.02,0.0,0.0,0.09,0.0,0.01,0.27,0.37,0.03,0.01,0.01
PUICA,PUICA,-15.07722,-72.67594,0.0,0.0,0.1,0.77,0.02,0.03,1.31,7.59,0.18,0.02,0.42,3.26,0.44,0.63,1.05,4.71,0.25,0.01,0.0,0.0
PULLHUAY (AYAHUASI),PULLHUAY (AYAHUASI),-15.16261,-72.74393,0.0,0.0,0.0,0.03,0.0,0.04,1.11,1.46,0.11,0.27,0.81,2.89,1.59,2.65,4.52,3.66,0.48,0.01,0.0,0.0
PUNCHANA,PUNCHANA,-3.75696,-73.27226,0.45,0.03,0.69,4.22,0.22,2.6,1.2,4.59,0.01,1.13,0.55,5.78,2.88,0.92,0.61,1.72,0.0,0.01,0.51,2.26
PUNO,PUNO,-15.82333,-70.01806,0.0,0.0,0.0,0.0,0.0,0.0,3.62,4.49,0.16,0.0,0.29,2.49,1.3,0.01,0.71,4.37,4.84,0.02,0.01,0.02
PUNTA ATICO,PUNTA ATICO,-16.23174,-73.69638,0.03,0.06,0.01,0.02,0.01,0.08,0.02,0.0,0.08,0.05,0.0,0.0,0.02,0.56,0.21,0.08,0.01,0.01,0.01,0.03
PUNTA COLES,PUNTA COLES,-17.69861,-71.37331,0.0,0.0,0.0,0.0,0.0,0.0,0.0,0.01,0.0,0.0,0.0,0.0,2.04,0.68,0.68,0.0,0.0,0.0,0.0,0.0
PUQUINA,PUQUINA,-16.62978,-71.18475,0.0,0.0,0.0,0.0,0.0,0.0,0.0,0.0,0.0,0.0,0.0,0.0,0.0,0.0,0.01,2.08,0.01,0.0,0.0,0.08
PUQUIO,PUQUIO,-14.71594,-74.14826,0.0,0.0,0.0,0.0,0.11,0.81,1.77,4.53,0.79,0.0,4.36,7.78,10.44,0.37,4.07,3.72,0.72,0.0,0.41,0.72
PUTINA,PUTINA,-14.921,-69.87569,0.0,0.0,0.55,0.64,0.0,0.05,0.21,1.32,0.26,0.0,0.6,0.57,0.0,0.02,0.77,2.3,5.78,2.75,0.0,0.0
QUEBRADA SHUGAR,QUEBRADA SHUGAR,-6.69472,-78.4575,0.02,0.0,1.63,7.49,0.76,0.05,0.02,0.57,0.8,0.11,0.32,1.78,0.56,0.01,0.66,0.72,0.04,0.0,0.24,3.44
QUEBRADA YANATILE,QUEBRADA YANATILE,-12.67884,-72.27849,0.25,0.0,0.72,6.19,0.32,0.7,2.05,4.14,0.01,0.0,0.49,1.88,0.02,2.61,1.28,0.8,0.08,1.0,1.41,0.26
QUILCATE,QUILCATE,-6.82275,-78.744,0.02,0.0,3.63,8.04,0.43,0.07,0.85,3.24,0.46,0.17,0.82,4.88,0.27,0.01,0.88,4.22,0.02,0.0,2.89,10.16
QUILLABAMBA,QUILLABAMBA,-12.85645,-72.69174,0.05,0.02,0.58,5.63,0.69,10.21,3.07,2.8,0.66,0.41,0.24,0.76,0.34,0.6,0.74,2.32,0.05,5.58,0.37,0.27
QUINCEMIL,QUINCEMIL,-13.22893,-70.7544,0.06,0.0,0.0,0.02,0.04,0.13,0.47,0.63,0.0,0.0,0.02,0.08,0.66,0.08,0.21,0.65,3.88,0.11,0.24,0.4
QUINISTAQUILLAS,QUINISTAQUILLAS,-16.74972,-70.87858,0.0,0.0,0.0,0.0,0.0,0.0,0.0,0.0,0.0,0.0,0.0,0.0,0.0,0.09,0.0,1.07,0.05,0.01,0.0,0.0
QUIRUVILCA,QUIRUVILCA,-8.00422,-78.32458,0.02,0.0,1.44,2.08,0.14,0.0,0.1,0.53,0.0,0.01,0.84,0.74,0.0,0.0,1.34,2.53,0.0,0.15,1.75,4.23
RECUAY,RECUAY,-9.72947,-77.45403,0.34,0.19,0.46,3.71,0.07,0.09,0.24,0.6,0.04,0.09,0.34,0.59,0.24,0.03,0.68,2.18,0.22,0.02,1.15,0.98
REQUE,REQUE,-6.88613,-79.8355,0.0,0.0,0.0,0.0,0.0,0.0,0.0,0.0,0.0,0.0,0.0,0.0,0.0,0.0,0.01,0.0,0.0,0.01,0.0,0.0
REQUENA,REQUENA,-5.04307,-73.83614,0.0,0.0,0.11,0.56,0.01,0.5,0.71,1.3,0.01,0.18,3.76,5.35,0.08,0.0,0.69,3.41,0.01,0.0,0.42,2.03
RICRAN,RICRAN,-11.54001,-75.5273,0.07,0.41,2.33,0.66,0.08,0.08,0.85,0.14,0.1,1.94,2.92,0.56,1.84,1.65,0.96,1.8,1.48,0.16,0.67,2.37
RINCON DE LA CRUZ,RINCON DE LA CRUZ,-15.99017,-69.80961,0.0,0.0,0.0,0.0,0.08,0.02,0.64,1.62,1.22,0.12,0.15,1.69,5.42,0.01,0.6,7.23,2.96,0.03,0.02,0.1
RIO BLANCO,RIO BLANCO,-11.73447,-76.25967,0.73,0.59,2.78,5.7,0.14,0.0,0.4,3.75,0.08,0.08,1.04,5.39,0.39,0.09,2.41,4.33,0.08,0.0,0.58,0.0
RIO GRANDE,RIO GRANDE,-14.54314,-75.22028,0.0,0.01,0.0,0.0,0.0,0.0,0.0,0.0,0.0,0.0,0.0,0.0,0.01,1.41,1.18,0.0,0.05,-0.01,0.0,0.0
RUNATULLO,RUNATULLO,-11.61811,-75.01225,0.26,2.9,4.68,3.65,0.13,0.08,0.92,0.56,0.09,0.88,2.02,2.17,2.95,1.24,1.54,3.24,6.49,2.22,0.37,1.1
SALALA,SALALA,-5.11153,-79.46349,0.59,0.43,1.53,2.49,0.31,0.13,0.7,0.85,0.48,0.73,2.5,2.09,1.51,2.51,1.57,1.08,0.13,0.19,0.65,0.78
SALAMANCA,SALAMANCA,-15.50294,-72.83203,0.0,0.0,0.0,0.0,0.0,0.08,0.42,0.34,0.01,0.14,5.51,4.11,4.01,4.43,2.98,5.59,2.22,0.02,0.0,0.0
SALCABAMBA,SALCABAMBA,-12.20399,-74.77936,0.35,0.31,0.56,1.26,0.06,0.07,0.14,0.4,0.21,0.89,0.85,0.4,0.56,0.1,0.82,1.7,2.33,1.76,0.66,1.73
SALCCA,SALCCA,-14.16997,-71.23187,0.0,0.0,0.4,0.29,0.0,0.0,0.51,0.17,0.0,0.0,0.84,0.23,0.0,0.02,0.28,0.56,5.4,3.97,0.05,0.01
SALLIQUE,SALLIQUE,-5.65886,-79.31264,0.19,0.14,2.01,0.92,0.21,0.1,0.26,0.11,0.55,0.69,4.56,1.68,0.5,0.07,1.51,0.58,0.18,0.16,1.27,0.53
SALPO,SALPO,-8.00534,-78.62377,0.09,0.0,1.19,1.64,0.1,0.0,0.21,0.51,0.0,0.01,0.94,1.29,0.0,0.01,1.06,1.1,0.0,0.0,3.01,7.13
SAMA GRANDE,SAMA GRANDE,-17.78758,-70.48961,0.0,0.0,0.0,0.0,0.0,0.01,0.0,0.0,0.0,0.0,0.0,0.0,0.52,1.37,1.83,0.21,0.0,-0.01,0.0,0.0
SAN ALEJANDRO,SAN ALEJANDRO,-8.83028,-75.20333,0.0,0.0,0.06,0.01,0.0,0.0,0.3,0.9,3.47,1.97,3.85,0.22,0.0,0.02,0.27,0.14,0.04,0.01,0.23,1.09
SAN ANTONIO,SAN ANTONIO,-6.41274,-76.4072,0.02,0.0,0.45,0.19,0.07,0.08,0.21,1.63,0.95,0.1,0.14,2.14,0.81,0.31,0.64,1.12,0.02,0.01,0.27,0.33
SAN BENITO,SAN BENITO,-7.41153,-78.92673,0.11,0.05,0.43,0.92,0.34,0.2,0.1,0.08,0.0,0.0,0.14,0.21,0.0,0.0,0.02,0.02,0.0,0.0,0.0,0.03
SAN CAMILO,SAN CAMILO,-14.07331,-75.72768,0.0,0.0,0.01,-0.0,0.0,0.02,0.0,0.0,0.03,0.0,0.0,0.0,0.01,0.88,0.03,0.0,0.02,0.0,0.0,0.0
SAN GABAN,SAN GABAN,-13.46087,-70.40999,0.01,0.0,1.72,1.57,0.61,5.1,4.44,2.35,0.03,0.0,0.37,0.73,0.4,0.18,0.62,1.19,0.02,0.16,0.66,0.4
SAN IGNACIO,SAN IGNACIO,-5.14514,-78.99512,2.0,0.98,18.33,5.06,0.33,1.19,2.29,0.34,1.23,5.17,8.26,1.63,1.51,1.8,0.84,0.33,1.22,2.28,1.29,1.91
SAN JUAN,SAN JUAN,-7.29756,-78.49106,0.1,0.0,0.72,1.45,0.04,0.0,0.03,0.56,0.02,0.04,1.36,1.27,0.04,0.02,0.74,2.04,0.14,0.01,0.35,1.29
SAN JUAN DE CASTROVIRREYNA,SAN JUAN DE CASTROVIRREYNA,-13.21198,-75.64389,0.0,0.0,0.0,0.01,0.01,0.01,0.0,0.0,0.0,0.0,0.25,0.02,0.46,0.02,0.11,0.02,0.0,0.21,0.02,0.0
SAN JUAN DE JARPA,SAN JUAN DE JARPA,-12.12453,-75.43178,2.52,0.24,1.12,1.51,0.34,0.03,0.43,0.21,0.0,0.13,0.29,0.44,0.02,0.05,0.67,4.59,0.76,0.08,0.6,0.17
SAN JUAN DE YANAC,SAN JUAN DE YANAC,-13.22725,-75.78697,0.0,0.0,0.0,0.01,0.01,0.01,0.0,0.0,0.0,0.0,0.25,0.02,0.46,0.02,0.11,0.02,0.0,0.21,0.02,0.0
SAN LAZARO DE ESCOMARCA,SAN LAZARO DE ESCOMARCA,-12.18088,-76.35207,0.0,1.1,0.45,2.69,1.51,0.0,0.26,0.61,0.41,0.0,0.37,1.27,1.34,0.33,0.52,0.08,0.0,0.0,0.89,0.96
SAN LORENZO,SAN LORENZO,-4.81694,-76.70028,2.2,0.94,0.34,0.44,0.0,0.05,0.4,3.06,0.8,15.05,1.8,5.87,1.67,1.95,3.25,5.13,0.0,-0.01,3.47,1.56
SAN MARCOS,SAN MARCOS,-7.32249,-78.1727,0.06,0.02,1.44,2.37,0.43,0.23,0.08,0.05,0.28,0.69,0.76,0.76,1.46,1.35,1.3,1.69,0.02,0.03,0.52,5.88
SAN MATEO DE HUANCHOR,SAN MATEO DE HUANCHOR,-11.76044,-76.30128,0.73,0.59,2.78,5.7,0.14,0.0,0.4,3.75,0.08,0.08,1.04,5.39,0.39,0.09,2.41,4.33,0.08,0.0,0.58,0.0
SAN MATEO DE OTAO,SAN MATEO DE OTAO,-11.84695,-76.56361,0.13,0.0,1.79,5.39,0.77,0.0,0.78,1.21,0.65,0.34,0.7,5.34,0.8,0.07,1.56,0.56,0.01,0.0,0.69,0.12
SAN MIGUEL,SAN MIGUEL,-5.2462,-80.68436,0.0,0.0,0.0,0.0,0.91,0.0,0.01,0.0,0.04,0.0,0.0,0.0,0.03,0.0,0.0,0.0,0.0,0.0,0.0,0.0
SAN PABLO,SAN PABLO,-6.80956,-76.57625,0.02,0.0,0.24,0.36,0.44,0.26,0.03,1.31,5.31,1.88,0.08,4.46,2.94,1.71,0.69,0.08,0.0,0.0,0.04,1.34
SAN PEDRO DE CACHI,SAN PEDRO DE CACHI,-13.06528,-74.35861,0.02,0.06,0.46,3.03,0.02,0.18,0.65,0.55,0.0,0.02,0.85,0.36,0.18,0.06,0.85,4.01,1.09,0.43,0.09,0.95
SAN PEDRO DE HUACARPANA,SAN PEDRO DE HUACARPANA,-13.06453,-75.66304,0.0,0.0,0.0,0.24,0.85,0.0,0.02,0.01,0.02,0.0,0.45,0.27,3.45,0.13,0.76,5.71,0.18,0.37,0.89,0.4
SAN RAFAEL,SAN RAFAEL,-10.32925,-76.17658,0.0,0.01,0.43,0.32,0.03,0.02,0.39,0.05,0.23,0.85,1.63,0.23,2.05,1.91,0.91,0.31,3.01,4.72,0.27,2.33
SAN RAMON,SAN RAMON,-5.93559,-76.11813,0.0,0.08,0.24,0.08,0.0,0.03,2.32,0.68,4.74,0.34,1.69,4.62,0.08,0.5,0.42,1.46,0.0,0.0,0.14,0.53
SAN REGIS,SAN REGIS,-4.51301,-73.90751,0.03,0.03,0.27,0.29,0.02,0.01,0.75,1.88,0.0,1.38,11.7,5.26,0.02,0.1,3.28,2.87,0.07,0.08,0.53,0.93
SAN ROQUE,SAN ROQUE,-3.75322,-73.25992,0.45,0.03,0.69,4.22,0.22,2.6,1.2,4.59,0.01,1.13,0.55,5.78,2.88,0.92,0.61,1.72,0.0,0.01,0.51,2.26
SANTA ANA,SANTA ANA,-12.00956,-75.22158,1.3,0.04,0.55,3.06,1.02,0.05,0.5,0.21,0.0,0.05,0.53,0.52,0.02,0.62,0.52,3.47,0.78,0.97,0.39,0.65
SANTA CRUZ,SANTA CRUZ,-6.61657,-78.94761,0.06,0.02,0.63,2.24,0.43,0.14,0.39,0.25,0.64,1.02,1.27,2.91,0.49,0.08,1.79,5.54,0.27,0.03,0.77,2.55
SANTA EULALIA,SANTA EULALIA,-11.92,-76.66664,0.0,0.0,0.0,0.0,0.0,0.0,0.01,0.0,0.0,0.0,0.0,0.0,0.01,0.01,0.0,0.0,0.0,0.02,0.0,0.0
SANTA LUCIA,SANTA LUCIA,-15.71074,-70.61594,0.0,0.0,0.0,0.19,0.0,0.0,0.81,5.8,1.96,0.0,1.07,1.28,2.46,0.0,1.41,3.08,0.32,-0.01,0.0,0.0
SANTA MARIA DE NANAY,SANTA MARIA DE NANAY,-3.08891,-73.69714,0.13,0.04,0.83,11.27,0.0,0.09,2.17,3.46,3.07,0.08,2.88,7.11,4.12,6.95,0.59,2.79,0.0,0.0,0.11,2.04
SANTA MARIA DE NIEVA,SANTA MARIA DE NIEVA,-4.83083,-77.93972,3.94,0.61,0.82,3.69,2.76,5.48,2.2,0.66,18.14,14.21,9.87,0.92,7.99,5.0,3.7,0.24,0.42,1.35,0.02,0.23
SANTA ROSA,SANTA ROSA,-14.61781,-70.79278,0.0,0.0,0.21,0.66,0.0,0.0,0.45,1.33,0.04,0.0,0.4,0.57,0.0,0.01,1.82,0.86,2.93,4.94,0.0,0.02
SANTIAGO DE CHOCORVOS,SANTIAGO DE CHOCORVOS,-13.83,-75.25417,0.0,0.0,0.0,0.0,0.0,0.0,0.21,0.01,0.0,0.0,0.42,0.1,4.22,0.79,0.74,0.08,0.0,0.01,0.0,0.0
SANTIAGO DE TUNA,SANTIAGO DE TUNA,-11.98322,-76.52419,0.0,0.0,0.01,0.27,0.32,0.0,0.08,0.05,0.07,0.01,0.2,0.35,0.86,0.21,0.2,0.31,0.0,0.0,0.13,0.48
SANTO DOMINGO,SANTO DOMINGO,-5.03825,-79.88715,0.01,0.0,0.5,6.23,1.91,0.09,0.76,4.59,0.46,0.04,1.41,2.7,0.01,0.02,0.46,1.18,0.0,0.0,0.32,1.88
SANTO TOMAS,SANTO TOMAS,-14.39878,-72.08774,0.0,0.0,0.06,0.16,0.08,0.56,0.26,3.64,1.54,0.5,0.28,0.33,1.01,0.04,0.85,3.13,4.84,0.06,0.15,0.14
SAPILLICA,SAPILLICA,-4.79484,-79.99845,0.02,0.0,0.26,5.31,1.11,0.05,1.12,1.39,0.25,0.08,0.83,4.55,0.16,0.02,1.11,1.65,0.07,0.0,0.1,2.46
SAPOSOA,SAPOSOA,-6.94313,-76.76823,0.06,0.03,0.11,0.26,2.88,0.66,0.0,0.53,5.24,3.52,0.03,1.53,2.72,1.77,0.92,0.0,0.0,0.03,0.08,0.64
SATIPO,SATIPO,-11.22467,-74.60869,0.0,0.0,0.32,11.63,1.79,1.59,0.69,1.16,4.2,0.76,0.9,2.75,0.21,0.0,0.44,0.0,0.0,0.1,0.04,0.11
SAUCE,SAUCE,-6.69432,-76.20099,0.02,0.02,0.59,0.93,0.07,0.18,3.89,2.16,2.81,3.05,5.83,4.76,0.11,1.83,3.92,2.1,0.0,0.01,0.79,1.59
SAUSAL DE CULUCAN,SAUSAL DE CULUCAN,-4.75238,-79.77459,0.0,0.0,0.06,4.53,0.22,0.0,0.3,3.28,0.14,0.0,0.43,2.2,0.18,0.01,0.13,0.31,0.01,0.0,0.02,2.08
SHANAO,SHANAO,-6.41312,-76.60028,0.02,0.0,0.45,0.19,0.07,0.08,0.21,1.63,0.95,0.1,0.14,2.14,0.81,0.31,0.64,1.12,0.02,0.01,0.27,0.33
SHEQUE,SHEQUE,-11.67762,-76.48563,0.13,0.0,1.79,5.39,0.77,0.0,0.78,1.21,0.65,0.34,0.7,5.34,0.8,0.07,1.56,0.56,0.01,0.0,0.69,0.12
SIBAYO,SIBAYO,-15.48919,-71.45697,0.0,0.0,0.0,0.01,0.01,0.0,2.36,8.31,0.2,0.05,0.12,2.77,0.37,0.08,0.69,4.97,0.89,0.02,0.01,0.0
SICUANI,SICUANI,-14.23736,-71.23669,0.0,0.0,0.4,0.29,0.0,0.0,0.51,0.17,0.0,0.0,0.84,0.23,0.0,0.02,0.28,0.56,5.4,3.97,0.05,0.01
SIHUAS,SIHUAS,-8.56694,-77.65028,0.0,0.0,0.68,1.59,0.02,0.01,0.09,0.28,0.03,0.22,1.04,0.44,0.01,0.1,1.4,0.72,0.02,0.01,1.56,5.43
SOCSI CAÑETE,SOCSI CAÑETE,-13.03051,-76.20027,0.02,0.03,0.01,-0.0,0.0,0.07,0.0,0.0,0.0,0.0,0.0,0.0,0.24,0.07,0.0,0.0,0.02,0.0,0.0,0.04
SONDOR-MATARA,SONDOR-MATARA,-7.23688,-78.21262,0.06,0.02,1.44,2.37,0.43,0.23,0.08,0.05,0.28,0.69,0.76,0.76,1.46,1.35,1.3,1.69,0.02,0.03,0.52,5.88
SONDORILLO,SONDORILLO,-5.33979,-79.43137,0.05,0.29,2.58,1.58,0.13,0.07,0.55,0.29,0.47,0.91,3.76,3.1,0.41,0.66,1.07,0.52,0.03,0.07,0.45,0.59
SORITOR,SORITOR,-6.142,-77.09179,0.01,0.0,5.61,2.43,0.19,0.0,2.12,2.94,0.32,0.22,2.15,2.78,0.02,0.87,3.95,0.49,0.01,0.01,3.18,3.99
SUSAPAYA,SUSAPAYA,-17.34772,-70.11806,0.0,0.0,0.0,0.0,0.0,0.01,0.0,0.0,1.14,0.67,1.55,0.19,1.21,2.3,2.01,5.19,0.85,0.01,0.0,0.0
TABACONAS,TABACONAS,-5.31515,-79.28488,0.29,0.4,9.9,7.32,0.26,0.2,1.93,1.09,0.45,3.2,10.38,6.34,1.01,1.83,5.6,0.5,0.08,0.42,1.4,1.65
TABALOSOS,TABALOSOS,-6.39533,-76.62533,0.03,0.0,0.06,0.48,0.84,0.09,0.15,1.1,2.6,0.55,0.27,3.42,0.24,0.39,1.02,0.59,0.01,1.72,0.24,2.01
TACAMA,TACAMA,-13.99978,-75.75386,0.0,0.0,0.01,-0.0,0.0,0.02,0.0,0.0,0.03,0.0,0.0,0.0,0.01,0.88,0.03,0.0,0.02,0.0,0.0,0.0
TAHUACO - YUNGUYO,TAHUACO - YUNGUYO,-16.305,-69.0675,0.0,0.0,0.0,0.0,0.02,2.37,0.53,0.19,5.01,2.59,0.15,0.01,0.35,0.17,0.6,5.63,7.63,0.82,0.02,0.14
TALABAYA,TALABAYA,-17.55255,-69.98678,0.0,0.0,0.0,0.0,0.0,0.0,0.0,0.0,0.31,0.21,0.06,0.03,0.79,1.97,3.34,4.43,0.25,0.0,0.0,0.0
TALLA (GUADALUPE),TALLA (GUADALUPE),-7.28009,-79.41906,0.0,0.0,0.0,0.0,0.0,0.0,0.0,0.0,0.0,0.0,0.01,0.0,0.0,0.0,0.0,0.0,0.0,0.01,0.0,0.0
TAMANCO,TAMANCO,-5.79207,-74.28904,0.01,0.03,0.05,0.1,0.04,0.05,0.95,2.83,0.01,0.02,5.31,3.31,0.0,0.0,3.32,4.33,0.05,0.05,0.31,0.19
TAMBO,TAMBO,-13.69163,-75.27418,0.0,0.0,0.0,0.0,0.0,0.0,0.21,0.01,0.0,0.0,0.42,0.1,4.22,0.79,0.74,0.08,0.0,0.01,0.0,0.0
TAMBOBAMBA,TAMBOBAMBA,-13.94492,-72.17522,0.0,0.0,0.46,0.19,0.01,0.04,2.56,1.0,0.01,0.01,0.25,0.21,0.16,0.11,4.57,1.47,5.94,0.23,0.05,0.03
TAMSHIYACU,TAMSHIYACU,-4.00356,-73.16112,0.16,0.0,0.14,1.28,0.18,1.03,1.95,3.94,0.01,0.34,2.85,4.51,7.19,0.55,4.58,2.68,0.0,0.04,0.72,2.46
TANANTA,TANANTA,-8.10972,-76.59556,0.0,0.0,6.53,11.36,3.01,0.77,1.84,4.97,1.95,2.98,3.79,5.11,1.17,0.15,0.62,2.27,0.32,1.41,0.82,16.13
TANTA,TANTA,-12.11694,-76.01694,0.02,0.64,1.35,5.95,0.03,0.01,0.02,2.24,0.24,0.06,0.92,3.58,0.34,0.32,1.14,1.66,0.01,0.01,0.38,0.62
TARACO,TARACO,-15.305,-69.9825,0.0,0.0,0.02,0.13,0.0,0.06,0.31,2.64,0.51,0.09,0.15,0.61,0.0,0.0,0.54,3.63,5.36,3.21,0.02,0.0
TARAPOTO,TARAPOTO,-6.47597,-76.37039,0.0,0.0,0.69,1.85,0.03,0.16,0.85,5.56,0.44,0.36,3.46,3.83,0.21,0.41,2.99,2.37,0.05,-0.01,0.57,2.72
TARATA,TARATA,-17.47936,-70.03664,0.0,0.0,0.0,0.0,0.0,0.0,0.0,0.0,0.31,0.21,0.06,0.03,0.79,1.97,3.34,4.43,0.25,0.0,0.0,0.0
TARMA,TARMA,-11.39672,-75.68991,0.13,0.04,0.71,0.6,0.02,0.04,0.23,0.14,0.1,0.19,1.29,0.29,0.29,0.18,0.8,3.38,0.43,0.02,0.68,1.08
TINGO DE PONAZA,TINGO DE PONAZA,-6.93722,-76.25267,0.03,0.0,0.18,1.47,0.32,0.02,0.65,1.53,0.29,0.13,3.79,6.55,0.36,1.27,1.59,1.22,0.0,-0.01,0.05,0.18
TINGO MARIA,TINGO MARIA,-9.2935,-75.98383,0.03,0.01,0.08,3.13,1.53,1.46,0.35,3.13,1.91,3.49,0.49,0.49,4.7,0.03,0.02,0.05,0.09,0.06,0.04,4.95
TISCO,TISCO,-15.34577,-71.44701,0.0,0.0,0.01,0.23,0.56,0.0,1.01,6.75,2.2,0.03,0.24,0.41,0.97,0.04,0.8,6.51,0.22,0.01,0.05,0.0
TOCMOCHE,TOCMOCHE,-6.41009,-79.35572,0.0,0.0,0.27,0.71,0.0,0.0,0.06,0.23,0.01,0.01,0.21,0.18,0.03,0.0,0.4,1.27,0.0,0.01,0.07,0.56
TOURNAVISTA,TOURNAVISTA,-8.92972,-74.71667,0.0,0.0,0.05,0.0,0.0,0.0,0.37,0.43,1.63,5.04,5.12,0.19,0.0,0.03,0.66,1.37,0.0,0.0,0.1,1.07
TRUJILLO,TRUJILLO,-8.11203,-78.9851,0.0,0.0,0.02,0.02,0.01,0.01,0.0,0.0,0.0,0.01,0.0,0.0,0.0,0.01,0.0,0.0,0.0,0.0,0.0,0.01
TULUMAYO,TULUMAYO,-9.10028,-75.90028,0.0,0.0,4.04,5.98,3.29,4.05,4.94,4.04,2.99,4.13,5.06,4.77,8.25,0.04,3.47,6.87,1.39,0.15,0.72,5.91
TUMILACA,TUMILACA,-17.12773,-70.83694,0.0,0.0,0.0,0.0,0.0,0.0,0.0,0.0,0.0,0.0,0.0,0.0,0.0,2.88,3.54,1.65,0.01,0.0,0.0,0.0
UBINAS,UBINAS,-16.38878,-70.85406,0.0,0.0,0.0,0.0,0.0,0.0,0.0,0.08,0.07,0.02,0.27,0.06,3.3,1.03,1.34,2.08,1.84,0.01,0.0,0.0
UDIMA,UDIMA,-6.81474,-79.09377,0.2,0.8,2.19,5.12,0.85,0.01,0.7,1.9,1.47,0.4,1.75,4.14,0.66,0.05,1.24,3.54,0.56,0.02,2.55,3.4
UNJF SANCHEZ CARRION - HUACHO,UNJF SANCHEZ CARRION - HUACHO,-11.12386,-77.60603,0.0,0.0,0.0,0.0,0.03,0.02,0.01,0.0,0.0,0.0,0.0,0.0,0.0,0.0,0.0,0.0,0.02,0.05,0.01,0.0
URUBAMBA,URUBAMBA,-13.30517,-72.12456,0.0,0.0,0.21,0.5,0.0,0.0,1.76,1.21,0.0,0.0,0.57,1.98,0.6,0.62,2.72,2.12,0.21,3.07,0.91,1.17
VILCASHUAMAN,VILCASHUAMAN,-13.66881,-73.95239,0.11,0.0,0.46,4.8,1.69,1.76,3.16,1.53,0.03,0.08,2.49,0.75,0.66,0.73,1.08,7.74,0.66,0.02,0.3,0.55
VIQUES,VIQUES,-12.15603,-75.22831,9.17,0.47,0.35,4.59,0.72,0.51,0.12,0.3,0.02,0.12,0.41,3.22,3.47,1.45,0.13,6.23,0.22,0.09,0.31,0.46
WAYLLAPAMPA,WAYLLAPAMPA,-13.0765,-74.2165,0.02,0.06,0.46,3.03,0.02,0.18,0.65,0.55,0.0,0.02,0.85,0.36,0.18,0.06,0.85,4.01,1.09,0.43,0.09,0.95
YACANGO,YACANGO,-17.09078,-70.85033,0.0,0.0,0.0,0.0,0.0,0.0,0.0,0.0,0.0,0.0,0.0,0.0,0.04,2.24,0.6,3.33,0.11,0.0,0.0,0.0
YANAHUANCA,YANAHUANCA,-10.4896,-76.51291,0.08,0.0,0.51,0.62,0.01,0.01,0.37,0.47,0.02,0.44,0.77,1.13,0.12,0.53,0.76,4.1,2.27,0.56,0.76,4.15
YANAQUIHUA,YANAQUIHUA,-15.7765,-72.87583,0.0,0.0,0.0,0.0,0.0,0.0,0.0,0.0,0.0,0.0,0.0,0.4,0.05,0.1,0.98,2.61,0.15,0.0,0.0,0.0
YANTAC,YANTAC,-11.34583,-76.40453,0.08,0.01,2.9,5.98,0.04,0.0,0.29,1.64,0.2,0.21,1.79,7.35,1.35,0.38,1.6,1.73,0.01,0.0,0.26,0.29
YAULI,YAULI,-11.66667,-76.08333,0.31,0.28,2.06,7.06,0.26,0.02,0.3,1.81,0.92,0.22,2.07,3.51,1.29,1.65,1.47,5.64,0.01,0.01,0.52,0.01
YAUYOS,YAUYOS,-12.49173,-75.91039,0.0,0.01,0.42,2.47,0.53,0.0,0.63,1.18,0.89,0.0,0.6,2.12,1.76,0.02,2.27,3.72,0.0,0.03,1.33,1.08
YUNGAY,YUNGAY,-9.14189,-77.76664,0.0,0.0,0.03,0.27,0.05,0.08,0.06,0.27,0.01,0.02,0.14,0.47,0.03,0.0,0.16,0.84,0.25,0.45,0.68,1.43
ÑAÑA,ÑAÑA,-11.98744,-76.84194,0.0,0.0,0.0,0.0,0.0,0.0,0.01,0.0,0.0,0.0,0.0,0.0,0.01,0.01,0.0,0.0,0.0,0.02,0.0,0.0
