codigo,estacion,latitud,longitud,2026091412,2026091415,2026091418,2026091421,2026091500,2026091503,2026091506,2026091509,2026091512,2026091515,2026091518,2026091521,2026091600,2026091603,2026091606,2026091609,2026091612,2026091615,2026091618,2026091621,2026091700,2026091703,2026091706,2026091709,2026091712,2026091715,2026091718,2026091721,2026091800,2026091803,2026091806,2026091809,2026091812,2026091815,2026091818,2026091821,2026091900,2026091903,2026091906,2026091909,2026091912
4726E508,YONAN GORE,-7.25592,-79.09909,19.6,24.6,25.3,21.3,19.9,20.5,19.2,19.5,21.2,26.3,24.1,22.3,18.5,19.0,18.9,17.9,19.7,24.5,24.7,21.1,18.3,18.5,18.2,18.0,19.3,24.8,24.8,21.7,19.4,19.7,18.5,17.6,19.7,25.8,22.7,22.4,19.5,19.3,19.2,18.2,19.9
4726A602,CUTERVO,-6.37914,-78.81339,13.0,16.9,19.4,18.0,13.2,12.9,12.7,10.9,12.3,17.4,19.2,18.1,13.9,12.4,13.0,12.3,12.7,16.4,19.4,17.3,12.8,11.9,10.9,11.0,11.8,17.8,20.8,15.2,13.2,11.2,10.3,10.7,11.8,15.3,17.4,15.9,11.0,10.3,9.8,9.5,11.2
47E1F02E,TUNEL CHOTANO,-6.54049,-78.78432,13.0,16.9,19.4,18.0,13.2,12.9,12.7,10.9,12.3,17.4,19.2,18.1,13.9,12.4,13.0,12.3,12.7,16.4,19.4,17.3,12.8,11.9,10.9,11.0,11.8,17.8,20.8,15.2,13.2,11.2,10.3,10.7,11.8,15.3,17.4,15.9,11.0,10.3,9.8,9.5,11.2
472B3006,CUMBA,-5.94135,-78.66413,18.5,22.0,25.4,24.1,20.1,18.6,17.7,17.4,17.8,22.9,26.5,26.4,21.1,19.0,17.8,17.1,18.2,23.6,27.5,26.9,22.8,20.9,18.8,17.4,18.4,24.3,22.9,20.1,19.2,17.2,17.7,17.2,17.6,18.8,18.5,22.9,18.2,17.2,16.5,15.8,17.6
472680EE,BAMBAMARCA M,-6.67981,-78.52346,8.0,14.2,15.1,12.1,9.7,9.2,8.5,8.4,8.7,13.3,14.6,12.0,9.4,9.4,8.4,7.9,8.3,11.5,15.6,12.9,9.8,8.7,7.7,5.9,6.5,11.4,14.7,9.9,7.9,8.4,6.2,6.0,7.6,11.2,12.2,9.3,7.1,6.2,5.7,5.2,7.4
4726D092,BAMBAMARCA H,-6.66975,-78.54119,8.0,14.2,15.1,12.1,9.7,9.2,8.5,8.4,8.7,13.3,14.6,12.0,9.4,9.4,8.4,7.9,8.3,11.5,15.6,12.9,9.8,8.7,7.7,5.9,6.5,11.4,14.7,9.9,7.9,8.4,6.2,6.0,7.6,11.2,12.2,9.3,7.1,6.2,5.7,5.2,7.4
4727F484,CHUGUR,-6.66878,-78.738,9.4,16.2,15.7,12.1,10.7,10.4,10.0,9.5,10.3,15.4,14.8,13.8,11.1,9.1,9.3,9.4,9.6,14.8,17.6,14.2,10.2,9.5,8.1,7.2,7.9,15.1,17.8,13.2,10.5,10.2,7.7,8.6,9.3,13.7,15.7,11.6,8.4,7.5,7.2,6.9,8.8
47269398,JAEN,-5.67667,-78.77418,20.3,22.0,26.2,29.6,22.9,21.4,20.7,19.6,20.5,24.5,30.5,29.9,24.5,22.6,21.2,20.4,21.2,26.1,31.3,31.1,26.6,24.6,22.3,21.1,21.8,26.8,26.5,24.4,22.9,21.2,21.4,20.9,20.1,20.3,21.0,24.3,21.9,20.6,19.5,18.6,20.3
105136,SAUZAL,-5.77168,-79.39769,16.8,20.5,23.5,20.7,17.6,16.9,17.2,15.8,16.5,23.3,24.4,21.2,17.2,16.7,15.7,15.0,15.9,23.2,24.3,23.1,16.6,16.7,15.3,14.7,15.8,21.1,22.1,19.1,16.9,16.1,15.8,14.7,15.8,20.9,19.0,22.3,17.3,15.2,15.0,14.4,16.3
472A571A,HUALLAPE,-5.45077,-78.69579,20.9,22.9,25.5,30.1,23.2,21.6,21.2,20.0,20.7,26.9,33.4,32.4,24.0,22.6,22.1,20.3,21.7,29.8,34.6,32.6,26.7,22.9,21.9,21.1,22.3,30.2,27.6,24.2,22.5,20.6,21.2,21.1,20.0,20.9,25.4,26.5,21.8,20.2,19.3,18.9,20.6
4725E206,SAN MARCOS,-7.32249,-78.17269,10.0,16.1,17.2,14.9,13.7,11.8,11.2,10.9,10.8,16.0,16.7,17.0,13.8,12.0,10.0,8.8,9.8,13.9,17.6,15.5,12.9,11.2,10.0,8.9,9.1,15.2,16.2,15.4,12.6,11.5,9.6,9.1,10.0,14.0,14.5,12.5,10.5,8.9,7.9,7.2,9.2
47E207A4,TONGOD,-6.74456,-78.81392,9.4,16.2,15.7,12.1,10.7,10.4,10.0,9.5,10.3,15.4,14.8,13.8,11.1,9.1,9.3,9.4,9.6,14.8,17.6,14.2,10.2,9.5,8.1,7.2,7.9,15.1,17.8,13.2,10.5,10.2,7.7,8.6,9.3,13.7,15.7,11.6,8.4,7.5,7.2,6.9,8.8
47E1C5B4,CAÑAD,-6.64934,-78.99733,13.3,20.7,20.9,16.1,15.2,14.0,13.6,13.1,14.0,20.0,21.8,18.8,15.3,14.4,12.4,12.0,13.5,19.6,20.4,17.8,15.3,13.9,13.2,12.7,12.6,19.8,21.1,16.9,14.7,13.5,12.1,12.7,13.1,19.0,21.0,17.4,13.7,12.3,12.3,11.9,13.4
47E1E358,PUENTE AMBAN,-6.58271,-78.91262,14.8,22.9,25.5,23.1,16.6,15.9,14.7,13.8,15.1,20.5,25.2,23.2,17.6,16.3,15.4,14.2,14.7,21.3,24.8,22.7,18.1,17.1,16.0,14.2,14.5,22.2,24.9,20.7,17.0,13.6,12.6,13.2,14.1,19.1,22.0,17.4,14.0,12.8,12.2,11.9,13.6
47E3055E,CHANCAY BAÑOS,-6.57489,-78.86721,13.0,16.9,19.4,18.0,13.2,12.9,12.7,10.9,12.3,17.4,19.2,18.1,13.9,12.4,13.0,12.3,12.7,16.4,19.4,17.3,12.8,11.9,10.9,11.0,11.8,17.8,20.8,15.2,13.2,11.2,10.3,10.7,11.8,15.3,17.4,15.9,11.0,10.3,9.8,9.5,11.2
114132,POMACANCHI,-14.0278,-71.5726,5.9,10.8,15.0,15.6,10.1,8.0,6.6,5.2,6.5,11.9,15.5,13.7,9.5,7.6,7.0,4.5,4.3,6.0,10.9,8.1,7.2,6.7,5.5,6.1,5.1,9.2,11.3,10.7,7.2,5.7,5.7,4.9,4.4,5.7,11.0,8.9,7.0,7.0,6.2,5.0,5.2
47294362,SORAYPAMPA,-13.3955,-72.5736,9.2,14.6,17.4,17.2,10.4,9.1,9.1,8.9,9.6,16.1,18.2,16.5,10.7,10.2,9.9,9.4,8.9,10.8,11.8,11.5,9.8,9.3,7.6,7.6,8.9,13.8,15.7,14.5,10.7,10.0,9.0,8.5,8.6,9.5,11.9,11.2,9.8,9.4,8.9,8.1,7.5
113252,ANCACHURO,-13.4724,-72.2188,7.2,11.7,15.9,15.4,9.2,7.4,7.2,7.1,8.0,13.2,15.3,14.5,10.0,8.6,9.1,8.0,7.4,8.7,8.4,7.9,8.2,8.3,6.0,4.9,7.2,10.3,12.4,11.2,7.7,7.4,7.1,6.7,5.9,7.0,9.5,9.1,8.3,6.9,7.2,6.3,6.1
472976F8,CALCA,-13.33333,-71.95524,6.0,9.8,11.0,10.6,6.9,5.3,4.4,3.6,5.3,11.3,10.5,9.5,7.4,6.7,6.3,4.5,5.7,6.7,5.2,5.7,5.6,5.3,5.1,4.2,5.2,6.8,5.4,5.9,4.5,5.1,4.5,4.0,4.6,5.7,6.2,6.3,5.7,5.9,4.9,4.6,4.7
472A6280,NUEVO PISAC,-13.42264,-71.85388,7.7,11.6,15.2,12.5,8.5,7.8,7.7,6.6,7.5,12.3,13.2,11.2,8.1,7.5,7.1,6.9,7.3,9.6,8.3,7.4,6.7,6.7,6.3,5.6,5.3,7.3,6.9,7.7,6.5,6.2,5.4,5.4,5.2,5.9,8.2,6.5,6.2,6.0,6.4,5.5,5.5
114125,SAUSAYA,-14.52931,-71.35831,5.7,11.0,15.2,15.6,11.2,9.2,8.6,6.9,7.1,12.1,15.5,14.7,9.0,3.3,3.0,3.4,2.9,5.5,11.6,10.2,5.9,5.0,4.0,4.0,3.6,9.6,12.9,11.2,7.1,6.6,3.8,3.7,5.0,9.8,12.6,11.1,8.0,7.0,5.7,2.8,1.8
114126,PAYAPUNKU,-14.4261,-71.28145,5.7,11.0,15.2,15.6,11.2,9.2,8.6,6.9,7.1,12.1,15.5,14.7,9.0,3.3,3.0,3.4,2.9,5.5,11.6,10.2,5.9,5.0,4.0,4.0,3.6,9.6,12.9,11.2,7.1,6.6,3.8,3.7,5.0,9.8,12.6,11.1,8.0,7.0,5.7,2.8,1.8
4726158C,SICUANI,-14.23736,-71.23669,5.9,11.3,15.5,15.8,12.2,8.6,7.6,7.3,6.9,12.5,14.9,15.1,10.2,7.9,4.7,5.3,3.8,5.0,11.7,10.6,7.5,6.6,5.8,4.5,4.8,8.9,13.3,11.9,8.4,7.5,4.6,5.6,5.3,9.0,12.7,11.5,7.6,7.0,7.3,5.0,3.9
47E8B578,SIBINACOCHA,-13.92214,-71.01823,1.9,7.8,10.3,9.0,4.2,1.3,0.6,-1.0,2.7,8.3,5.0,5.6,1.1,-0.5,-1.1,-0.7,1.0,4.9,5.9,2.5,0.8,1.2,0.1,0.2,-0.1,3.7,3.3,2.7,1.2,0.6,-1.3,-0.9,0.0,2.6,5.2,3.9,1.1,-0.3,-0.8,-1.9,-0.0
472E025C,QUISOQUEPINA,-13.79505,-70.88622,1.3,6.1,5.7,5.2,1.1,-0.3,0.2,0.1,2.7,5.9,4.5,2.0,0.0,-0.0,-0.4,-0.2,0.1,2.2,1.5,0.8,-0.0,0.3,-0.2,-0.3,-0.2,0.5,0.5,0.1,-0.1,-0.8,-1.4,-0.9,-0.9,0.3,0.9,0.4,0.2,-4.4,-0.8,-0.7,-0.5
114118,SALCCA,-14.16991,-71.23186,5.9,11.3,15.5,15.8,12.2,8.6,7.6,7.3,6.9,12.5,14.9,15.1,10.2,7.9,4.7,5.3,3.8,5.0,11.7,10.6,7.5,6.6,5.8,4.5,4.8,8.9,13.3,11.9,8.4,7.5,4.6,5.6,5.3,9.0,12.7,11.5,7.6,7.0,7.3,5.0,3.9
114123,MARCA CUNKA,-14.49847,-72.08952,6.0,11.5,15.0,16.6,12.5,9.5,6.7,4.9,5.9,11.6,15.7,13.6,7.5,8.1,5.6,3.6,4.6,6.0,7.1,9.6,7.6,6.4,4.9,5.4,5.2,8.5,10.3,11.2,8.7,7.1,4.9,4.0,4.4,6.2,8.7,10.8,7.1,5.7,4.5,3.5,3.9
4729A090,SANTO TOMAS,-14.44896,-72.09645,6.0,11.5,15.0,16.6,12.5,9.5,6.7,4.9,5.9,11.6,15.7,13.6,7.5,8.1,5.6,3.6,4.6,6.0,7.1,9.6,7.6,6.4,4.9,5.4,5.2,8.5,10.3,11.2,8.7,7.1,4.9,4.0,4.4,6.2,8.7,10.8,7.1,5.7,4.5,3.5,3.9
114124,HUAYHUAHUASI,-14.67242,-71.51991,5.8,11.0,15.5,16.9,13.1,10.0,8.2,6.9,8.1,12.3,14.6,14.3,8.1,3.9,3.2,3.3,4.4,6.5,12.1,12.3,8.2,7.0,6.5,4.9,5.7,8.8,13.7,12.1,8.5,7.2,6.0,4.9,5.1,10.2,13.2,12.2,8.9,6.9,4.5,2.1,3.3
112264,PONGO DE MAINIQUE,-12.24986,-72.82447,17.1,24.2,28.2,24.3,22.0,21.4,19.6,17.8,21.0,28.5,27.1,23.9,20.7,18.9,18.3,17.9,18.6,19.3,19.1,20.0,18.6,17.5,17.3,17.4,20.1,30.9,32.6,24.6,19.4,18.5,18.2,18.2,19.6,23.7,31.1,24.9,19.0,18.8,18.9,18.8,20.0
4729658E,SAN PABLO,-13.02506,-72.61988,11.5,14.9,17.1,13.5,11.2,10.5,10.4,9.7,11.8,17.4,17.2,14.3,12.0,11.3,10.7,10.8,11.4,11.2,11.1,10.8,10.7,10.0,9.4,10.1,11.7,16.7,18.5,12.5,11.1,11.5,10.7,10.7,10.9,17.0,14.2,14.9,11.5,11.7,11.3,10.9,12.0
47E880E2,PICHARI,-12.52296,-73.83956,15.1,17.6,19.2,19.8,15.2,14.4,14.1,13.8,15.8,21.6,23.1,21.8,15.8,15.4,14.8,14.5,15.0,17.2,21.5,20.6,15.0,15.0,14.4,14.2,15.1,18.7,22.4,15.4,14.9,14.6,14.3,14.0,15.3,17.6,18.2,20.6,14.9,14.6,14.8,14.6,17.5
210007,PAUCARTAMBO,-13.3177,-71.59741,8.9,13.4,10.7,10.1,9.4,9.1,9.2,7.5,9.5,12.2,11.2,10.4,9.0,9.2,8.8,8.6,8.9,9.3,8.7,8.7,8.6,8.8,8.3,7.7,9.2,9.6,12.1,9.0,8.5,8.9,8.1,8.5,8.6,11.2,10.7,10.4,7.8,8.0,9.0,8.7,9.9
4722A338,ACJANACO ,-13.19672,-71.61941,8.9,13.4,10.7,10.1,9.4,9.1,9.2,7.5,9.5,12.2,11.2,10.4,9.0,9.2,8.8,8.6,8.9,9.3,8.7,8.7,8.6,8.8,8.3,7.7,9.2,9.6,12.1,9.0,8.5,8.9,8.1,8.5,8.6,11.2,10.7,10.4,7.8,8.0,9.0,8.7,9.9
113254,QUINCEMIL,-13.2289,-70.7544,16.4,21.7,23.4,21.6,19.1,18.8,19.4,19.4,20.2,23.8,27.3,22.4,19.6,19.4,19.1,18.8,18.4,18.7,19.4,19.2,17.9,17.4,18.9,19.6,20.5,28.3,24.6,25.7,20.4,21.4,20.2,20.9,21.8,22.8,27.6,25.6,19.9,20.6,21.4,20.5,22.0
113247,ASHANAKU,-13.58048,-71.58878,6.7,10.0,13.0,9.7,7.1,6.4,6.2,5.6,6.7,11.3,11.9,9.8,6.4,6.4,5.9,5.9,6.2,6.9,7.1,5.9,5.6,5.8,5.4,5.2,5.3,5.5,7.3,6.2,5.1,5.2,4.8,4.2,4.6,7.2,7.7,6.7,6.1,5.7,5.9,5.0,5.5
4729867C,QORIHUAYRACHINA,-13.22419,-72.43383,6.5,9.5,12.0,9.4,6.7,6.5,6.1,5.7,7.2,11.8,12.4,9.6,7.5,6.7,6.1,6.2,6.4,6.5,6.8,6.6,6.6,5.9,3.9,5.1,5.6,8.9,10.3,8.1,6.1,6.2,5.4,5.1,5.5,8.0,8.1,7.5,5.7,6.1,5.1,5.5,6.2
472935F2,INTIHUATANA H,-13.18517,-72.52319,6.5,9.5,12.0,9.4,6.7,6.5,6.1,5.7,7.2,11.8,12.4,9.6,7.5,6.7,6.1,6.2,6.4,6.5,6.8,6.6,6.6,5.9,3.9,5.1,5.6,8.9,10.3,8.1,6.1,6.2,5.4,5.1,5.5,8.0,8.1,7.5,5.7,6.1,5.1,5.5,6.2
472897F0,MACHUPICCHU,-13.16655,-72.54585,6.5,9.5,12.0,9.4,6.7,6.5,6.1,5.7,7.2,11.8,12.4,9.6,7.5,6.7,6.1,6.2,6.4,6.5,6.8,6.6,6.6,5.9,3.9,5.1,5.6,8.9,10.3,8.1,6.1,6.2,5.4,5.1,5.5,8.0,8.1,7.5,5.7,6.1,5.1,5.5,6.2
472852EE,INTIHUATANA M,-13.17418,-72.56036,6.5,9.5,12.0,9.4,6.7,6.5,6.1,5.7,7.2,11.8,12.4,9.6,7.5,6.7,6.1,6.2,6.4,6.5,6.8,6.6,6.6,5.9,3.9,5.1,5.6,8.9,10.3,8.1,6.1,6.2,5.4,5.1,5.5,8.0,8.1,7.5,5.7,6.1,5.1,5.5,6.2
4727C11E,HUAYLLABAMBA,-13.26581,-72.44881,6.5,9.5,12.0,9.4,6.7,6.5,6.1,5.7,7.2,11.8,12.4,9.6,7.5,6.7,6.1,6.2,6.4,6.5,6.8,6.6,6.6,5.9,3.9,5.1,5.6,8.9,10.3,8.1,6.1,6.2,5.4,5.1,5.5,8.0,8.1,7.5,5.7,6.1,5.1,5.5,6.2
4729950A,PACAYMAYO,-13.23419,-72.49841,6.5,9.5,12.0,9.4,6.7,6.5,6.1,5.7,7.2,11.8,12.4,9.6,7.5,6.7,6.1,6.2,6.4,6.5,6.8,6.6,6.6,5.9,3.9,5.1,5.6,8.9,10.3,8.1,6.1,6.2,5.4,5.1,5.5,8.0,8.1,7.5,5.7,6.1,5.1,5.5,6.2
472A9204,CHILCA,-13.2235,-72.34056,6.1,8.6,10.5,10.1,6.2,5.5,5.1,4.5,6.1,11.1,10.9,10.1,7.1,6.8,6.1,5.6,5.7,5.9,4.8,5.6,5.8,5.5,4.1,4.2,5.3,7.4,7.1,6.1,5.2,6.0,5.2,3.7,4.5,6.5,6.7,6.4,5.6,5.7,5.3,5.0,5.3
4720CDF8,COCHAMARCA,-12.99,-75.51019,5.4,9.4,11.5,9.0,5.5,5.0,4.4,4.0,4.5,9.0,10.3,8.7,5.8,5.9,4.3,5.4,5.4,9.8,7.5,6.8,4.9,5.0,4.2,3.1,4.2,7.8,9.1,7.1,4.6,5.4,4.5,3.7,4.1,8.4,8.4,5.1,3.8,3.8,3.3,2.4,4.1
47292684,HUACHOS,-13.21667,-75.53333,9.7,14.2,16.6,13.9,9.9,9.8,8.7,8.1,10.0,14.6,16.5,13.9,9.4,9.4,9.1,9.8,9.9,14.8,13.7,11.6,9.4,9.0,8.3,7.7,8.5,12.8,13.3,11.7,9.0,8.7,8.3,7.2,9.5,14.4,13.4,11.6,8.9,8.7,7.9,7.3,9.8
47284198,CHALLACA,-13.7898,-75.417,17.9,22.7,23.1,20.9,17.1,16.4,15.2,14.0,18.3,22.9,22.8,19.7,16.0,15.5,15.1,15.2,17.5,21.4,21.7,19.2,17.6,16.6,15.6,15.2,16.9,20.9,20.2,19.1,16.0,16.6,17.1,17.4,18.5,23.0,23.0,22.0,18.1,17.8,17.2,16.7,19.7
4728F216,CORDOVA,-14.03333,-75.16667,13.8,18.7,19.7,16.8,13.2,12.3,11.9,10.0,14.0,19.1,19.4,16.3,12.4,11.2,10.9,11.5,13.6,18.0,18.7,15.6,12.8,13.1,12.4,12.1,12.8,16.9,14.5,14.0,11.5,11.6,12.4,11.6,13.3,18.4,17.7,15.5,13.6,12.1,11.9,11.4,14.1
4728C78C,CUSICANCHA,-13.48333,-75.3,7.0,11.6,13.3,10.6,6.7,6.7,6.0,4.9,6.6,11.3,13.0,10.9,6.8,6.9,6.3,5.2,7.1,12.0,9.9,8.0,6.2,6.4,5.1,5.0,6.2,8.3,7.6,7.2,5.2,5.9,5.8,5.0,6.2,10.4,10.6,7.7,5.5,5.3,4.8,5.2,6.1
472811E4,CHALLACA M,-13.7905,-75.3821,17.9,22.7,23.1,20.9,17.1,16.4,15.2,14.0,18.3,22.9,22.8,19.7,16.0,15.5,15.1,15.2,17.5,21.4,21.7,19.2,17.6,16.6,15.6,15.2,16.9,20.9,20.2,19.1,16.0,16.6,17.1,17.4,18.5,23.0,23.0,22.0,18.1,17.8,17.2,16.7,19.7
4729131E,SANTIAGO DE CHOCORVOS,-13.83333,-75.25,10.0,14.8,16.7,14.0,9.9,9.6,8.7,7.5,10.1,15.0,16.6,13.9,9.5,9.3,8.5,9.1,10.4,15.0,15.4,12.8,9.6,10.0,8.6,8.5,9.0,12.1,10.6,10.4,8.6,8.5,8.6,7.4,9.3,14.6,13.7,11.4,10.2,8.6,8.0,7.6,9.8
112269,COCHABAMBA GRANDE,-12.19238,-74.51493,10.3,13.4,13.5,11.8,9.7,9.7,9.2,8.8,10.3,14.1,13.3,12.0,9.9,9.6,9.0,9.2,9.5,9.7,12.0,10.7,9.1,9.1,9.0,8.2,8.4,9.6,12.1,9.7,9.2,9.2,8.8,8.2,9.1,11.7,11.9,12.9,8.4,9.2,9.8,10.1,10.9
472D0552,CHINCHAVITO,-9.515,-75.9425,15.6,17.3,17.2,17.3,15.7,15.4,14.7,14.0,15.2,21.2,21.0,19.7,15.6,14.7,14.9,15.0,15.8,20.6,22.4,19.9,15.2,15.1,14.8,14.1,15.5,19.4,17.1,20.5,16.0,15.6,15.2,15.1,15.6,15.9,16.7,17.9,14.9,13.7,13.9,13.5,16.2
472B730C,PUENTE TARUCA,-9.85056,-76.1519,9.2,13.4,12.1,10.2,9.2,8.9,9.2,8.8,9.4,10.1,14.1,11.0,9.3,8.6,8.8,8.7,9.1,13.2,14.5,12.4,9.5,9.4,8.9,8.5,9.3,10.7,8.7,9.4,9.0,8.9,8.1,8.4,9.0,9.5,9.2,10.0,8.9,7.6,8.5,7.3,9.6
110146,QUISCA,-10.08922,-76.21556,10.6,15.8,17.3,13.6,11.2,10.7,10.0,9.7,10.0,15.4,18.6,15.9,11.3,10.1,9.3,9.4,10.0,14.2,17.6,15.8,11.5,10.5,10.2,9.7,10.2,13.2,11.1,10.0,9.5,10.0,9.6,9.5,10.7,13.6,11.2,11.2,10.2,10.0,9.9,9.0,10.5
4720EB14,SAN MARTIN,-9.40385,-76.76482,6.7,11.2,10.9,9.1,6.6,6.1,6.2,5.6,5.7,9.2,9.9,9.6,6.7,6.7,6.1,5.2,5.1,5.9,8.8,8.2,5.4,4.6,4.9,4.7,4.5,6.6,4.2,5.2,5.2,5.2,4.8,4.9,5.1,7.2,8.7,6.5,5.8,5.3,5.3,4.3,5.3
47E845FC,CACHICOTO,-9.21931,-76.21294,16.5,17.9,17.8,18.1,16.2,15.7,15.6,15.7,16.3,20.9,21.6,20.2,16.5,15.7,15.3,15.5,16.6,22.0,23.2,20.0,16.4,16.0,15.1,14.9,16.1,17.2,16.9,22.1,17.2,16.0,16.0,15.7,15.8,18.7,17.7,17.7,15.6,14.7,14.7,14.5,16.8
472DA5AA,PUENTE BELLA,-9.32411,-76.02935,19.1,21.3,20.1,20.0,18.9,18.3,18.0,18.0,18.5,23.8,25.5,23.0,18.8,18.0,17.4,17.2,18.4,26.8,29.7,23.4,19.0,18.5,17.2,16.7,17.9,22.3,19.5,25.5,20.1,18.7,18.5,18.1,18.2,18.5,18.7,19.6,17.5,17.0,16.2,15.6,17.5
47270400,TINGO MARIA,-9.29601,-76.00207,19.1,21.3,20.1,20.0,18.9,18.3,18.0,18.0,18.5,23.8,25.5,23.0,18.8,18.0,17.4,17.2,18.4,26.8,29.7,23.4,19.0,18.5,17.2,16.7,17.9,22.3,19.5,25.5,20.1,18.7,18.5,18.1,18.2,18.5,18.7,19.6,17.5,17.0,16.2,15.6,17.5
472D1624,PUENTE PEREZ,-9.34694,-75.9825,19.1,21.3,20.1,20.0,18.9,18.3,18.0,18.0,18.5,23.8,25.5,23.0,18.8,18.0,17.4,17.2,18.4,26.8,29.7,23.4,19.0,18.5,17.2,16.7,17.9,22.3,19.5,25.5,20.1,18.7,18.5,18.1,18.2,18.5,18.7,19.6,17.5,17.0,16.2,15.6,17.5
4727A4F8,PUERTO INCA,-9.3851,-74.96376,22.0,22.2,21.7,22.8,21.2,21.1,20.2,19.9,21.2,25.6,24.0,30.0,24.0,22.0,21.1,20.5,22.7,31.6,34.9,33.0,25.3,22.0,20.9,21.0,21.5,26.0,26.5,25.7,23.7,23.2,22.6,21.5,22.4,24.3,25.9,24.3,23.1,21.0,20.3,19.6,22.1
110140,JESUS DE LAURICOCHA,-10.07819,-76.63119,5.1,10.6,11.9,11.1,7.6,6.6,5.6,5.7,5.8,9.0,11.8,9.2,7.7,6.8,5.7,5.4,5.8,7.5,8.4,9.9,7.0,5.9,5.4,5.2,5.0,7.2,5.5,4.7,5.1,5.2,4.8,4.5,4.2,5.2,8.7,8.9,6.4,6.1,4.1,3.9,4.6
109094,PUCA PUCA,-9.87895,-76.5909,6.7,12.0,11.1,10.2,7.2,6.8,5.6,6.6,6.5,10.5,13.4,9.9,7.9,6.8,6.7,6.4,6.3,7.4,11.4,10.1,7.6,6.7,6.5,6.2,5.9,8.7,7.3,6.4,6.0,6.0,5.9,5.2,5.6,7.0,7.7,7.8,6.2,6.7,6.6,6.5,6.2
213507,RAMADILLAS,-13.80857,-75.50129,17.9,22.7,23.1,20.9,17.1,16.4,15.2,14.0,18.3,22.9,22.8,19.7,16.0,15.5,15.1,15.2,17.5,21.4,21.7,19.2,17.6,16.6,15.6,15.2,16.9,20.9,20.2,19.1,16.0,16.6,17.1,17.4,18.5,23.0,23.0,22.0,18.1,17.8,17.2,16.7,19.7
213506,LOS MOLINOS,-13.9102,-75.66696,15.9,22.0,27.6,28.0,19.2,17.1,16.5,15.3,15.9,22.0,28.2,26.2,19.5,18.9,17.2,16.4,17.1,22.3,27.3,26.7,19.8,18.5,18.7,18.2,18.6,24.8,28.7,27.9,20.5,20.7,20.0,18.9,19.2,25.9,31.1,27.4,20.6,19.7,19.1,19.2,19.6
213503,HUAMANI EL TAMBO,-13.84386,-75.58944,17.9,22.7,23.1,20.9,17.1,16.4,15.2,14.0,18.3,22.9,22.8,19.7,16.0,15.5,15.1,15.2,17.5,21.4,21.7,19.2,17.6,16.6,15.6,15.2,16.9,20.9,20.2,19.1,16.0,16.6,17.1,17.4,18.5,23.0,23.0,22.0,18.1,17.8,17.2,16.7,19.7
472A446C,BETA SANTIAGO,-14.23739,-75.67022,16.3,22.5,28.8,30.7,22.2,19.1,17.7,16.6,16.6,23.3,30.3,28.9,21.8,19.1,17.4,16.5,16.9,23.7,29.9,30.0,21.6,20.5,19.4,19.1,18.6,25.3,31.3,30.2,23.7,21.7,19.7,18.9,19.0,26.7,32.0,29.9,23.2,20.5,19.3,18.9,19.6
4728A26A,CONTA M,-13.43936,-75.97517,16.2,20.5,24.2,22.0,17.5,15.8,15.2,14.5,16.4,21.8,23.8,21.5,17.3,16.8,16.0,15.1,16.4,21.7,24.4,21.0,16.4,16.7,16.4,15.4,17.2,22.9,25.1,22.2,18.0,18.2,16.8,15.7,18.3,24.4,24.1,21.9,18.4,18.4,17.5,17.6,18.1
4728B11C,FONAGRO,-13.45944,-76.15167,18.0,18.2,18.3,17.4,17.4,17.4,17.6,17.4,17.9,18.6,18.3,18.2,18.0,17.6,17.3,17.2,17.6,18.0,17.7,17.7,17.8,18.0,17.6,17.4,17.6,18.0,18.1,18.4,18.2,18.4,18.1,17.7,18.0,18.4,18.5,18.4,18.3,18.6,18.3,18.1,18.3
4728E160,SAN PEDRO DE HUACARPANA,-13.04889,-75.64806,8.2,12.7,14.2,12.1,8.7,8.4,7.6,6.7,8.2,12.7,14.1,12.1,8.7,8.4,7.8,7.7,8.5,12.9,11.3,9.4,7.9,7.6,6.8,6.6,7.3,11.2,10.3,9.7,7.5,7.7,7.4,7.0,8.3,12.2,12.1,9.8,8.2,7.6,6.7,5.9,8.0
114139,COPARA,-14.975,-74.89056,15.2,22.1,27.8,27.8,20.1,19.7,18.2,16.5,16.7,23.5,29.3,26.9,20.8,19.8,18.1,17.1,17.8,24.4,29.3,28.4,21.8,20.4,19.7,19.6,19.3,26.0,30.7,26.9,23.1,20.9,19.7,19.2,20.7,27.4,30.0,27.9,21.0,20.6,19.9,19.6,19.8
114136,PALPA,-14.54935,-75.18921,15.7,22.5,28.2,26.2,19.7,17.7,16.4,15.4,16.2,23.2,29.4,26.1,18.5,17.5,15.7,15.1,18.0,23.7,29.0,26.4,19.1,18.2,17.2,17.1,19.3,25.3,30.5,26.2,21.1,19.0,17.2,17.4,18.3,25.7,30.0,25.3,19.8,18.7,18.3,18.5,18.3
47E3834A,IMATA,-15.84266,-71.09062,1.2,8.5,12.5,11.7,5.6,3.0,1.7,0.2,3.3,9.1,12.7,10.7,4.9,3.8,2.5,1.5,3.0,7.9,10.7,5.8,4.0,3.8,2.4,2.5,3.1,6.5,11.0,8.2,3.2,2.6,3.3,1.7,2.4,8.5,10.0,3.4,0.9,-0.0,0.2,0.3,0.6
47E373CE,PILLONES,-15.97861,-71.21333,2.6,9.8,14.1,11.1,5.7,3.8,2.5,0.9,4.4,10.0,14.3,9.8,5.0,4.2,2.9,2.6,4.7,9.5,12.1,9.4,5.3,4.9,4.6,3.5,6.0,10.5,11.5,6.0,3.4,2.5,4.6,3.2,4.7,9.7,8.6,6.5,2.1,0.9,1.6,1.6,2.7
472ED434,SUMBAY,-15.81667,-71.11667,1.2,8.5,12.5,11.7,5.6,3.0,1.7,0.2,3.3,9.1,12.7,10.7,4.9,3.8,2.5,1.5,3.0,7.9,10.7,5.8,4.0,3.8,2.4,2.5,3.1,6.5,11.0,8.2,3.2,2.6,3.3,1.7,2.4,8.5,10.0,3.4,0.9,-0.0,0.2,0.3,0.6
47265686,SIBAYO,-15.49422,-71.4638,2.5,8.7,12.4,13.3,7.6,6.3,4.7,3.5,5.1,9.5,12.2,12.2,6.8,5.9,4.5,4.1,4.3,8.1,10.4,5.6,3.0,3.3,2.7,3.7,4.6,7.8,11.0,9.7,5.2,5.1,4.6,3.1,2.7,8.2,9.9,6.4,4.0,1.0,0.5,0.7,1.3
47E8A60E,COTACOTA,-15.21331,-71.38955,2.7,8.9,12.6,14.0,8.6,6.9,5.4,3.5,5.1,9.9,13.4,5.5,5.3,4.4,2.8,2.3,3.3,7.1,10.4,9.7,4.4,3.9,4.6,3.1,3.9,6.5,10.9,9.6,6.5,5.1,3.3,2.2,2.1,7.7,10.9,9.4,4.2,2.2,0.4,0.9,1.6
114119,VISCA VISCA,-14.7228,-71.9787,3.6,8.6,12.1,10.7,9.9,6.4,4.2,2.8,4.6,9.3,12.3,6.8,4.4,4.7,1.4,1.1,1.4,3.4,5.7,6.9,4.3,3.4,2.2,2.5,2.0,4.2,7.4,7.7,5.7,3.9,2.5,1.5,1.7,3.5,6.9,7.7,4.4,2.3,0.5,0.9,1.8
115150,COROPUNA,-15.53597,-72.61056,3.3,8.6,11.3,8.5,4.2,3.8,3.6,2.6,4.1,8.4,10.0,7.4,4.0,3.2,2.9,3.1,3.6,7.1,5.2,3.3,3.0,2.5,1.9,1.7,2.3,4.9,5.7,3.6,2.6,1.7,1.9,1.5,2.9,6.6,7.2,4.1,-1.0,0.9,1.1,0.3,1.9
115151,CUYAU,-15.21794,-72.93564,9.2,14.7,17.6,14.4,9.2,8.5,7.9,7.2,9.8,14.2,16.7,13.9,8.9,8.0,7.4,8.4,9.6,13.1,11.1,10.6,8.4,7.6,6.2,6.2,7.1,12.1,13.9,11.9,7.4,6.0,5.5,4.6,7.1,12.3,14.2,7.7,4.6,5.7,5.9,5.5,7.9
47280292,COTAHUASI,-15.21134,-72.89331,9.2,14.7,17.6,14.4,9.2,8.5,7.9,7.2,9.8,14.2,16.7,13.9,8.9,8.0,7.4,8.4,9.6,13.1,11.1,10.6,8.4,7.6,6.2,6.2,7.1,12.1,13.9,11.9,7.4,6.0,5.5,4.6,7.1,12.3,14.2,7.7,4.6,5.7,5.9,5.5,7.9
4729D600,PAMPA CANGALLO,-13.56184,-74.19889,8.1,9.7,13.8,13.9,8.5,8.8,8.2,7.5,8.3,11.8,14.2,13.1,7.5,7.1,7.2,7.4,8.1,9.4,11.4,10.6,8.4,8.0,7.1,6.4,6.0,6.4,7.4,10.1,7.7,7.4,6.7,6.6,6.7,9.2,12.4,11.6,9.6,6.1,5.7,5.8,6.3
113248,SANTA CRUZ DE HOSPICIO,-13.4383,-74.7993,5.0,8.9,12.7,5.2,6.7,5.8,5.6,5.1,5.1,9.0,10.4,8.6,7.2,5.7,3.6,4.2,4.9,8.2,9.8,8.2,6.7,5.8,4.6,3.9,3.5,4.2,3.9,7.4,5.4,3.9,2.9,2.6,3.7,8.0,10.7,7.3,4.3,4.9,4.4,4.1,4.5
47290068,HUAC-HUAS,-14.12861,-74.94583,17.7,22.7,22.4,20.3,16.4,15.5,15.2,13.8,18.4,22.5,22.4,19.2,15.6,14.6,14.1,13.3,17.3,20.9,20.8,17.5,15.2,15.6,15.0,14.5,16.8,20.0,19.2,18.1,15.6,16.2,16.2,14.5,18.0,22.8,22.6,21.5,17.4,17.8,17.0,16.6,19.5
114122,CCONTACC,-14.5423,-74.2642,5.4,11.0,14.8,11.1,8.0,6.4,5.2,4.3,6.2,11.3,12.7,12.5,7.1,5.3,4.8,5.2,5.5,10.2,10.4,6.9,4.4,5.4,5.3,4.7,5.0,6.3,6.5,10.6,6.1,5.9,4.4,3.2,4.7,10.0,10.2,5.1,5.4,5.2,4.4,4.7,5.7
114127,PAMPA GALERAS,-14.66917,-74.40361,10.1,15.4,16.1,13.7,11.0,10.4,10.0,8.5,10.9,15.0,16.4,13.2,10.1,9.7,8.9,9.2,10.9,14.8,13.8,10.8,7.5,8.9,8.5,8.2,8.1,11.0,11.0,9.9,7.5,7.6,7.8,8.0,8.6,13.5,12.6,11.2,10.2,10.2,9.1,8.3,10.4
114121,HURAY HUMA,-14.564,-73.5558,2.6,7.4,10.8,11.2,7.2,5.6,4.6,3.4,4.1,8.5,7.4,4.7,4.4,4.4,3.0,2.7,2.9,4.4,5.3,6.4,4.0,3.4,2.6,2.1,2.2,2.7,4.5,5.7,2.9,2.2,1.9,1.7,1.7,3.3,6.6,6.6,1.8,2.2,2.1,0.9,2.0
115155,PAUZA,-15.275,-73.34083,10.6,16.5,20.2,17.4,12.1,10.5,9.7,9.0,11.5,16.1,19.6,16.9,11.3,9.9,9.2,9.8,11.4,15.4,15.0,9.9,10.4,9.4,8.9,7.4,9.1,13.5,13.8,12.9,9.6,7.4,6.3,5.5,8.2,14.3,13.7,7.5,7.5,8.1,7.5,7.1,10.0
4725B27A,PAUCARAY,-14.04361,-73.63833,8.2,10.8,15.6,16.2,12.0,10.9,9.4,8.3,8.6,13.0,17.1,15.0,9.8,7.4,8.4,8.2,8.3,8.3,11.7,12.3,10.0,7.2,6.5,6.5,6.4,7.0,9.9,12.7,9.2,7.9,7.5,6.7,7.0,10.8,13.2,12.8,8.4,6.9,7.0,6.4,7.1
472645F0,UNC CAJAMARCA,-7.16747,-78.49307,11.3,18.6,18.8,14.2,13.2,12.9,12.2,12.4,12.6,18.3,18.1,15.9,13.7,13.9,12.0,10.3,11.0,17.7,20.7,17.2,13.5,12.0,11.6,10.7,10.4,17.6,19.8,17.5,13.7,13.7,11.0,10.6,11.2,18.1,19.1,15.7,13.1,10.9,9.9,9.1,10.6
4729F0EC,CAJABAMBA,-7.62167,-78.05111,12.8,19.0,21.9,20.2,16.5,14.6,14.2,13.6,13.0,17.0,22.5,21.7,17.1,13.4,12.0,11.9,13.0,18.9,22.0,20.6,15.9,13.8,11.9,11.2,11.9,18.8,22.1,18.9,16.4,14.2,12.9,11.2,13.1,14.9,18.9,17.0,13.5,11.4,10.0,8.9,12.1
472A32FC,CRISNEJAS,-7.4639,-78.1131,12.8,19.0,21.9,20.2,16.5,14.6,14.2,13.6,13.0,17.0,22.5,21.7,17.1,13.4,12.0,11.9,13.0,18.9,22.0,20.6,15.9,13.8,11.9,11.2,11.9,18.8,22.1,18.9,16.4,14.2,12.9,11.2,13.1,14.9,18.9,17.0,13.5,11.4,10.0,8.9,12.1
4726631C,CELENDIN,-6.85303,-78.14487,11.9,16.4,18.6,17.3,13.2,12.4,12.1,11.5,11.9,13.1,18.3,17.2,13.4,12.8,11.4,11.0,11.3,13.8,18.5,17.1,14.0,12.2,10.8,9.7,11.0,15.3,17.1,14.0,12.7,11.2,10.7,11.1,11.1,15.3,15.9,12.1,11.2,10.4,9.6,8.7,11.2
472501F4,BALSAS,-6.84461,-78.03025,15.2,19.7,20.8,20.4,16.2,15.9,15.5,14.0,14.9,17.5,23.1,21.6,15.7,14.2,13.6,13.2,14.9,19.6,20.1,18.8,14.4,13.1,12.2,11.0,13.6,21.3,20.0,18.2,16.7,12.9,14.0,14.2,15.0,20.0,18.7,16.1,13.1,12.2,11.3,10.4,14.3
4726C3E4,CHOTA,-6.55405,-78.67588,13.0,16.9,19.4,18.0,13.2,12.9,12.7,10.9,12.3,17.4,19.2,18.1,13.9,12.4,13.0,12.3,12.7,16.4,19.4,17.3,12.8,11.9,10.9,11.0,11.8,17.8,20.8,15.2,13.2,11.2,10.3,10.7,11.8,15.3,17.4,15.9,11.0,10.3,9.8,9.5,11.2
47E94706,HUAMBOS,-6.45364,-78.96319,14.8,22.9,25.5,23.1,16.6,15.9,14.7,13.8,15.1,20.5,25.2,23.2,17.6,16.3,15.4,14.2,14.7,21.3,24.8,22.7,18.1,17.1,16.0,14.2,14.5,22.2,24.9,20.7,17.0,13.6,12.6,13.2,14.1,19.1,22.0,17.4,14.0,12.8,12.2,11.9,13.6
47E1D6C2,PUENTE SAN CARLOS,-6.61515,-79.27136,19.2,25.5,25.6,24.6,17.5,20.0,19.6,18.0,19.8,27.0,27.4,23.3,17.3,18.3,17.6,17.5,18.9,27.4,26.2,23.7,17.9,19.5,18.2,17.5,19.1,25.2,26.0,23.9,18.6,18.0,17.5,17.5,19.1,26.8,28.4,24.0,17.9,18.0,18.0,17.2,18.7
472C92CA,CASCABAMBA,-7.38407,-78.72682,20.4,23.9,25.1,20.0,19.2,20.4,18.7,18.4,20.4,25.4,23.2,20.4,17.3,18.7,17.6,17.1,19.2,23.9,21.8,20.8,16.9,17.6,17.1,17.0,18.8,23.5,23.9,22.1,18.5,19.6,17.7,17.2,19.2,25.2,22.2,23.4,19.5,19.0,19.3,17.9,19.7
4727470A,PUENTE CHILETE,-7.21968,-78.83798,16.5,23.6,21.5,18.1,16.6,16.7,16.2,15.8,17.1,23.2,21.0,19.5,16.0,17.1,16.4,14.9,15.6,22.7,24.3,18.8,15.5,15.3,14.8,14.9,14.9,22.7,22.3,20.4,16.4,16.7,15.3,14.2,15.6,23.3,21.2,18.1,16.5,15.6,14.7,13.9,15.3
472C81BC,GUZMANGO,-7.38133,-78.9033,18.9,23.8,26.2,23.1,20.4,20.5,20.0,19.8,20.8,24.9,25.9,21.2,18.6,19.7,19.2,19.0,19.9,24.0,25.3,23.8,19.2,19.3,19.9,19.2,19.6,24.4,26.2,24.9,19.7,21.1,19.8,19.2,20.2,25.3,27.2,25.3,21.1,20.8,21.5,19.0,19.7
109091,SAUCEPAMPA,-9.0309,-77.7763,8.1,12.2,13.9,10.7,8.7,8.0,6.7,6.3,6.6,7.0,12.4,10.2,9.1,8.6,7.9,7.8,7.6,11.4,13.4,11.1,9.4,8.5,7.1,7.2,7.3,11.2,11.8,10.7,9.1,8.7,8.1,6.7,7.0,11.2,12.6,10.4,9.1,8.7,8.4,8.0,7.8
472182DA,PUENTE CAHUA,-10.60597,-77.34388,14.1,19.9,20.1,17.9,13.7,12.8,12.2,12.5,14.3,19.2,18.9,17.9,14.0,13.2,12.4,11.1,13.3,19.2,18.9,16.4,11.8,11.0,10.1,10.5,12.9,18.2,18.9,16.6,11.5,11.2,10.5,10.0,13.9,20.1,19.7,17.9,13.2,13.2,13.6,11.0,14.7
47259496,RECUAY,-9.72919,-77.45365,7.3,10.8,13.8,10.1,8.4,7.5,7.0,5.7,5.0,8.1,9.7,8.8,9.0,8.0,7.0,6.0,6.4,10.4,12.0,11.1,9.0,7.6,5.9,5.6,5.7,7.9,10.8,9.7,8.2,7.7,6.3,6.2,6.2,10.5,12.7,8.2,8.1,8.0,7.7,6.9,6.7
47E89394,PACHACOTO,-9.85243,-77.40607,7.3,10.8,13.8,10.1,8.4,7.5,7.0,5.7,5.0,8.1,9.7,8.8,9.0,8.0,7.0,6.0,6.4,10.4,12.0,11.1,9.0,7.6,5.9,5.6,5.7,7.9,10.8,9.7,8.2,7.7,6.3,6.2,6.2,10.5,12.7,8.2,8.1,8.0,7.7,6.9,6.7
110138,SHAQUEK,-10.07116,-77.52504,9.5,14.0,14.2,12.4,9.2,8.7,8.7,7.9,8.4,12.4,12.8,12.3,9.6,10.0,9.8,8.5,9.1,13.9,13.3,11.9,8.6,7.7,6.8,6.7,8.4,11.8,14.0,11.2,8.7,8.7,7.8,7.5,9.3,13.8,13.7,12.0,9.2,8.8,9.2,7.5,9.1
472B55E0,PUENTE SALINAS AMOJAO,-5.45096,-78.4894,19.5,22.5,22.6,24.5,20.1,19.5,19.1,18.2,19.2,26.3,28.5,27.2,20.8,20.4,19.1,18.2,19.6,27.0,30.4,29.7,22.4,20.6,19.8,19.4,20.7,28.4,24.1,20.9,20.6,18.7,19.7,19.2,18.5,19.3,20.9,23.7,20.1,18.9,18.4,17.6,19.1
472C57D4,BAGUA,-5.66145,-78.53403,20.4,22.4,26.4,27.1,21.7,20.8,20.0,19.5,20.4,24.6,29.3,29.5,23.8,21.5,20.9,19.8,20.7,25.6,30.6,31.3,25.3,23.4,21.7,20.7,21.8,26.9,25.9,23.2,21.7,20.4,20.8,20.2,19.8,20.6,20.2,24.1,20.8,20.2,19.6,18.4,20.1
472B607A,CORRAL QUEMADO,-5.75461,-78.69208,20.3,22.0,26.2,29.6,22.9,21.4,20.7,19.6,20.5,24.5,30.5,29.9,24.5,22.6,21.2,20.4,21.2,26.1,31.3,31.1,26.6,24.6,22.3,21.1,21.8,26.8,26.5,24.4,22.9,21.2,21.4,20.9,20.1,20.3,21.0,24.3,21.9,20.6,19.5,18.6,20.3
472B2370,MAGUNCHAL,-5.88987,-78.18876,15.4,16.9,22.1,17.1,15.4,15.3,15.0,14.6,14.9,19.2,21.1,20.3,16.7,15.2,14.8,14.4,15.3,20.3,20.1,18.3,17.0,14.8,13.6,13.0,14.0,19.0,21.9,16.4,14.1,14.5,14.2,14.2,14.2,15.0,15.4,16.4,14.1,14.0,13.9,12.5,14.4
220907,NARANJITO,-5.81968,-78.27598,17.3,21.2,23.0,19.6,17.4,17.0,16.4,16.1,16.6,22.2,23.9,22.3,17.9,17.1,16.8,15.6,17.1,23.3,24.5,24.4,19.4,17.2,16.0,15.7,16.7,19.9,23.0,18.1,16.7,15.7,16.0,16.0,15.9,16.6,16.7,20.4,16.3,15.6,15.2,14.3,16.2
109096,BUENA VISTA,-9.43372,-78.20828,18.7,21.9,25.0,22.4,20.0,19.2,18.5,18.3,18.4,22.5,24.1,22.1,19.2,19.1,17.9,18.3,18.4,19.9,23.2,23.2,19.8,18.9,18.3,18.2,18.4,22.7,25.4,23.2,20.6,19.4,18.9,18.7,18.7,22.7,25.9,23.3,19.7,19.3,18.5,18.2,18.8
4725A10C,CHAVIN,-9.58598,-77.17529,4.8,8.9,11.6,9.9,6.2,4.8,4.2,3.9,3.7,6.4,10.3,8.3,6.8,5.3,4.7,4.0,3.8,7.0,8.0,9.3,6.2,4.2,3.7,3.7,3.5,4.4,7.2,7.2,5.5,4.7,3.9,3.7,3.9,8.0,10.2,7.4,5.2,5.3,5.1,4.2,3.4
211408,CONDORCERRO,-8.65793,-78.26172,19.8,23.4,24.4,23.0,18.2,18.8,19.2,19.2,20.4,24.1,23.6,21.6,17.7,18.6,18.4,17.7,19.8,23.2,23.1,21.9,17.9,18.7,17.9,19.0,19.1,23.6,24.4,22.0,18.1,18.2,17.9,17.5,20.6,24.9,25.2,23.1,19.3,19.6,18.7,17.2,20.5
211601,SAN JACINTO,-9.141,-78.2023,18.3,21.9,26.9,24.0,20.0,18.8,18.0,17.9,17.9,22.4,26.2,23.0,19.4,19.3,18.1,18.2,18.1,19.6,24.5,24.1,20.8,19.8,18.3,17.7,17.7,22.6,26.5,23.7,21.2,19.6,18.5,18.6,18.6,24.7,27.5,24.6,20.2,19.4,18.3,17.6,19.0
113253,CURAHUASI,-13.5526,-72.7349,8.5,12.0,15.1,15.0,9.2,8.4,8.1,7.3,8.5,14.6,16.0,14.1,9.8,9.0,8.5,7.9,8.0,8.8,9.1,8.7,8.5,8.2,6.9,6.4,7.1,10.6,13.5,12.9,9.4,7.7,7.5,7.2,7.2,8.7,9.6,9.6,8.6,7.5,7.6,7.1,6.2
47263360,GRANJA SAN ANTONIO,-13.60492,-72.85693,8.5,12.0,15.1,15.0,9.2,8.4,8.1,7.3,8.5,14.6,16.0,14.1,9.8,9.0,8.5,7.9,8.0,8.8,9.1,8.7,8.5,8.2,6.9,6.4,7.1,10.6,13.5,12.9,9.4,7.7,7.5,7.2,7.2,8.7,9.6,9.6,8.6,7.5,7.6,7.1,6.2
472B16EA,HUACULLO,-14.65289,-72.57275,0.7,6.1,9.6,9.6,5.2,2.3,0.7,-0.2,1.4,6.3,8.1,4.7,1.6,1.1,-0.2,0.1,0.3,1.4,2.7,3.6,2.1,1.0,0.5,-0.3,0.2,2.5,4.1,4.1,2.5,0.6,-0.4,-0.5,-0.3,2.3,3.2,4.5,2.0,-0.1,-3.0,-4.0,-2.0
472A1410,CASACCANCHA,-13.98923,-72.29832,5.3,9.9,15.5,15.2,9.7,6.8,5.2,5.0,5.8,10.8,14.4,13.0,9.0,6.5,4.9,4.3,5.7,5.5,9.2,8.0,6.4,5.9,5.3,4.7,4.7,8.2,10.1,9.4,7.2,5.7,4.6,4.6,4.3,4.4,7.6,7.5,7.0,5.6,4.8,3.7,3.4
250900,PUENTE PAMPAS GORE APU,-13.43493,-73.82737,9.5,13.4,17.1,15.7,10.9,9.6,8.7,8.1,9.4,14.8,18.7,16.9,10.8,9.8,9.5,9.1,9.2,9.6,13.0,12.8,9.9,7.7,8.1,8.1,7.9,9.8,14.9,14.4,10.2,9.6,8.5,8.4,8.7,12.5,14.2,14.0,11.4,10.2,8.5,7.7,9.4
113246,TANCAYLLO,-13.63523,-73.69004,9.8,13.9,16.4,17.7,11.7,10.7,9.7,9.9,10.3,15.2,19.5,18.2,12.2,9.7,10.0,10.3,9.9,10.6,12.3,14.1,11.2,8.4,8.1,8.2,8.3,9.4,13.8,14.5,11.4,9.7,9.3,9.0,9.2,12.5,15.1,14.7,11.9,8.7,7.8,7.9,9.3
116085,AREQUIPA UV,-16.4042,-71.55155,15.5,21.2,22.8,20.1,13.9,12.8,11.4,10.9,16.2,20.9,22.1,19.6,13.6,12.6,12.3,11.6,16.2,20.8,21.6,18.2,15.0,12.7,11.0,12.0,14.5,18.9,19.8,17.0,12.7,10.6,9.4,10.6,12.4,16.8,19.4,18.9,13.9,13.4,13.2,12.7,16.3
116065,LA PAMPILLA,-16.41384,-71.53452,15.5,21.2,22.8,20.1,13.9,12.8,11.4,10.9,16.2,20.9,22.1,19.6,13.6,12.6,12.3,11.6,16.2,20.8,21.6,18.2,15.0,12.7,11.0,12.0,14.5,18.9,19.8,17.0,12.7,10.6,9.4,10.6,12.4,16.8,19.4,18.9,13.9,13.4,13.2,12.7,16.3
116083,CAYMA,-16.31689,-71.57919,9.0,15.3,16.4,13.0,8.2,7.0,6.2,5.9,10.3,14.5,15.9,12.1,8.1,7.3,6.9,6.4,10.0,14.4,14.7,11.2,8.6,7.2,7.0,6.7,8.8,11.9,12.8,10.0,6.0,4.7,4.8,4.7,7.1,10.3,12.0,11.2,6.1,6.2,6.5,6.3,8.9
472147C4,CHARCANI,-16.31086,-71.49511,9.0,15.3,16.4,13.0,8.2,7.0,6.2,5.9,10.3,14.5,15.9,12.1,8.1,7.3,6.9,6.4,10.0,14.4,14.7,11.2,8.6,7.2,7.0,6.7,8.8,11.9,12.8,10.0,6.0,4.7,4.8,4.7,7.1,10.3,12.0,11.2,6.1,6.2,6.5,6.3,8.9
116077,CHIGUATA,-16.40645,-71.40914,15.5,21.2,22.8,20.1,13.9,12.8,11.4,10.9,16.2,20.9,22.1,19.6,13.6,12.6,12.3,11.6,16.2,20.8,21.6,18.2,15.0,12.7,11.0,12.0,14.5,18.9,19.8,17.0,12.7,10.6,9.4,10.6,12.4,16.8,19.4,18.9,13.9,13.4,13.2,12.7,16.3
116079,HUASACACHE,-16.45774,-71.56635,15.5,21.2,22.8,20.1,13.9,12.8,11.4,10.9,16.2,20.9,22.1,19.6,13.6,12.6,12.3,11.6,16.2,20.8,21.6,18.2,15.0,12.7,11.0,12.0,14.5,18.9,19.8,17.0,12.7,10.6,9.4,10.6,12.4,16.8,19.4,18.9,13.9,13.4,13.2,12.7,16.3
472EE1AE,TINGO GRANDE,-16.45992,-71.57431,15.5,21.2,22.8,20.1,13.9,12.8,11.4,10.9,16.2,20.9,22.1,19.6,13.6,12.6,12.3,11.6,16.2,20.8,21.6,18.2,15.0,12.7,11.0,12.0,14.5,18.9,19.8,17.0,12.7,10.6,9.4,10.6,12.4,16.8,19.4,18.9,13.9,13.4,13.2,12.7,16.3
116082,SAN FRANCISCO,-16.38519,-71.49044,15.5,21.2,22.8,20.1,13.9,12.8,11.4,10.9,16.2,20.9,22.1,19.6,13.6,12.6,12.3,11.6,16.2,20.8,21.6,18.2,15.0,12.7,11.0,12.0,14.5,18.9,19.8,17.0,12.7,10.6,9.4,10.6,12.4,16.8,19.4,18.9,13.9,13.4,13.2,12.7,16.3
116078,TUCTUMPAYA,-16.48827,-71.33463,7.3,12.7,14.5,11.8,7.6,6.5,5.0,3.8,8.2,12.3,14.0,11.0,7.4,6.8,6.0,5.2,8.0,12.2,13.5,10.0,7.0,6.6,5.5,6.1,7.0,9.3,10.3,8.0,4.5,3.7,4.1,4.2,5.2,8.2,10.5,8.3,3.5,3.9,5.0,4.4,6.7
47E3B6D0,SAN JOSE DE UZUNA,-16.58103,-71.32836,7.3,12.7,14.5,11.8,7.6,6.5,5.0,3.8,8.2,12.3,14.0,11.0,7.4,6.8,6.0,5.2,8.0,12.2,13.5,10.0,7.0,6.6,5.5,6.1,7.0,9.3,10.3,8.0,4.5,3.7,4.1,4.2,5.2,8.2,10.5,8.3,3.5,3.9,5.0,4.4,6.7
116086,LAS SALINAS,-16.32064,-71.15212,3.8,10.2,12.9,10.1,5.5,4.0,2.7,1.8,5.4,10.4,12.9,9.1,5.1,4.8,3.4,2.7,5.2,9.6,12.1,8.4,5.3,4.8,4.5,3.9,4.9,8.1,6.9,6.5,2.4,2.6,4.4,3.0,4.5,7.5,8.7,6.2,1.8,1.7,2.0,2.1,3.4
4722E032,PUENTE DEL DIABLO,-16.42665,-71.67507,20.3,25.3,27.2,24.4,18.6,17.4,17.0,16.8,20.7,25.4,27.1,24.0,18.0,18.1,17.1,15.9,20.4,24.9,26.2,22.7,20.8,17.5,16.5,16.9,19.5,23.7,25.5,22.7,17.9,15.7,15.0,15.2,18.2,22.8,26.2,26.2,22.3,20.9,19.8,19.3,22.0
47E26242,BOYADERO,-16.58989,-72.00886,17.9,25.7,29.1,25.9,19.7,18.6,18.4,17.4,19.8,27.2,29.4,26.0,20.0,20.3,18.9,18.2,21.2,27.1,29.4,25.9,22.6,19.6,19.0,17.1,20.8,26.6,29.8,27.1,20.7,19.1,17.9,17.1,21.4,27.1,31.0,30.3,26.0,25.5,21.6,21.8,21.3
47E360B8,PATAHUASI,-16.05542,-71.41481,4.1,10.5,13.2,10.0,5.2,4.8,3.5,2.2,5.6,10.2,13.1,8.8,5.0,4.5,3.8,3.5,5.4,9.8,12.1,8.1,5.0,4.6,4.5,2.6,4.0,9.0,9.1,7.1,2.7,2.6,3.3,4.1,3.4,7.7,7.7,6.4,1.8,1.3,2.1,2.4,4.3
116081,YURA,-16.30271,-71.62395,9.0,15.3,16.4,13.0,8.2,7.0,6.2,5.9,10.3,14.5,15.9,12.1,8.1,7.3,6.9,6.4,10.0,14.4,14.7,11.2,8.6,7.2,7.0,6.7,8.8,11.9,12.8,10.0,6.0,4.7,4.8,4.7,7.1,10.3,12.0,11.2,6.1,6.2,6.5,6.3,8.9
47E27134,SOCOSANI,-16.25944,-71.72056,16.4,21.4,22.1,19.7,14.5,13.1,11.7,11.7,17.0,21.0,21.7,19.2,13.8,13.5,13.0,12.3,16.4,20.7,20.8,18.0,15.2,12.8,12.1,12.7,15.3,18.7,20.1,17.2,12.9,10.9,9.8,11.2,13.3,17.4,20.1,19.9,15.6,15.1,14.8,13.7,17.3
116084,CAMANA,-16.64395,-72.70432,17.2,17.5,17.4,17.6,17.9,17.5,17.1,16.9,17.2,17.3,17.3,17.4,17.1,17.3,17.0,16.8,17.1,17.2,17.3,17.5,17.6,17.5,17.3,17.2,17.3,17.6,17.7,18.2,18.0,17.5,19.1,18.1,18.4,18.6,18.2,18.6,18.4,18.1,18.1,17.9,18.0
472D23BE,OCOÑA,-16.427,-73.1145,15.8,17.3,17.5,17.0,16.2,15.6,15.2,14.7,15.5,17.5,18.0,16.9,16.5,15.5,14.8,15.6,16.1,17.8,18.1,17.2,16.8,16.3,15.5,15.4,16.8,18.3,20.0,19.1,16.7,18.6,22.0,18.7,21.9,24.2,18.5,17.5,16.8,16.5,17.6,16.0,17.9
214400,HUATIAPA,-16.00806,-72.48355,19.5,24.1,26.4,23.5,19.7,19.3,18.0,17.4,20.5,24.6,26.8,24.0,19.3,19.8,18.7,17.9,20.1,24.7,26.4,22.9,20.1,18.4,17.9,16.7,19.0,23.8,26.7,24.5,19.2,18.1,17.5,16.0,19.7,24.4,27.2,28.0,23.3,22.3,20.3,20.5,22.7
4723D752,CHIVAY,-15.64163,-71.60169,1.7,8.0,11.8,9.0,4.9,3.8,3.0,1.6,4.0,8.3,11.4,8.3,4.4,3.6,3.0,2.6,3.7,7.5,9.0,4.6,3.5,3.3,0.8,1.2,4.1,7.8,9.5,3.0,2.5,2.2,2.7,2.0,1.8,6.2,6.5,5.4,1.1,-0.1,0.3,-0.1,0.5
47E3A5A6,HUANCA,-16.03458,-71.88108,10.7,16.2,16.6,13.4,9.9,8.2,6.5,5.7,11.3,15.4,16.0,13.1,9.3,8.6,8.2,7.2,10.8,15.5,15.3,11.6,9.2,8.0,7.6,8.6,9.5,12.9,13.5,10.9,6.2,5.5,5.3,4.7,7.9,12.4,13.5,12.2,8.6,8.7,7.6,6.8,10.4
112265,SAN MARTIN DE PORRES,-12.00889,-77.08447,17.7,20.0,21.5,21.4,18.9,18.2,17.2,17.2,17.1,20.6,22.2,21.5,19.7,18.2,17.3,17.1,17.3,20.5,22.3,21.7,19.9,18.5,18.2,17.6,17.5,21.0,23.1,22.7,20.7,19.5,18.1,18.2,18.1,21.8,23.2,22.2,20.1,19.5,18.4,18.5,18.2
112208,SANTA ANITA,-12.04302,-76.97144,17.7,20.0,21.5,21.4,18.9,18.2,17.2,17.2,17.1,20.6,22.2,21.5,19.7,18.2,17.3,17.1,17.3,20.5,22.3,21.7,19.9,18.5,18.2,17.6,17.5,21.0,23.1,22.7,20.7,19.5,18.1,18.2,18.1,21.8,23.2,22.2,20.1,19.5,18.4,18.5,18.2
112281,LAS PALMAS,-12.15675,-77.01303,18.3,19.0,19.0,18.9,18.4,18.2,18.0,18.1,18.1,18.9,18.9,18.9,18.3,18.3,18.0,18.0,18.1,19.2,18.6,18.5,18.4,18.1,17.6,17.9,17.9,18.8,18.9,18.9,18.2,18.2,18.4,18.2,18.1,19.1,19.2,19.0,18.7,18.5,18.3,17.9,18.3
4725F170,HUAROS,-11.40744,-76.57584,4.0,8.9,10.1,7.8,4.5,5.1,4.5,4.0,4.5,8.4,7.6,4.8,3.6,3.8,3.6,3.9,4.3,7.5,8.7,6.5,6.1,4.5,3.5,4.0,4.5,8.2,7.9,6.2,5.5,4.6,4.1,3.6,4.1,8.2,10.0,6.8,4.4,4.4,4.6,3.8,5.1
212900,LA CAPILLA SENAMHI,-12.52183,-76.49658,16.8,21.7,24.0,22.3,18.0,17.2,16.1,15.0,16.6,22.5,24.3,21.5,19.1,18.2,17.2,15.9,17.4,21.6,24.1,22.2,18.6,17.2,17.0,16.1,17.9,22.3,25.0,23.2,20.6,18.7,16.8,17.1,19.6,24.3,25.7,23.1,18.8,19.0,17.7,18.7,19.9
113249,CAÑETE,-13.07475,-76.33042,16.3,21.2,23.8,21.5,17.2,16.0,15.7,14.8,16.1,21.8,23.3,21.2,18.1,16.9,15.9,15.9,15.9,21.5,23.7,21.6,16.9,16.9,16.3,15.7,17.1,22.2,24.4,22.1,19.0,18.2,16.7,16.6,18.5,24.2,24.5,22.2,18.0,18.7,17.7,18.4,18.2
472191AC,SOCSI,-13.02825,-76.1945,16.3,21.2,23.8,21.5,17.2,16.0,15.7,14.8,16.1,21.8,23.3,21.2,18.1,16.9,15.9,15.9,15.9,21.5,23.7,21.6,16.9,16.9,16.3,15.7,17.1,22.2,24.4,22.1,19.0,18.2,16.7,16.6,18.5,24.2,24.5,22.2,18.0,18.7,17.7,18.4,18.2
47E214D2,SANTO DOMINGO,-11.37,-77.02833,18.4,22.5,23.4,21.8,18.7,18.2,17.2,16.8,18.5,22.6,23.2,21.2,17.7,18.0,16.7,17.3,18.0,21.4,22.7,20.3,17.5,18.2,17.8,17.6,17.8,21.4,22.2,20.6,17.5,17.7,16.2,16.0,19.2,22.9,23.7,21.3,19.2,18.9,17.1,17.1,19.6
4729E39A,PAMPA DE MAJES,-16.33565,-72.15266,18.3,25.2,27.8,23.9,19.1,18.8,17.7,16.7,19.8,26.2,27.8,24.0,19.4,19.5,18.4,17.2,20.3,25.7,27.7,23.6,20.4,18.7,18.0,16.2,19.9,25.5,28.2,25.2,19.5,18.4,17.5,16.4,20.5,26.0,29.6,27.4,23.3,25.2,19.6,21.8,21.6
472722EC,HUANCAVELICA,-12.77163,-75.01237,4.6,7.0,11.6,10.1,4.1,3.9,3.5,3.4,3.5,7.4,10.5,9.2,5.0,3.7,4.5,4.1,4.1,5.8,7.8,5.9,4.9,3.9,3.3,3.2,3.2,3.5,3.5,3.6,3.0,2.7,2.1,1.5,1.8,5.4,7.1,7.3,5.4,3.7,3.6,3.2,3.5
103065,AMAZONAS,-3.76397,-73.25492,22.7,23.3,24.5,29.5,23.6,23.0,22.6,22.3,22.2,28.4,31.6,29.4,23.2,22.6,22.3,21.7,23.4,32.7,37.2,30.5,26.3,24.2,23.3,23.0,25.0,33.7,28.6,33.7,24.5,23.7,22.7,22.1,23.3,30.6,34.9,29.6,24.0,23.4,22.9,22.4,23.6
101004,GUEPPI,0.1172,-75.2503,22.2,23.9,32.2,25.9,22.9,22.0,22.2,21.5,21.6,27.5,27.7,25.8,23.2,21.4,20.7,20.3,21.7,23.3,32.5,32.2,24.8,23.2,22.0,21.9,23.4,32.3,34.6,32.5,23.7,22.4,22.2,21.4,22.2,22.8,29.5,25.2,23.4,22.5,22.0,21.5,22.3
47E257D8,VICHAYCOCHA,-11.13916,-76.62455,2.1,7.9,10.3,5.9,4.1,3.6,3.4,2.7,3.2,6.5,7.0,3.5,2.2,3.2,2.7,2.6,2.8,5.8,7.0,5.2,3.9,3.0,2.0,2.2,2.1,6.0,8.4,5.4,3.4,2.6,1.6,2.0,1.5,5.4,9.2,6.6,3.1,3.1,3.9,2.6,3.5
47E330C4,SANTA CRUZ,-11.19827,-76.63487,9.9,14.3,14.3,12.5,10.1,9.6,9.2,8.5,9.8,13.4,14.0,11.9,10.4,10.0,9.6,9.1,10.0,14.1,12.9,11.0,9.4,8.4,7.6,7.7,9.1,13.5,11.6,11.2,9.7,9.4,8.3,8.4,9.5,14.6,13.6,13.0,9.9,10.1,9.5,8.1,10.1
47E2323E,CUCHUANCA,-11.20158,-76.7881,9.9,14.3,14.3,12.5,10.1,9.6,9.2,8.5,9.8,13.4,14.0,11.9,10.4,10.0,9.6,9.1,10.0,14.1,12.9,11.0,9.4,8.4,7.6,7.7,9.1,13.5,11.6,11.2,9.7,9.4,8.3,8.4,9.5,14.6,13.6,13.0,9.9,10.1,9.5,8.1,10.1
472CE45A,MATUCANA,-11.83911,-76.378,8.8,13.0,13.7,11.8,8.9,8.8,8.2,7.9,8.8,12.2,13.1,11.5,9.4,8.6,9.2,7.9,8.6,12.9,13.5,11.0,9.5,8.2,7.7,7.4,8.0,12.1,11.7,10.2,8.4,8.4,8.0,7.6,9.1,12.8,13.5,11.3,9.0,8.9,8.6,7.7,9.2
212700,PUENTE ANTAPUCRO,-12.0333,-76.6333,16.6,22.5,24.5,22.9,19.1,18.4,16.9,15.9,17.2,23.0,24.9,22.1,19.7,19.7,17.9,17.0,18.5,21.7,24.6,23.4,19.9,18.2,17.7,16.9,18.3,22.9,25.3,23.5,21.5,19.9,17.3,17.1,20.4,25.0,26.2,24.0,19.6,19.5,18.0,18.6,20.0
472D73C2,CASAPALCA,-11.638,-76.23325,3.6,8.4,11.1,7.0,4.4,4.6,4.5,3.4,3.9,7.4,6.5,6.0,1.9,3.6,3.7,4.0,4.0,7.1,6.7,6.6,5.3,4.5,4.0,3.4,2.2,5.0,7.5,6.7,4.7,3.9,3.6,2.1,2.6,6.9,9.2,6.1,3.6,3.2,3.1,3.0,3.9
212605,SAN MATEO ,-11.76012,-76.30111,3.6,8.4,11.1,7.0,4.4,4.6,4.5,3.4,3.9,7.4,6.5,6.0,1.9,3.6,3.7,4.0,4.0,7.1,6.7,6.6,5.3,4.5,4.0,3.4,2.2,5.0,7.5,6.7,4.7,3.9,3.6,2.1,2.6,6.9,9.2,6.1,3.6,3.2,3.1,3.0,3.9
472EC742,SAN MATEO DE OTAO,-11.847,-76.56359,8.8,13.0,13.7,11.8,8.9,8.8,8.2,7.9,8.8,12.2,13.1,11.5,9.4,8.6,9.2,7.9,8.6,12.9,13.5,11.0,9.5,8.2,7.7,7.4,8.0,12.1,11.7,10.2,8.4,8.4,8.0,7.6,9.1,12.8,13.5,11.3,9.0,8.9,8.6,7.7,9.2
472E24B0,SANTA EULALIA,-11.92,-76.66664,16.6,22.5,24.5,22.9,19.1,18.4,16.9,15.9,17.2,23.0,24.9,22.1,19.7,19.7,17.9,17.0,18.5,21.7,24.6,23.4,19.9,18.2,17.7,16.9,18.3,22.9,25.3,23.5,21.5,19.9,17.3,17.1,20.4,25.0,26.2,24.0,19.6,19.5,18.0,18.6,20.0
472CA750,SANTIAGO DE TUNA,-11.9832,-76.5242,15.9,19.1,20.0,18.4,15.9,15.7,15.0,14.1,16.0,19.1,19.5,17.4,15.3,15.5,15.0,14.4,15.1,17.9,19.0,16.3,14.4,14.1,13.5,12.9,13.9,17.7,18.1,16.2,13.7,13.7,12.8,12.6,14.9,19.1,19.9,17.9,16.1,15.6,14.9,13.8,16.1
110139,PICOY,-10.92159,-76.73703,5.7,10.1,11.9,8.4,6.0,5.4,5.4,4.7,5.1,8.9,7.3,5.9,6.1,5.5,5.3,4.5,5.1,10.5,8.8,8.3,6.8,5.7,4.6,4.9,4.4,9.2,10.4,8.4,6.2,6.6,5.7,6.0,5.1,9.9,10.7,8.8,5.6,5.4,5.6,4.6,5.6
4724966C,SAYAN,-11.13472,-77.19833,17.0,21.8,25.6,23.4,18.7,17.6,16.7,16.6,16.7,22.6,25.7,23.0,19.3,18.7,17.4,17.1,17.0,21.0,25.7,24.2,19.9,18.4,18.5,17.9,17.5,22.7,26.9,25.1,20.7,19.4,17.3,17.2,19.6,23.8,27.5,24.1,20.3,18.6,17.4,18.2,18.6
472364DC,CARANIA,-12.3444,-75.87215,3.4,8.2,12.4,6.9,6.2,5.0,4.5,4.0,4.2,8.3,9.6,6.8,4.8,5.5,4.6,4.1,3.9,7.2,8.4,8.3,6.2,4.3,3.2,2.2,2.0,3.1,4.5,6.9,4.0,2.5,2.4,1.7,1.6,4.5,9.2,7.6,4.0,3.2,3.1,3.7,4.7
47252718,ENAPU PERU,-3.72722,-73.23694,22.7,23.3,24.5,29.5,23.6,23.0,22.6,22.3,22.2,28.4,31.6,29.4,23.2,22.6,22.3,21.7,23.4,32.7,37.2,30.5,26.3,24.2,23.3,23.0,25.0,33.7,28.6,33.7,24.5,23.7,22.7,22.1,23.3,30.6,34.9,29.6,24.0,23.4,22.9,22.4,23.6
104112,SAN REGIS,-4.51301,-73.90751,22.8,23.3,24.0,26.4,22.9,22.1,21.7,21.6,22.1,26.6,27.4,29.0,23.7,22.6,21.8,21.2,23.7,31.9,36.7,32.3,28.6,24.8,24.6,22.9,23.9,31.8,27.8,31.9,23.5,22.4,22.4,22.5,23.7,31.8,34.5,28.7,25.5,24.0,22.4,22.3,23.7
4727547C,CABALLOCOCHA,-3.91125,-70.51206,23.6,31.2,27.5,25.6,23.7,23.2,22.7,22.5,23.6,31.1,32.8,29.3,23.2,22.8,22.6,22.4,24.2,33.0,36.9,29.9,23.7,23.5,23.4,22.7,24.0,31.4,34.9,31.7,27.2,23.7,23.1,22.7,24.2,32.1,36.5,28.6,24.4,24.1,22.9,22.4,24.3
47288486,PEBAS,-3.31791,-71.85962,23.1,27.2,29.4,26.7,23.6,23.2,22.7,22.1,23.1,30.7,33.4,25.0,22.9,22.6,22.2,21.7,23.6,32.2,36.7,29.5,25.2,22.8,22.7,22.5,24.1,33.2,33.6,31.4,24.6,23.6,22.6,22.0,23.5,31.4,35.9,31.0,25.2,23.7,22.7,22.3,23.8
47287402,CONTAMANA,-7.35254,-75.00632,22.2,21.8,21.7,21.6,20.7,20.7,20.7,20.4,21.5,30.5,33.4,28.7,24.5,22.8,21.6,20.9,23.4,33.8,38.2,32.0,26.0,24.8,21.6,21.4,22.3,26.3,28.0,29.2,23.9,23.4,22.7,22.7,22.9,28.1,32.2,30.8,24.9,22.7,21.7,21.1,23.3
260403,CACHUELA,-12.60442,-69.18304,19.2,27.7,33.4,32.5,24.4,22.2,21.7,21.9,24.7,34.2,37.7,33.0,25.2,22.1,22.0,20.6,23.1,30.7,36.1,32.6,25.2,22.1,21.4,20.9,25.5,29.2,38.2,33.5,25.7,23.2,22.1,21.4,22.3,29.9,29.1,27.7,25.3,22.4,23.2,23.1,25.8
260402,PUENTE HERRERA,-12.61361,-69.19413,19.2,27.7,33.4,32.5,24.4,22.2,21.7,21.9,24.7,34.2,37.7,33.0,25.2,22.1,22.0,20.6,23.1,30.7,36.1,32.6,25.2,22.1,21.4,20.9,25.5,29.2,38.2,33.5,25.7,23.2,22.1,21.4,22.3,29.9,29.1,27.7,25.3,22.4,23.2,23.1,25.8
260002,TAMBOPATA,-12.5925,-69.17529,19.2,27.7,33.4,32.5,24.4,22.2,21.7,21.9,24.7,34.2,37.7,33.0,25.2,22.1,22.0,20.6,23.1,30.7,36.1,32.6,25.2,22.1,21.4,20.9,25.5,29.2,38.2,33.5,25.7,23.2,22.1,21.4,22.3,29.9,29.1,27.7,25.3,22.4,23.2,23.1,25.8
112279,PUERTO MALDONADO,-12.5873,-69.2088,19.2,27.7,33.4,32.5,24.4,22.2,21.7,21.9,24.7,34.2,37.7,33.0,25.2,22.1,22.0,20.6,23.1,30.7,36.1,32.6,25.2,22.1,21.4,20.9,25.5,29.2,38.2,33.5,25.7,23.2,22.1,21.4,22.3,29.9,29.1,27.7,25.3,22.4,23.2,23.1,25.8
47E8336C,MALINOWSKY,-12.93411,-69.5175,19.1,27.3,32.3,31.1,23.5,22.4,22.1,22.3,24.3,33.1,36.2,32.1,27.1,21.8,21.1,21.2,22.6,28.6,32.3,28.7,22.8,21.8,21.3,20.7,24.4,35.3,29.0,33.9,26.7,24.0,24.4,22.7,23.8,24.0,26.0,28.4,24.0,23.1,22.1,22.3,23.4
47E8201A,SALVACION,-12.8312,-71.36446,18.5,25.3,28.6,26.7,23.0,22.0,21.5,20.5,22.9,30.6,28.3,27.1,22.7,20.1,19.3,19.3,20.3,20.3,20.9,20.2,19.8,19.2,19.5,18.4,21.0,25.8,27.1,23.4,21.2,21.2,21.3,21.1,22.7,28.1,27.5,26.9,20.9,19.8,20.5,20.8,21.8
472587E0,IÑAPARI,-10.95589,-69.578,18.6,27.0,32.4,31.8,24.7,22.0,21.1,20.6,24.4,33.2,34.2,34.5,25.4,24.0,22.4,21.7,24.3,32.5,36.9,30.1,28.2,23.8,22.1,21.6,24.9,31.0,35.7,30.0,24.2,23.0,23.6,21.2,23.3,32.1,27.6,24.1,21.8,21.0,20.6,20.2,22.8
4723F1BE,MOQUEGUA,-17.17874,-70.93267,19.2,23.6,27.2,25.2,20.2,18.7,17.6,17.8,20.4,25.5,27.8,25.6,19.2,20.1,19.2,17.1,21.5,25.2,27.5,24.6,22.5,21.0,18.8,18.5,20.6,25.6,27.8,25.0,20.9,19.0,18.3,19.2,21.3,24.9,28.0,28.8,25.7,24.5,21.4,22.3,21.6
110137,12 DE OCTUBRE,-10.60641,-76.52927,4.6,11.0,11.1,10.8,6.2,5.1,4.7,3.8,4.4,9.7,12.1,9.0,6.5,4.9,4.6,4.3,4.5,6.9,10.2,8.3,6.0,4.3,4.3,4.4,3.5,7.1,10.0,5.6,4.9,4.9,3.9,3.7,3.3,6.8,11.5,7.8,5.1,5.2,4.4,2.7,4.7
4725D79C,OXAPAMPA,-10.59417,-75.38417,12.5,14.6,13.7,15.2,12.6,12.7,11.9,11.8,13.1,16.0,15.0,14.7,12.5,11.3,12.1,12.0,12.6,16.8,16.7,15.5,12.8,12.2,11.4,12.1,12.8,16.4,14.5,14.7,12.2,12.0,12.2,12.2,12.2,13.0,13.6,15.4,11.7,12.0,10.7,10.2,13.1
109093,PUERTO BERMUDEZ,-10.28619,-74.94356,21.3,21.6,21.3,21.3,20.4,19.9,19.6,19.4,20.8,30.5,33.0,30.7,23.5,20.8,20.4,19.9,21.5,32.1,35.3,25.8,21.9,20.7,20.4,19.7,20.9,29.2,27.3,24.7,23.2,23.0,22.7,22.0,21.1,28.2,25.7,25.1,23.3,22.9,20.9,20.0,22.2
105112,MIRAFLORES,-5.17528,-80.61654,20.7,26.8,32.6,32.3,25.0,22.2,21.6,21.0,21.4,27.0,32.4,28.9,24.7,22.4,21.8,21.3,21.6,26.3,31.9,29.1,24.8,22.3,21.7,21.2,21.2,27.5,33.2,32.5,24.7,22.4,21.8,20.7,20.9,26.4,32.7,32.1,24.8,22.0,21.3,20.7,20.8
105143,SAN MIGUEL,-5.24619,-80.68425,21.6,26.7,31.6,28.2,25.7,23.5,22.7,22.0,22.1,26.3,31.6,27.9,25.2,23.5,22.7,22.0,22.1,26.1,30.8,27.5,25.3,23.4,22.7,22.2,22.0,27.2,32.4,28.7,25.6,23.6,22.8,21.7,21.7,26.4,32.2,28.1,25.3,23.2,22.3,21.7,21.6
104113,PARTIDOR,-4.73197,-80.27978,21.0,26.5,32.3,33.4,26.6,23.5,22.1,21.4,21.5,27.7,33.5,33.8,26.2,23.6,21.9,21.3,21.8,27.0,32.6,32.6,25.2,23.2,21.8,21.4,21.6,27.1,31.3,33.4,25.7,22.7,21.6,20.7,21.1,26.4,31.7,33.1,25.6,22.7,21.6,21.1,21.6
47E0F2D4,LAGARTERA,-4.7285,-80.06956,18.8,25.2,26.4,25.2,20.9,18.1,17.5,17.4,19.0,25.9,26.8,25.8,19.1,18.2,17.1,17.0,19.2,24.5,25.7,23.8,19.5,17.0,16.7,16.9,18.7,23.5,25.5,23.7,19.7,17.2,16.9,16.4,18.3,24.4,23.6,24.5,20.1,17.1,16.8,17.2,19.2
47E0E1A2,BOCATOMA CHIPILLICO,-4.7142,-80.11825,18.8,25.2,26.4,25.2,20.9,18.1,17.5,17.4,19.0,25.9,26.8,25.8,19.1,18.2,17.1,17.0,19.2,24.5,25.7,23.8,19.5,17.0,16.7,16.9,18.7,23.5,25.5,23.7,19.7,17.2,16.9,16.4,18.3,24.4,23.6,24.5,20.1,17.1,16.8,17.2,19.2
47E0522C,TAMBO GRANDE,-4.93848,-80.34703,21.2,27.1,33.1,35.2,28.2,23.4,22.6,21.8,22.0,28.1,33.7,33.4,26.9,23.6,22.4,22.0,22.4,27.3,33.1,33.1,27.4,23.1,22.5,22.0,22.2,27.9,33.4,36.0,28.2,23.2,22.2,21.7,21.7,27.1,33.2,35.6,26.4,22.7,22.2,21.8,22.1
47E281B0,HUALCUY,-4.74701,-79.60729,14.1,17.2,22.1,19.5,14.0,13.1,12.2,12.4,12.9,20.3,18.6,19.6,13.1,12.8,11.7,11.5,12.7,20.4,19.6,18.4,12.5,11.3,11.6,11.1,13.0,13.4,14.5,13.5,12.6,12.1,11.9,11.6,12.9,16.5,17.0,13.5,13.2,11.2,10.9,11.0,13.4
104114,ALTO DE POCLUS,-4.91691,-79.89052,18.7,23.9,26.2,26.3,21.7,18.7,18.7,18.1,19.3,24.9,26.9,27.5,20.3,18.7,18.1,18.1,19.4,23.5,26.5,25.2,20.1,18.3,17.8,17.7,18.9,23.3,27.1,26.4,21.9,18.4,17.9,17.4,18.6,23.8,27.2,26.8,20.9,18.2,18.0,18.0,19.0
472FC5B8,PAIMAS,-4.63439,-79.94581,18.8,25.2,26.4,25.2,20.9,18.1,17.5,17.4,19.0,25.9,26.8,25.8,19.1,18.2,17.1,17.0,19.2,24.5,25.7,23.8,19.5,17.0,16.7,16.9,18.7,23.5,25.5,23.7,19.7,17.2,16.9,16.4,18.3,24.4,23.6,24.5,20.1,17.1,16.8,17.2,19.2
472FF022,SAPILLICA,-4.79639,-79.99972,18.8,25.2,26.4,25.2,20.9,18.1,17.5,17.4,19.0,25.9,26.8,25.8,19.1,18.2,17.1,17.0,19.2,24.5,25.7,23.8,19.5,17.0,16.7,16.9,18.7,23.5,25.5,23.7,19.7,17.2,16.9,16.4,18.3,24.4,23.6,24.5,20.1,17.1,16.8,17.2,19.2
47E9177A,EL CIRUELO,-4.29899,-80.1673,21.0,28.2,33.9,27.7,26.4,22.7,21.9,21.1,21.5,28.0,34.4,31.8,25.6,23.3,22.1,21.1,21.5,28.3,32.5,30.4,25.9,23.0,22.0,21.2,21.5,27.3,31.7,32.6,27.2,22.6,21.9,20.6,20.8,27.9,33.7,30.9,27.0,21.9,21.5,20.8,22.0
47E0C74E,PUENTE MACARA,-4.39338,-79.96412,20.3,26.9,30.8,29.5,25.5,21.7,20.6,19.8,20.4,27.1,32.3,31.9,24.1,22.6,20.6,19.5,20.8,26.4,31.2,29.9,24.6,21.3,21.1,20.1,20.8,25.6,30.9,29.9,25.5,21.0,20.2,19.1,19.8,26.1,30.7,30.9,25.8,21.0,19.8,19.2,21.4
472FE354,HUANCABAMBA,-5.24681,-79.45399,13.6,18.3,19.9,18.2,14.0,13.1,13.4,12.8,13.0,19.8,21.1,18.3,13.1,12.2,11.5,11.1,12.5,19.3,20.0,18.3,13.0,11.7,12.4,11.7,12.9,14.1,17.4,13.6,12.1,11.7,11.7,12.2,12.7,15.5,15.6,15.2,12.6,11.0,11.1,11.5,12.9
472761E6,HUARMACA,-5.56586,-79.52544,16.2,21.0,22.3,21.1,16.4,15.8,15.9,14.5,15.4,22.5,23.5,21.6,16.1,15.2,14.2,13.6,14.8,21.8,23.2,22.3,15.7,14.5,14.2,13.6,14.9,18.6,21.6,16.9,15.2,14.7,13.8,13.7,14.6,20.9,18.0,20.4,15.7,13.7,13.5,13.2,15.5
472F86B2,CANCHAQUE,-5.40055,-79.6052,16.2,21.0,22.3,21.1,16.4,15.8,15.9,14.5,15.4,22.5,23.5,21.6,16.1,15.2,14.2,13.6,14.8,21.8,23.2,22.3,15.7,14.5,14.2,13.6,14.9,18.6,21.6,16.9,15.2,14.7,13.8,13.7,14.6,20.9,18.0,20.4,15.7,13.7,13.5,13.2,15.5
472F6540,CHULUCANAS,-5.10844,-80.16954,21.2,27.1,33.1,35.2,28.2,23.4,22.6,21.8,22.0,28.1,33.7,33.4,26.9,23.6,22.4,22.0,22.4,27.3,33.1,33.1,27.4,23.1,22.5,22.0,22.2,27.9,33.4,36.0,28.2,23.2,22.2,21.7,21.7,27.1,33.2,35.6,26.4,22.7,22.2,21.8,22.1
47E037CA,CORRAL DEL MEDIO,-5.18871,-79.89148,20.3,26.6,32.7,34.9,26.4,22.4,21.7,20.9,21.1,27.9,33.6,35.0,25.6,22.7,21.5,21.1,21.6,27.1,32.7,33.5,26.4,22.2,21.5,21.1,21.3,27.4,33.3,33.5,26.6,22.2,21.2,20.4,20.7,26.9,33.0,35.2,26.4,21.9,21.2,20.6,20.9
472FB328,CHALACO,-5.03389,-79.83,14.5,21.6,20.0,18.1,15.6,13.9,13.2,13.0,14.2,22.1,19.3,19.2,15.0,13.3,12.6,12.3,13.8,21.5,22.4,19.3,14.3,12.7,12.4,13.0,14.2,16.8,20.2,16.9,14.0,13.6,12.7,14.0,14.4,20.7,21.0,17.7,15.0,12.6,12.3,12.2,14.2
47E08444,SAN PEDRO,-5.07954,-80.0162,18.7,23.9,26.2,26.3,21.7,18.7,18.7,18.1,19.3,24.9,26.9,27.5,20.3,18.7,18.1,18.1,19.4,23.5,26.5,25.2,20.1,18.3,17.8,17.7,18.9,23.3,27.1,26.4,21.9,18.4,17.9,17.4,18.6,23.8,27.2,26.8,20.9,18.2,18.0,18.0,19.0
472F7636,MORROPON,-5.19465,-79.97107,20.3,26.6,32.7,34.9,26.4,22.4,21.7,20.9,21.1,27.9,33.6,35.0,25.6,22.7,21.5,21.1,21.6,27.1,32.7,33.5,26.4,22.2,21.5,21.1,21.3,27.4,33.3,33.5,26.6,22.2,21.2,20.4,20.7,26.9,33.0,35.2,26.4,21.9,21.2,20.6,20.9
47E067B6,SALITRAL,-5.34602,-79.83761,19.2,25.0,28.7,29.1,24.2,19.8,20.2,19.0,19.9,25.8,28.8,29.2,21.7,19.4,19.1,18.8,20.4,24.9,28.3,27.9,22.2,19.6,18.8,18.9,20.1,25.4,29.0,26.7,23.2,19.7,18.9,18.1,19.7,25.5,29.1,28.0,23.5,19.3,18.8,18.8,19.4
472FA05E,MALACASI,-5.33977,-79.85794,19.2,25.0,28.7,29.1,24.2,19.8,20.2,19.0,19.9,25.8,28.8,29.2,21.7,19.4,19.1,18.8,20.4,24.9,28.3,27.9,22.2,19.6,18.8,18.9,20.1,25.4,29.0,26.7,23.2,19.7,18.9,18.1,19.7,25.5,29.1,28.0,23.5,19.3,18.8,18.8,19.4
472F95C4,HACIENDA BIGOTE ,-5.32089,-79.78569,19.2,25.0,28.7,29.1,24.2,19.8,20.2,19.0,19.9,25.8,28.8,29.2,21.7,19.4,19.1,18.8,20.4,24.9,28.3,27.9,22.2,19.6,18.8,18.9,20.1,25.4,29.0,26.7,23.2,19.7,18.9,18.1,19.7,25.5,29.1,28.0,23.5,19.3,18.8,18.8,19.4
47E074C0,HACIENDA BARRIOS,-5.2895,-79.69909,19.2,25.0,28.7,29.1,24.2,19.8,20.2,19.0,19.9,25.8,28.8,29.2,21.7,19.4,19.1,18.8,20.4,24.9,28.3,27.9,22.2,19.6,18.8,18.9,20.1,25.4,29.0,26.7,23.2,19.7,18.9,18.1,19.7,25.5,29.1,28.0,23.5,19.3,18.8,18.8,19.4
105145,SANTO DOMINGO,-5.03827,-79.87049,14.5,21.6,20.0,18.1,15.6,13.9,13.2,13.0,14.2,22.1,19.3,19.2,15.0,13.3,12.6,12.3,13.8,21.5,22.4,19.3,14.3,12.7,12.4,13.0,14.2,16.8,20.2,16.9,14.0,13.6,12.7,14.0,14.4,20.7,21.0,17.7,15.0,12.6,12.3,12.2,14.2
47E0B1DE,PUENTE SIMON RODRIGUEZ,-4.87999,-81.02038,21.2,27.0,31.4,28.2,23.9,23.3,22.7,21.9,21.9,26.9,30.9,26.9,23.8,23.5,22.5,21.9,22.1,26.4,30.0,27.3,23.8,23.2,22.5,21.9,21.9,27.3,31.7,28.5,23.7,23.2,22.7,21.7,21.6,27.0,31.7,28.0,23.2,22.9,22.2,21.3,21.5
472FD6CE,LANCONES,-4.6429,-80.54716,21.6,27.0,32.8,33.9,26.2,24.4,22.7,22.3,22.2,27.8,33.7,30.9,25.7,24.4,22.9,22.4,22.6,27.2,32.5,33.2,25.7,24.1,22.7,22.4,22.4,27.6,33.1,34.4,25.2,23.7,22.7,22.1,22.0,26.8,33.1,34.4,24.4,23.6,22.4,22.0,22.4
47E0D438,ALAMOR,-4.47749,-80.39788,21.4,26.6,32.8,32.9,27.0,23.9,23.1,22.3,22.0,27.2,33.9,32.0,25.2,24.3,23.2,22.2,22.3,27.3,32.5,32.9,25.6,24.0,22.8,22.2,22.2,27.2,32.2,35.1,26.5,23.9,22.8,22.0,21.7,26.7,33.5,34.8,27.2,23.5,22.7,22.1,22.4
47E09732,LA ARDILLA,-4.49094,-80.38819,21.4,26.6,32.8,32.9,27.0,23.9,23.1,22.3,22.0,27.2,33.9,32.0,25.2,24.3,23.2,22.2,22.3,27.3,32.5,32.9,25.6,24.0,22.8,22.2,22.2,27.2,32.2,35.1,26.5,23.9,22.8,22.0,21.7,26.7,33.5,34.8,27.2,23.5,22.7,22.1,22.4
105120,CHUSIS,-5.51694,-80.83361,21.9,27.2,31.6,29.8,24.7,23.2,22.5,21.8,22.1,26.8,30.8,29.0,24.6,23.2,22.4,21.7,21.9,26.7,30.0,28.7,24.6,23.1,22.4,21.7,21.9,27.7,31.8,31.1,24.6,23.5,22.4,21.6,21.6,27.2,32.2,28.1,24.2,22.8,22.0,21.3,21.6
105144,BERNAL,-5.45449,-80.74262,21.9,27.2,31.6,29.8,24.7,23.2,22.5,21.8,22.1,26.8,30.8,29.0,24.6,23.2,22.4,21.7,21.9,26.7,30.0,28.7,24.6,23.1,22.4,21.7,21.9,27.7,31.8,31.1,24.6,23.5,22.4,21.6,21.6,27.2,32.2,28.1,24.2,22.8,22.0,21.3,21.6
472DD33A,PUNO,-15.82625,-70.01208,6.6,10.8,11.0,12.4,10.7,9.4,7.1,6.0,8.2,10.9,12.1,12.0,10.1,7.7,8.2,6.2,6.9,9.7,9.8,11.3,9.3,5.6,5.6,5.9,7.1,8.3,10.0,8.5,9.5,8.5,7.7,6.5,7.3,11.1,12.2,14.2,8.9,8.1,6.9,3.9,4.0
47256412,ENAFER,-15.83647,-70.016,6.6,10.8,11.0,12.4,10.7,9.4,7.1,6.0,8.2,10.9,12.1,12.0,10.1,7.7,8.2,6.2,6.9,9.7,9.8,11.3,9.3,5.6,5.6,5.9,7.1,8.3,10.0,8.5,9.5,8.5,7.7,6.5,7.3,11.1,12.2,14.2,8.9,8.1,6.9,3.9,4.0
472E4156,ILLPA,-15.68726,-70.07988,6.6,10.8,11.0,12.4,10.7,9.4,7.1,6.0,8.2,10.9,12.1,12.0,10.1,7.7,8.2,6.2,6.9,9.7,9.8,11.3,9.3,5.6,5.6,5.9,7.1,8.3,10.0,8.5,9.5,8.5,7.7,6.5,7.3,11.1,12.2,14.2,8.9,8.1,6.9,3.9,4.0
472CB426,LARAQUERI,-16.13592,-70.04589,3.7,10.9,15.3,15.5,8.6,5.8,3.9,2.5,6.2,12.5,16.3,15.1,7.7,7.7,6.4,5.7,5.9,9.9,12.6,9.1,2.4,1.7,1.5,2.0,2.7,5.1,5.8,6.9,5.0,5.1,5.6,4.0,5.0,10.2,10.0,6.9,5.3,4.7,3.2,2.0,2.2
270202,PUENTE AZANGARO,-14.92139,-70.18861,6.8,13.0,17.0,18.0,12.5,9.0,6.7,4.5,7.5,14.2,17.5,14.9,8.8,4.0,3.4,4.8,6.2,10.7,13.2,12.1,8.4,8.2,6.8,7.1,7.6,11.1,13.9,12.2,7.4,6.0,4.3,5.7,6.2,12.3,14.6,12.6,9.6,6.8,4.2,3.5,2.2
4721B992,UPINA,-13.88492,-70.08281,3.7,8.1,6.7,5.1,3.4,2.9,2.1,2.3,4.7,6.2,4.2,3.4,2.8,1.8,1.3,1.3,3.5,3.2,3.1,1.8,2.1,2.3,2.1,1.7,1.3,2.3,2.3,2.7,2.0,1.7,1.7,1.7,1.1,2.8,2.7,2.8,1.1,1.8,1.9,1.7,1.7
4721AAE4,AYMAÑA,-13.87279,-70.66759,2.0,7.0,5.9,4.7,2.1,1.0,0.7,0.9,3.7,6.4,4.4,3.0,0.9,0.4,0.9,0.7,0.9,2.3,2.3,1.1,0.6,0.7,0.4,0.2,-0.1,0.6,1.0,0.7,0.2,-0.3,-0.4,-0.3,0.1,0.8,1.0,0.8,-0.2,-1.3,-0.2,0.0,-0.0
114137,CRUCERO,-14.36416,-70.02583,3.1,9.5,10.5,7.4,3.9,3.1,2.7,2.0,4.5,9.6,8.9,5.3,2.4,2.6,2.1,1.1,3.1,5.6,4.1,3.4,2.4,2.5,2.2,1.7,1.0,3.4,2.4,2.7,1.4,2.0,1.0,1.2,0.9,2.4,3.2,3.8,1.5,1.5,1.7,1.1,2.0
270001,DESAGUADERO,-16.56364,-69.03667,6.9,10.2,12.8,13.1,11.2,9.6,7.7,6.3,7.8,10.1,10.9,12.6,10.1,8.7,7.6,8.2,8.8,10.3,12.3,12.2,8.8,3.6,2.8,2.7,3.3,4.9,7.0,9.2,8.2,8.2,7.1,6.6,7.4,10.3,12.2,10.2,5.1,5.5,4.8,3.5,4.1
47251282,PUENTE CARRETERA RAMIS,-15.25544,-69.87381,8.0,10.7,12.1,14.4,12.7,9.9,8.1,6.8,8.7,11.8,13.1,13.9,10.6,8.2,6.9,6.8,7.6,11.1,11.3,11.4,8.6,9.4,8.6,7.7,8.9,12.8,14.6,13.6,9.2,7.9,6.1,6.5,7.7,13.3,15.1,12.5,8.0,7.1,4.9,4.5,3.1
210003,HUANCASAYA,-15.14308,-69.21467,4.6,9.8,13.3,11.7,5.6,3.5,2.6,1.8,5.2,11.0,11.5,4.6,4.2,3.4,3.2,4.2,4.6,8.6,6.7,4.4,3.9,4.4,3.8,3.6,4.3,7.9,9.7,8.2,3.7,2.6,2.6,2.1,3.8,8.4,11.7,9.9,5.1,3.9,2.3,2.1,2.4
115156,CABANILLAS,-15.63909,-70.34661,5.6,12.5,17.0,17.4,9.4,7.9,5.5,3.9,7.4,13.5,16.9,15.7,9.8,7.2,7.0,4.8,6.0,11.1,14.1,12.9,8.0,7.3,5.1,4.7,6.4,10.1,12.2,10.2,8.9,6.7,6.2,4.5,5.8,11.6,14.6,11.7,7.0,6.2,5.9,3.2,3.5
472DE6A0,PAMPAHUTA,-15.48369,-70.67599,2.2,8.5,12.1,11.5,5.5,3.3,2.1,0.5,3.6,9.0,12.4,9.2,2.6,3.2,1.0,0.6,1.9,5.7,9.1,9.1,2.3,2.0,2.8,1.7,1.9,6.5,8.0,7.5,5.1,3.2,1.3,1.4,2.2,7.8,9.7,3.3,0.6,0.3,-0.7,-0.4,-0.5
472E37C6,PALCA,-15.2359,-70.59313,5.2,10.8,15.1,15.5,10.2,7.4,5.5,3.3,6.5,11.5,15.0,14.6,3.6,3.5,3.4,3.3,4.3,8.4,11.3,9.4,6.9,5.8,5.8,5.2,5.6,6.9,8.0,9.1,6.4,5.0,3.4,2.4,4.3,9.6,11.7,12.9,6.0,4.5,3.1,0.9,1.0
114134,ANANSAYA -PUNA,-14.33386,-70.52334,3.2,8.5,12.5,10.6,5.4,3.5,2.9,2.0,4.3,9.1,10.9,1.8,2.8,1.2,1.3,0.9,2.0,5.9,7.3,5.2,2.3,2.3,2.0,1.2,1.3,2.7,3.0,2.2,1.6,1.2,0.7,0.2,0.7,2.2,5.2,3.8,1.2,0.8,0.6,-1.1,0.3
472CF72C,JULIACA,-15.47106,-70.17122,5.9,13.0,17.5,18.3,10.5,8.4,5.9,4.6,7.8,14.0,17.4,16.1,8.8,7.1,6.5,5.1,6.8,11.9,14.5,13.8,8.9,8.1,6.6,6.5,7.6,11.8,12.8,11.7,8.9,7.2,5.8,4.2,6.6,12.9,15.2,15.6,7.4,6.6,6.4,2.6,3.1
106144,JEPELACIO,-6.11275,-76.90761,18.0,19.0,19.0,19.1,18.2,17.9,17.4,17.3,17.8,21.4,25.5,24.9,18.9,18.2,18.1,18.0,18.1,20.4,29.6,27.7,19.6,17.7,16.8,15.9,17.9,20.3,22.1,20.2,18.7,18.6,17.6,17.2,17.4,19.3,25.7,27.2,19.9,18.0,18.0,17.9,18.7
107142,BELLAVISTA,-7.05517,-76.55836,21.4,21.5,22.0,22.0,21.2,21.0,20.7,20.7,21.3,23.5,24.5,30.1,23.2,21.2,20.6,20.2,21.1,28.1,34.1,30.2,22.5,21.3,20.2,19.7,21.3,26.7,24.3,25.9,22.2,20.9,20.3,20.2,20.4,22.3,32.2,31.6,23.8,22.2,20.6,20.0,21.7
210006,SHANAO,-6.41291,-76.60001,20.5,20.6,21.0,20.6,20.0,19.7,19.5,19.2,19.5,20.6,29.7,24.8,21.0,19.9,19.8,19.5,20.5,25.9,31.0,25.0,22.0,20.2,19.0,18.2,20.2,23.9,22.3,23.7,20.5,20.1,19.9,19.2,19.2,24.4,25.7,29.6,22.2,20.2,19.4,18.7,20.7
106145,TINGO DE PONAZA,-6.93722,-76.25267,21.2,21.2,21.6,21.0,20.2,20.0,20.1,20.0,20.5,21.7,28.3,28.6,21.9,20.9,20.2,20.5,21.1,28.8,33.0,25.5,22.2,20.6,19.8,19.4,20.6,26.4,22.7,25.2,21.7,21.2,20.7,20.4,20.4,23.4,31.0,26.2,22.0,21.7,20.1,19.3,21.1
4724851A,NARANJILLO,-5.80962,-77.39321,16.7,21.6,17.5,16.7,16.5,16.3,16.1,14.9,16.8,19.7,25.6,20.0,17.2,16.9,15.7,15.6,16.6,21.5,24.8,18.0,16.1,15.0,14.9,14.6,16.6,20.2,16.9,19.1,17.2,16.1,16.2,15.9,16.0,17.2,18.2,23.4,17.5,16.3,15.3,15.4,17.5
4723013A,EL PORVENIR,-6.58906,-76.31824,20.6,21.3,21.4,20.8,20.2,19.9,19.6,19.1,19.7,22.6,27.9,25.6,21.5,20.4,20.6,20.3,21.3,25.8,27.8,27.7,22.5,20.7,19.4,18.9,20.8,22.9,21.5,27.0,21.2,21.2,20.0,19.6,19.7,27.1,27.7,29.8,21.2,20.6,19.7,18.9,20.9
47E2E456,TOCACHE,-8.18475,-76.50789,20.1,20.1,20.6,20.6,19.9,19.8,19.5,19.4,20.0,24.1,27.5,28.3,20.3,19.8,19.4,18.8,19.6,27.2,33.0,29.5,20.4,20.4,19.8,19.5,19.4,20.0,26.9,22.4,19.9,20.2,19.7,19.6,19.2,19.4,20.2,26.1,20.2,20.4,19.8,19.1,19.9
47E13530,CERRO BLANCO,-17.96873,-70.15231,13.9,19.1,23.5,19.5,15.5,14.4,14.0,13.8,15.2,20.1,23.7,19.6,15.2,15.7,15.3,13.6,18.0,23.1,24.3,20.2,17.7,18.2,16.1,16.6,18.1,25.3,25.9,23.2,20.6,17.5,21.2,21.1,23.2,26.8,33.4,31.1,24.2,19.3,19.0,19.7,19.9
4722F344,LA TRANCA,-17.74313,-70.47178,13.1,19.2,23.3,19.6,15.4,14.4,14.1,14.1,15.8,20.8,23.8,19.9,14.9,15.7,15.6,14.0,18.9,23.5,25.1,21.2,17.7,18.8,17.0,16.2,18.8,25.6,27.4,23.1,20.9,18.9,21.1,21.2,21.0,26.7,33.2,28.8,26.4,19.5,19.4,20.0,20.9
47E143A0,CAPLINA,-17.6921,-69.92511,14.0,17.6,18.3,15.8,13.9,12.3,10.2,10.2,14.1,17.7,18.0,16.2,13.6,12.5,11.5,11.4,14.5,17.2,16.7,14.9,13.3,12.5,11.4,11.7,12.7,15.2,15.1,13.2,10.5,9.5,8.9,9.1,9.3,11.2,13.9,10.8,11.0,11.8,11.9,12.2,14.0
47E195C8,CHALLATA,-17.81542,-70.09896,14.0,17.6,18.3,15.8,13.9,12.3,10.2,10.2,14.1,17.7,18.0,16.2,13.6,12.5,11.5,11.4,14.5,17.2,16.7,14.9,13.3,12.5,11.4,11.7,12.7,15.2,15.1,13.2,10.5,9.5,8.9,9.1,9.3,11.2,13.9,10.8,11.0,11.8,11.9,12.2,14.0
47E113DC,REPRESA PAUCARANI,-17.53436,-69.76499,0.8,6.3,8.2,6.2,2.2,0.7,-0.8,-2.1,2.5,7.0,9.3,5.6,1.9,0.8,-0.0,-0.9,1.7,5.6,6.8,6.4,1.8,1.3,-0.1,0.4,-1.0,1.6,2.1,1.1,-1.8,-1.0,-0.8,-0.3,-0.1,2.6,3.1,0.7,-0.6,-1.5,-3.0,-4.5,-2.3
47E2B42A,BOCATOMA EL AYRO,-17.58019,-69.62673,0.8,6.3,8.2,6.2,2.2,0.7,-0.8,-2.1,2.5,7.0,9.3,5.6,1.9,0.8,-0.0,-0.9,1.7,5.6,6.8,6.4,1.8,1.3,-0.1,0.4,-1.0,1.6,2.1,1.1,-1.8,-1.0,-0.8,-0.3,-0.1,2.6,3.1,0.7,-0.6,-1.5,-3.0,-4.5,-2.3
47E2C2BA,CANDARAVE,-17.268,-70.25409,8.2,13.0,14.4,11.7,8.5,7.0,5.7,4.8,8.7,12.9,14.1,11.7,8.4,7.3,5.8,6.0,9.0,13.0,12.1,10.3,7.9,7.4,6.4,5.2,7.8,9.7,8.3,7.0,5.0,4.2,4.0,3.9,4.6,7.3,9.5,8.0,4.5,4.7,5.2,4.9,7.1
47E1654C,CORACHAY II,-17.11435,-70.28838,0.8,7.7,9.9,7.2,2.9,1.2,-0.1,-1.2,2.4,7.5,10.1,6.4,2.1,1.4,0.3,0.0,2.0,6.0,5.9,5.9,1.9,2.0,1.6,0.5,1.2,2.9,5.5,1.7,-0.8,0.2,0.2,1.7,1.3,5.7,5.1,1.1,-0.6,-0.2,-1.5,-3.0,-0.5
47E12646,LAGUNA ARICOTA,-17.37093,-70.30847,8.2,13.0,14.4,11.7,8.5,7.0,5.7,4.8,8.7,12.9,14.1,11.7,8.4,7.3,5.8,6.0,9.0,13.0,12.1,10.3,7.9,7.4,6.4,5.2,7.8,9.7,8.3,7.0,5.0,4.2,4.0,3.9,4.6,7.3,9.5,8.0,4.5,4.7,5.2,4.9,7.1
47E186BE,PUENTE VIEJO,-17.61756,-70.76097,15.4,21.8,25.7,23.5,18.4,16.4,15.1,15.4,17.8,23.5,26.6,24.0,17.9,17.7,17.4,15.4,19.8,24.9,27.7,24.6,20.3,19.9,17.6,17.2,19.6,26.3,28.8,25.2,21.2,19.1,19.5,18.7,22.6,27.2,31.0,31.2,26.5,20.2,19.6,20.5,21.2
47E2D1CC,TARATA,-17.47937,-70.03665,6.9,11.8,13.5,11.2,7.6,6.0,3.9,3.4,7.8,11.7,13.6,10.9,7.5,6.3,5.3,4.7,7.8,12.1,12.5,10.1,6.7,6.3,5.5,4.9,7.0,9.7,9.8,7.6,4.5,3.7,4.0,3.2,3.3,5.0,7.0,5.1,3.9,3.5,3.0,4.2,4.8
47E292C6,CHUAPALCA,-17.30882,-69.66179,1.4,8.7,11.2,8.6,3.9,1.6,0.6,-0.4,3.9,9.2,12.5,8.4,3.9,2.4,1.3,0.9,3.3,7.8,10.2,9.5,3.8,3.6,2.6,1.2,0.7,3.0,3.8,3.6,-0.6,0.1,0.1,1.2,2.0,5.5,7.2,3.7,1.3,0.4,-1.1,-1.6,-0.4
47E150D6,PUENTE TALAPALCA,-17.47487,-70.17265,16.4,20.8,21.5,19.0,15.9,14.2,12.7,12.6,16.7,21.0,21.3,19.4,15.6,14.7,13.5,13.4,17.0,20.3,20.1,17.9,15.6,15.3,12.8,12.2,14.6,18.4,19.0,16.7,12.9,12.0,10.5,10.7,12.3,14.5,18.2,17.5,14.7,14.5,14.0,14.2,16.8
117059,ANCOAQUE,-17.19972,-69.93917,2.5,8.3,10.3,7.6,3.9,2.0,0.7,-0.5,4.1,8.4,10.5,7.0,3.6,2.6,1.4,1.0,3.7,8.1,9.2,7.0,3.2,2.9,3.1,2.0,1.9,4.7,5.4,1.5,0.7,0.7,1.0,1.1,2.0,5.5,4.2,2.0,0.7,-0.1,-1.0,-0.7,0.4
47E2A75C,VILACOTA,-17.07909,-70.04302,0.1,7.4,9.9,7.2,2.7,0.7,-0.3,-1.5,2.6,7.8,11.2,6.8,2.2,1.3,0.2,-0.2,2.0,5.9,5.7,6.9,2.5,2.2,1.5,-0.0,0.1,1.6,3.6,1.5,-1.4,-0.4,-0.6,0.5,0.0,2.9,5.6,1.4,-0.9,-0.9,-1.9,-2.9,-0.6
47E1763A,SALIDA TUNEL KOVIRE,-17.23804,-70.00854,2.5,8.3,10.3,7.6,3.9,2.0,0.7,-0.5,4.1,8.4,10.5,7.0,3.6,2.6,1.4,1.0,3.7,8.1,9.2,7.0,3.2,2.9,3.1,2.0,1.9,4.7,5.4,1.5,0.7,0.7,1.0,1.1,2.0,5.5,4.2,2.0,0.7,-0.1,-1.0,-0.7,0.4
47E1B324,REPRESA JARUMAS,-17.3692,-69.94863,2.5,8.3,10.3,7.6,3.9,2.0,0.7,-0.5,4.1,8.4,10.5,7.0,3.6,2.6,1.4,1.0,3.7,8.1,9.2,7.0,3.2,2.9,3.1,2.0,1.9,4.7,5.4,1.5,0.7,0.7,1.0,1.1,2.0,5.5,4.2,2.0,0.7,-0.1,-1.0,-0.7,0.4
103068,PUERTO PIZARRO,-3.50396,-80.39538,25.0,25.7,25.4,25.5,25.1,25.2,24.7,24.5,24.9,25.2,25.1,25.1,25.0,25.5,25.0,24.8,24.9,25.2,25.2,25.3,25.1,25.5,25.1,25.2,24.9,26.1,26.0,25.5,25.0,25.2,24.9,24.7,24.5,25.7,25.9,25.8,25.6,25.0,24.9,24.6,24.6
47E024BC,PUENTE TUMBES,-3.5709,-80.4609,25.0,25.7,25.4,25.5,25.1,25.2,24.7,24.5,24.9,25.2,25.1,25.1,25.0,25.5,25.0,24.8,24.9,25.2,25.2,25.3,25.1,25.5,25.1,25.2,24.9,26.1,26.0,25.5,25.0,25.2,24.9,24.7,24.5,25.7,25.9,25.8,25.6,25.0,24.9,24.6,24.6
472EF2D8,CAMPAMENTO SEDE,-3.55115,-80.42962,25.0,25.7,25.4,25.5,25.1,25.2,24.7,24.5,24.9,25.2,25.1,25.1,25.0,25.5,25.0,24.8,24.9,25.2,25.2,25.3,25.1,25.5,25.1,25.2,24.9,26.1,26.0,25.5,25.0,25.2,24.9,24.7,24.5,25.7,25.9,25.8,25.6,25.0,24.9,24.6,24.6
472F264A,RICA PLAYA,-3.81333,-80.4575,23.7,29.1,29.9,27.9,25.6,24.8,24.0,23.3,23.7,25.8,30.3,28.4,25.2,25.4,24.3,23.2,23.9,26.7,28.7,27.1,25.2,24.9,24.0,23.1,23.6,29.3,31.3,29.2,25.2,24.7,24.1,23.2,23.7,28.8,29.2,26.5,24.9,24.3,24.1,22.9,23.5
472F43AC,HUASIMO,-3.99815,-80.50392,21.8,29.7,33.3,27.0,25.4,24.3,21.7,21.8,22.1,27.0,32.8,27.6,25.1,23.5,22.2,21.4,21.6,27.7,28.8,27.0,24.7,23.5,21.5,21.0,21.4,29.2,33.9,29.2,26.5,23.7,21.9,21.2,21.2,29.2,32.7,27.1,25.0,23.0,20.9,20.7,21.9
472F00A6,CABO INGA M,-3.97594,-80.40182,21.8,29.7,33.3,27.0,25.4,24.3,21.7,21.8,22.1,27.0,32.8,27.6,25.1,23.5,22.2,21.4,21.6,27.7,28.8,27.0,24.7,23.5,21.5,21.0,21.4,29.2,33.9,29.2,26.5,23.7,21.9,21.2,21.2,29.2,32.7,27.1,25.0,23.0,20.9,20.7,21.9
47E01126,CABO INGA H,-3.97873,-80.39938,21.8,29.7,33.3,27.0,25.4,24.3,21.7,21.8,22.1,27.0,32.8,27.6,25.1,23.5,22.2,21.4,21.6,27.7,28.8,27.0,24.7,23.5,21.5,21.0,21.4,29.2,33.9,29.2,26.5,23.7,21.9,21.2,21.2,29.2,32.7,27.1,25.0,23.0,20.9,20.7,21.9
4724A3F6,EL TIGRE,-3.7687,-80.45689,23.7,29.1,29.9,27.9,25.6,24.8,24.0,23.3,23.7,25.8,30.3,28.4,25.2,25.4,24.3,23.2,23.9,26.7,28.7,27.1,25.2,24.9,24.0,23.1,23.6,29.3,31.3,29.2,25.2,24.7,24.1,23.2,23.7,28.8,29.2,26.5,24.9,24.3,24.1,22.9,23.5
472F13D0,CAÑAVERAL,-3.93905,-80.65055,23.6,29.3,30.6,28.8,25.7,25.0,24.4,23.6,23.6,27.5,30.9,27.8,25.9,25.3,24.4,23.2,23.4,28.1,27.8,27.3,25.7,24.5,24.0,23.0,23.5,29.0,31.9,28.7,26.7,25.0,24.0,23.6,23.6,28.9,30.1,28.2,25.1,24.3,23.7,22.8,23.4
472F353C,MATAPALO,-3.68276,-80.19851,23.3,29.8,33.5,28.7,24.1,23.7,22.6,22.6,23.0,27.5,33.4,28.1,24.3,24.4,22.6,22.4,23.2,28.1,30.9,27.0,24.4,24.3,22.5,21.6,22.5,30.9,34.8,29.6,24.2,23.5,22.2,21.6,22.7,28.8,32.9,28.1,24.4,23.5,22.3,21.8,22.9
47E86310,CALLERIA,-7.89825,-74.49886,21.3,23.2,23.1,23.9,21.7,20.8,20.2,20.0,22.4,31.2,34.9,28.8,25.6,23.7,22.5,21.6,23.8,33.1,37.8,27.7,22.7,23.6,21.6,21.2,22.3,24.6,25.0,27.1,23.9,23.5,23.4,23.1,23.4,25.8,32.7,32.5,26.0,23.0,21.6,20.8,23.3
47E87066,PUERTO ESPERANZA,-9.77083,-70.70666,19.9,23.4,31.5,31.9,24.1,22.2,21.2,20.4,24.0,34.5,38.8,32.3,26.0,22.7,22.9,22.4,24.1,29.8,32.3,32.3,22.7,21.8,21.0,20.7,23.7,25.2,34.2,31.1,25.2,23.4,21.9,22.0,22.1,28.7,27.7,27.6,22.8,21.7,20.9,20.3,24.3
114140,PAMPA BLANCA,-14.23722,-75.10389,17.7,22.7,22.4,20.3,16.4,15.5,15.2,13.8,18.4,22.5,22.4,19.2,15.6,14.6,14.1,13.3,17.3,20.9,20.8,17.5,15.2,15.6,15.0,14.5,16.8,20.0,19.2,18.1,15.6,16.2,16.2,14.5,18.0,22.8,22.6,21.5,17.4,17.8,17.0,16.6,19.5
213403,LETRAYOC,-13.65773,-75.74496,16.9,22.1,25.5,24.7,19.6,17.9,16.7,15.7,18.5,22.9,25.7,23.8,19.1,19.4,18.4,16.1,19.2,22.7,25.5,23.8,19.4,19.4,19.0,18.2,18.9,24.0,25.6,24.1,19.7,20.2,19.1,18.9,20.8,25.4,27.2,25.6,20.2,20.1,19.1,19.4,20.8
472DF5D6,HUAYTAPALLANA,-11.92717,-75.06186,4.3,8.9,7.0,5.9,5.9,4.9,4.9,4.5,4.6,7.0,9.0,8.1,6.1,5.4,5.3,4.4,4.0,5.9,5.1,6.6,5.4,4.4,4.1,3.7,3.1,5.0,4.7,4.5,3.9,4.2,3.5,3.2,3.3,4.7,5.7,5.8,4.8,5.0,4.8,3.3,4.3
4725C4EA,SATIPO,-11.2247,-74.6087,17.9,20.9,22.5,25.7,18.7,18.4,18.4,17.2,18.4,26.4,26.3,26.0,18.9,18.4,17.5,17.3,18.6,25.6,27.3,26.1,19.0,18.5,18.4,18.2,18.7,24.1,22.3,21.9,19.9,18.7,18.8,18.2,18.1,19.0,20.0,24.8,19.4,19.0,18.0,16.3,18.9
111299,POTSOTENI,-11.41316,-74.14723,17.8,22.0,24.2,25.9,20.1,18.1,18.1,17.1,18.4,28.1,27.8,26.6,18.9,19.0,18.3,18.2,19.0,25.8,26.8,27.0,19.2,18.8,18.3,17.9,18.2,25.2,29.4,23.0,19.9,19.1,18.5,18.2,18.6,20.5,22.5,27.1,19.4,19.2,18.4,16.5,19.0
47257764,TARMA,-11.3967,-75.6899,6.9,10.4,12.6,10.0,5.6,6.2,5.9,5.7,5.8,9.5,11.9,9.6,6.4,6.5,5.8,5.5,5.2,6.0,7.0,8.3,5.8,5.2,5.5,4.7,4.1,3.4,3.7,4.1,4.2,4.2,4.0,3.5,3.4,6.9,9.5,8.6,5.9,5.6,5.6,4.7,5.8
111288,CHACAPALPA,-11.7525,-75.74226,6.1,9.7,13.4,11.4,3.2,4.8,5.4,5.7,5.5,8.5,11.7,10.6,6.5,5.9,5.8,5.5,5.2,5.9,7.7,8.9,5.8,4.9,4.0,3.7,3.5,3.4,3.5,4.6,4.7,4.2,4.0,3.2,3.2,5.7,9.2,9.4,6.2,5.2,4.1,4.2,5.4
472D9030,MARCAPOMACOCHA,-11.40443,-76.32508,1.4,6.5,10.3,3.4,2.7,2.8,2.5,2.9,3.1,5.9,7.1,4.1,2.5,2.5,2.3,2.2,1.9,4.1,4.0,4.7,3.5,2.8,2.1,1.2,1.3,2.8,4.2,3.7,2.2,2.0,1.2,0.9,0.9,4.4,7.5,5.1,2.7,2.2,2.6,2.1,2.9
211001,SALINAR,-7.66069,-78.96109,17.0,22.9,27.6,26.3,21.2,20.2,18.6,18.9,19.1,23.1,26.6,25.0,20.8,20.3,18.6,18.3,19.5,23.1,27.3,25.5,21.2,20.4,20.0,19.0,19.0,24.7,28.4,25.7,21.0,21.0,19.7,18.5,18.7,24.4,28.9,26.8,21.8,20.2,19.8,17.6,18.0
472D30C8,CASAGRANDE,-7.75031,-79.18869,20.2,24.7,27.1,25.1,21.7,21.1,20.4,20.2,20.2,24.3,26.4,24.2,21.4,20.9,20.0,19.6,20.1,24.2,26.5,24.2,21.8,20.9,20.5,20.2,20.3,25.4,26.6,24.5,21.6,21.1,19.7,19.2,19.6,24.9,27.1,25.0,21.2,20.2,19.8,19.3,20.0
472D8346,CALLANCAS,-7.7675,-78.47729,13.8,21.3,21.6,17.2,14.7,14.1,14.1,13.8,14.6,21.4,20.7,16.5,13.3,13.0,12.1,11.4,12.8,20.7,23.0,17.7,13.6,12.3,11.7,11.4,13.1,20.5,22.5,16.6,14.7,12.5,12.3,11.2,13.0,21.2,20.9,18.8,15.5,13.1,12.1,11.2,13.2
107131,LA FORTUNA,-7.67042,-78.40242,13.8,21.3,21.6,17.2,14.7,14.1,14.1,13.8,14.6,21.4,20.7,16.5,13.3,13.0,12.1,11.4,12.8,20.7,23.0,17.7,13.6,12.3,11.7,11.4,13.1,20.5,22.5,16.6,14.7,12.5,12.3,11.2,13.0,21.2,20.9,18.8,15.5,13.1,12.1,11.2,13.2
472D60B4,USQUIL,-7.8186,-78.41497,13.8,21.3,21.6,17.2,14.7,14.1,14.1,13.8,14.6,21.4,20.7,16.5,13.3,13.0,12.1,11.4,12.8,20.7,23.0,17.7,13.6,12.3,11.7,11.4,13.1,20.5,22.5,16.6,14.7,12.5,12.3,11.2,13.0,21.2,20.9,18.8,15.5,13.1,12.1,11.2,13.2
472E74CC,PUENTE COINA,-7.79636,-78.38012,13.8,21.3,21.6,17.2,14.7,14.1,14.1,13.8,14.6,21.4,20.7,16.5,13.3,13.0,12.1,11.4,12.8,20.7,23.0,17.7,13.6,12.3,11.7,11.4,13.1,20.5,22.5,16.6,14.7,12.5,12.3,11.2,13.0,21.2,20.9,18.8,15.5,13.1,12.1,11.2,13.2
472EB1D2,CAPACHIQUE,-7.85642,-78.31184,9.2,16.5,18.2,14.8,12.7,11.4,10.5,10.2,10.3,16.0,17.8,14.8,13.2,10.8,8.4,7.7,9.1,15.5,17.0,15.8,13.3,9.6,8.5,8.5,8.8,15.2,17.1,14.6,12.7,10.2,9.2,7.7,9.1,14.9,17.2,13.8,11.5,9.0,8.0,7.0,8.9
107130,TICAPAMPA,-7.91641,-77.90148,7.2,13.1,15.8,11.4,10.1,9.1,8.6,8.3,8.1,12.4,13.3,11.9,10.9,9.6,8.2,6.5,6.4,12.0,14.9,13.1,10.9,7.5,6.6,7.4,6.5,11.9,13.9,12.7,9.5,8.0,6.7,5.9,6.7,11.9,12.1,9.6,8.5,6.9,6.0,5.3,6.9
4727319A,QUIRUVILCA,-8.00419,-78.3079,7.2,12.8,13.7,11.5,9.2,8.9,8.4,7.9,7.9,11.5,11.8,11.4,10.0,9.3,7.8,5.7,6.0,12.1,14.4,12.3,10.4,8.3,6.0,6.7,6.2,12.0,13.3,12.2,8.7,7.7,6.4,5.4,6.3,12.2,12.7,10.4,8.3,6.7,5.9,5.2,6.7
472E5220,PUENTE PALMIRA,-7.54919,-78.81051,20.4,23.9,25.1,20.0,19.2,20.4,18.7,18.4,20.4,25.4,23.2,20.4,17.3,18.7,17.6,17.1,19.2,23.9,21.8,20.8,16.9,17.6,17.1,17.0,18.8,23.5,23.9,22.1,18.5,19.6,17.7,17.2,19.2,25.2,22.2,23.4,19.5,19.0,19.3,17.9,19.7
472EA2A4,CASCAS,-7.47987,-78.82367,20.4,23.9,25.1,20.0,19.2,20.4,18.7,18.4,20.4,25.4,23.2,20.4,17.3,18.7,17.6,17.1,19.2,23.9,21.8,20.8,16.9,17.6,17.1,17.0,18.8,23.5,23.9,22.1,18.5,19.6,17.7,17.2,19.2,25.2,22.2,23.4,19.5,19.0,19.3,17.9,19.7
472D552E,LUCMA,-7.64333,-78.55135,13.8,21.3,21.6,17.2,14.7,14.1,14.1,13.8,14.6,21.4,20.7,16.5,13.3,13.0,12.1,11.4,12.8,20.7,23.0,17.7,13.6,12.3,11.7,11.4,13.1,20.5,22.5,16.6,14.7,12.5,12.3,11.2,13.0,21.2,20.9,18.8,15.5,13.1,12.1,11.2,13.2
47E0A2A8,EL TAMBO,-7.57398,-78.70655,20.4,23.9,25.1,20.0,19.2,20.4,18.7,18.4,20.4,25.4,23.2,20.4,17.3,18.7,17.6,17.1,19.2,23.9,21.8,20.8,16.9,17.6,17.1,17.0,18.8,23.5,23.9,22.1,18.5,19.6,17.7,17.2,19.2,25.2,22.2,23.4,19.5,19.0,19.3,17.9,19.7
472CC2B6,MARMOT,-7.7635,-78.66725,18.3,21.8,22.4,19.9,17.5,18.3,18.4,17.4,18.4,22.5,21.1,18.5,17.0,17.3,16.6,15.9,17.2,20.9,20.4,18.7,15.3,15.6,15.6,15.7,16.3,20.7,21.4,18.7,17.0,17.2,16.1,15.4,17.0,22.1,21.6,21.0,18.1,18.1,17.6,16.5,18.4
47E2F720,TINAJONES,-6.65489,-79.42792,20.6,24.6,29.4,28.7,23.5,22.4,22.0,21.9,21.5,25.5,29.5,24.8,23.1,21.9,21.4,21.3,20.7,25.8,29.4,26.1,23.0,22.5,22.2,21.2,20.9,25.5,29.8,28.2,23.2,22.7,22.1,20.7,20.6,25.8,30.7,28.5,23.9,22.1,21.8,20.5,20.3
106140,VISTA FLORIDA,-6.72775,-79.78088,21.2,25.4,28.3,26.6,22.7,22.2,21.6,21.6,21.5,25.5,27.4,25.2,22.5,21.8,21.3,20.9,20.9,25.6,27.8,25.6,22.5,22.0,21.5,21.0,21.0,25.8,27.8,26.6,22.6,22.1,21.1,20.5,20.9,25.2,28.6,25.9,22.4,21.5,20.7,20.1,20.7
106138,PUCHACA,-6.37353,-79.46673,18.3,23.3,25.9,24.8,18.5,18.6,17.9,17.9,19.4,24.5,26.4,23.4,17.8,17.8,17.5,17.7,18.7,24.8,25.7,23.7,17.7,17.4,17.8,17.2,18.9,23.4,25.5,24.9,18.6,18.5,17.9,16.9,19.2,24.5,26.5,26.1,18.5,18.5,18.3,17.5,18.5
47201542,TONGORRAPE,-6.06692,-79.68203,19.3,24.7,31.9,32.3,23.9,21.4,20.6,19.4,20.4,26.3,31.9,29.4,23.6,21.1,19.8,19.6,20.2,26.7,31.4,29.8,23.9,21.4,20.4,19.7,20.3,26.0,32.1,32.7,23.7,20.7,20.3,19.1,19.9,27.0,32.9,32.7,22.7,20.7,20.1,19.1,19.3
472F50DA,EL VIRREY,-5.53579,-79.98416,19.6,26.3,32.6,34.1,24.1,21.2,20.5,19.8,20.4,28.0,33.9,33.1,23.4,21.5,20.5,20.0,20.7,26.9,32.4,32.0,24.1,21.3,20.7,20.1,20.4,27.2,33.3,32.6,24.2,20.7,20.1,19.4,19.9,26.9,33.4,35.2,23.2,20.6,19.9,19.4,19.8
4726F67E,PASABAR,-5.83714,-79.81911,18.9,24.8,30.5,31.4,23.5,20.0,19.7,19.0,20.4,27.1,30.4,30.1,22.3,19.9,19.2,19.4,20.3,26.3,29.9,29.4,22.7,19.9,19.3,19.2,20.3,26.1,30.4,30.0,22.7,20.2,19.2,18.1,20.0,27.1,32.2,32.1,22.9,20.1,19.1,18.6,19.0
472A218A,ANTONIO RAYMONDI,-11.77606,-77.15139,18.6,19.4,19.5,19.2,18.5,18.5,18.4,18.4,18.4,19.3,19.5,19.2,18.5,18.3,17.9,18.0,18.4,19.3,19.4,19.1,18.4,18.6,18.5,18.2,18.2,19.1,19.7,19.2,18.7,18.4,18.3,18.5,18.3,19.6,19.9,19.5,19.2,18.8,18.5,18.1,18.3
112278,CERES,-12.02867,-76.92711,17.7,20.0,21.5,21.4,18.9,18.2,17.2,17.2,17.1,20.6,22.2,21.5,19.7,18.2,17.3,17.1,17.3,20.5,22.3,21.7,19.9,18.5,18.2,17.6,17.5,21.0,23.1,22.7,20.7,19.5,18.1,18.2,18.1,21.8,23.2,22.2,20.1,19.5,18.4,18.5,18.2
212500,AGUA AZUL BOCATOMA,-11.80778,-76.99766,16.1,21.6,24.2,22.6,17.9,17.2,15.7,15.5,15.7,22.2,24.4,22.4,18.9,17.7,16.5,16.3,16.8,21.2,24.6,22.9,19.3,18.2,18.0,17.7,17.1,22.5,25.8,23.7,20.2,19.5,17.4,16.9,18.8,24.4,26.4,23.5,19.2,18.6,17.1,17.9,18.6
111286,CARABAYLLO,-11.90219,-77.03364,17.7,20.0,21.5,21.4,18.9,18.2,17.2,17.2,17.1,20.6,22.2,21.5,19.7,18.2,17.3,17.1,17.3,20.5,22.3,21.7,19.9,18.5,18.2,17.6,17.5,21.0,23.1,22.7,20.7,19.5,18.1,18.2,18.1,21.8,23.2,22.2,20.1,19.5,18.4,18.5,18.2
112181,CAMPO DE MARTE,-12.07056,-77.04314,17.7,20.0,21.5,21.4,18.9,18.2,17.2,17.2,17.1,20.6,22.2,21.5,19.7,18.2,17.3,17.1,17.3,20.5,22.3,21.7,19.9,18.5,18.2,17.6,17.5,21.0,23.1,22.7,20.7,19.5,18.1,18.2,18.1,21.8,23.2,22.2,20.1,19.5,18.4,18.5,18.2
472AC278,VON HUMBOLDT,-12.08221,-76.93944,17.7,20.0,21.5,21.4,18.9,18.2,17.2,17.2,17.1,20.6,22.2,21.5,19.7,18.2,17.3,17.1,17.3,20.5,22.3,21.7,19.9,18.5,18.2,17.6,17.5,21.0,23.1,22.7,20.7,19.5,18.1,18.2,18.1,21.8,23.2,22.2,20.1,19.5,18.4,18.5,18.2
111290,ÑAÑA,-11.98744,-76.84194,16.6,22.5,24.5,22.9,19.1,18.4,16.9,15.9,17.2,23.0,24.9,22.1,19.7,19.7,17.9,17.0,18.5,21.7,24.6,23.4,19.9,18.2,17.7,16.9,18.3,22.9,25.3,23.5,21.5,19.9,17.3,17.1,20.4,25.0,26.2,24.0,19.6,19.5,18.0,18.6,20.0
47278214,CHOSICA,-11.92986,-76.68964,16.6,22.5,24.5,22.9,19.1,18.4,16.9,15.9,17.2,23.0,24.9,22.1,19.7,19.7,17.9,17.0,18.5,21.7,24.6,23.4,19.9,18.2,17.7,16.9,18.3,22.9,25.3,23.5,21.5,19.9,17.3,17.1,20.4,25.0,26.2,24.0,19.6,19.5,18.0,18.6,20.0
112193,SAN BORJA,-12.10859,-77.00769,17.7,20.0,21.5,21.4,18.9,18.2,17.2,17.2,17.1,20.6,22.2,21.5,19.7,18.2,17.3,17.1,17.3,20.5,22.3,21.7,19.9,18.5,18.2,17.6,17.5,21.0,23.1,22.7,20.7,19.5,18.1,18.2,18.1,21.8,23.2,22.2,20.1,19.5,18.4,18.5,18.2
112267,SAN JUAN DE LURIGANCHO,-11.98164,-76.99925,17.7,20.0,21.5,21.4,18.9,18.2,17.2,17.2,17.1,20.6,22.2,21.5,19.7,18.2,17.3,17.1,17.3,20.5,22.3,21.7,19.9,18.5,18.2,17.6,17.5,21.0,23.1,22.7,20.7,19.5,18.1,18.2,18.1,21.8,23.2,22.2,20.1,19.5,18.4,18.5,18.2
