codigo,estacion,latitud,longitud,2026091518,2026091600,2026091606,2026091612,2026091618,2026091700,2026091706,2026091712,2026091718,2026091800,2026091806,2026091812,2026091818,2026091900,2026091906,2026091912,2026091918,2026092000,2026092006,2026092012
ACOBAMBA,ACOBAMBA,-12.84361,-74.56161,1.19,0.69,0.62,0.44,1.81,1.62,2.06,1.88,2.44,1.62,0.56,1.0,0.44,0.44,0.62,4.38,0.56,5.81,0.56,0.0
ACOPALCA,ACOPALCA,-11.98732,-75.10352,2.69,5.5,0.75,0.25,1.06,2.62,0.81,3.12,3.69,1.56,0.19,0.06,1.5,2.25,0.12,0.25,4.12,8.25,0.5,0.0
ACOSTAMBO,ACOSTAMBO,-12.36078,-75.05725,2.12,4.75,1.38,0.81,1.31,3.0,1.69,2.75,2.38,1.25,0.31,0.44,1.06,0.94,0.62,0.75,2.94,7.69,0.38,0.0
AGUAYTIA,AGUAYTIA,-9.04225,-75.50624,0.06,0.69,0.69,4.88,2.19,1.12,9.19,6.06,0.94,0.0,0.0,0.0,0.19,0.06,0.0,0.0,0.0,0.0,0.12,0.12
AIJA,AIJA,-9.78164,-77.60674,0.31,1.44,1.44,0.12,0.25,0.38,0.62,0.62,0.5,0.56,0.38,0.0,0.12,0.62,0.38,0.5,0.31,0.75,0.0,0.0
ALAO,ALAO,-6.517,-76.73806,1.19,3.69,1.56,0.06,5.88,2.25,0.0,0.06,1.06,3.06,0.25,2.0,7.31,6.62,0.69,0.0,0.31,1.0,0.88,0.25
ALCANTARILLA,ALCANTARILLA,-11.06068,-77.55028,0.0,0.0,0.0,0.0,0.0,0.0,0.0,0.0,0.0,0.0,0.0,0.0,0.0,0.0,0.0,0.0,0.0,0.0,0.0,0.0
ALTO DE POCLUS,ALTO DE POCLUS,-4.9169,-79.89047,0.06,0.44,0.06,0.0,0.0,0.19,0.06,0.0,0.0,0.12,0.0,0.0,0.0,0.06,0.06,0.0,0.0,0.12,0.0,0.0
AMAZONAS,AMAZONAS,-3.7,-73.3,0.0,0.38,0.44,0.06,0.12,0.31,1.0,0.0,0.0,3.69,1.25,3.94,0.0,0.06,2.75,1.06,0.0,0.12,0.0,0.5
AMBAR,AMBAR,-10.75484,-77.2668,0.06,0.06,0.06,0.0,0.0,0.0,0.06,0.0,0.06,0.06,0.0,0.0,0.0,0.0,0.0,0.06,0.06,0.06,0.0,0.0
ANANEA,ANANEA,-14.67628,-69.53386,0.0,0.12,0.0,0.0,0.12,0.25,0.06,0.19,1.94,0.44,0.06,0.06,0.31,0.25,0.06,0.06,4.0,15.31,1.56,0.0
ANDAHUA,ANDAHUA,-15.5009,-72.3551,0.0,0.0,0.0,0.06,0.38,0.69,0.19,0.12,1.81,1.44,0.25,0.38,0.88,0.62,0.19,0.0,0.44,2.19,0.25,0.0
ANDAJES,ANDAJES,-10.78361,-76.90028,0.5,0.94,0.12,0.0,0.19,0.31,0.25,0.0,0.38,0.5,0.12,0.0,0.06,0.56,0.12,0.31,0.31,0.19,0.0,0.0
ANGAMOS,ANGAMOS,-5.18318,-72.87709,0.0,1.0,0.38,0.0,0.19,0.44,0.31,0.5,0.12,11.88,0.69,0.06,0.0,0.5,2.75,0.56,0.0,0.06,1.12,0.06
ANTA ANCACHURO,ANTA ANCACHURO,-13.47242,-72.21876,0.06,0.0,0.06,0.19,1.31,0.25,0.12,2.38,2.19,4.12,0.31,2.88,2.0,1.12,0.38,0.44,6.56,1.75,0.75,0.0
APLAO,APLAO,-16.07288,-72.49226,0.0,0.0,0.0,0.0,0.0,0.0,0.0,0.0,0.0,0.0,0.0,0.0,0.0,0.0,0.0,0.0,0.0,0.56,0.0,0.0
ARAHUAY,ARAHUAY,-11.62091,-76.67034,0.12,1.25,0.25,0.0,0.06,0.19,0.06,0.0,0.06,0.06,0.0,0.0,0.0,0.06,0.0,0.12,0.0,0.0,0.0,0.0
ARAMANGO,ARAMANGO,-5.41994,-78.43553,0.69,1.44,0.56,0.44,0.88,0.38,0.06,0.19,0.69,1.31,0.0,0.06,1.0,2.62,2.5,0.12,1.38,1.31,0.19,0.0
ARAPA,ARAPA,-15.17857,-70.10904,0.0,0.06,0.06,0.0,0.0,1.56,0.31,0.19,0.44,0.31,0.0,0.0,0.0,3.25,1.12,1.19,0.62,7.62,1.94,0.0
ARICOTA,ARICOTA,-17.32914,-70.23731,0.0,0.0,0.0,0.0,0.0,0.0,0.0,0.38,0.5,0.31,0.19,0.12,0.62,2.81,2.06,0.44,1.75,0.44,0.06,0.0
ASUNCION,ASUNCION,-7.30938,-78.51583,0.06,4.56,1.88,0.0,0.06,1.25,0.94,0.5,0.0,0.06,0.0,0.0,0.0,0.25,0.0,0.0,0.06,2.38,1.06,0.69
AUCAYACU,AUCAYACU,-8.92972,-76.11167,1.94,5.56,4.5,1.44,4.81,2.94,3.0,1.0,3.44,0.38,0.0,0.0,0.12,0.31,0.0,0.0,0.06,3.25,1.44,0.38
AUGUSTO WEBERBAUER,AUGUSTO WEBERBAUER,-7.15083,-78.49309,0.06,4.56,1.88,0.0,0.06,1.25,0.94,0.5,0.0,0.06,0.0,0.0,0.0,0.25,0.0,0.0,0.06,2.38,1.06,0.69
AYABACA,AYABACA,-4.63776,-79.72743,0.19,3.06,0.12,0.0,0.0,1.12,0.19,0.0,0.0,0.0,0.0,0.0,0.06,0.38,0.12,0.0,0.0,0.94,0.0,0.0
AYAVIRI,AYAVIRI,-12.38208,-76.13672,0.0,0.06,0.0,0.0,0.0,0.06,0.12,0.0,0.0,0.0,0.06,0.0,0.0,0.06,0.0,0.0,0.0,0.0,0.0,0.0
AYLAMBO,AYLAMBO,-7.19345,-78.52679,0.06,4.56,1.88,0.0,0.06,1.25,0.94,0.5,0.0,0.06,0.0,0.0,0.0,0.25,0.0,0.0,0.06,2.38,1.06,0.69
AYMARAES,AYMARAES,-14.29056,-73.25168,0.0,0.19,1.94,2.5,1.19,1.88,2.19,3.0,0.75,1.12,0.81,0.88,0.62,3.56,9.62,0.31,0.56,6.19,0.12,0.0
AYO,AYO,-15.68329,-72.27045,0.0,0.0,0.0,0.0,0.0,0.0,0.0,0.0,0.0,0.19,0.0,0.0,0.0,0.0,0.12,0.0,0.06,1.06,0.19,0.0
AZANGARO,AZANGARO,-14.91719,-70.19047,0.0,0.06,1.06,0.0,0.0,2.19,0.06,0.44,0.25,0.25,0.0,0.06,0.06,5.31,0.81,0.75,2.19,3.94,4.19,0.12
BAGAZAN,BAGAZAN,-4.72402,-73.53213,0.0,0.12,2.88,3.19,0.0,0.12,0.12,0.06,0.38,0.75,0.19,1.5,0.19,1.62,3.44,0.62,0.0,1.06,0.06,0.56
BAGUA CHICA,BAGUA CHICA,-5.66148,-78.53396,0.25,1.12,1.38,0.75,0.38,0.06,0.06,0.19,0.31,0.44,0.0,0.0,0.25,1.25,2.31,0.44,0.25,0.5,0.81,0.06
BAMBAMARCA,BAMBAMARCA,-6.67655,-78.51834,1.0,3.44,0.75,1.31,0.5,2.31,1.44,0.75,0.06,0.06,0.0,0.0,0.25,1.19,0.25,0.06,1.81,4.25,0.31,0.12
BELLAVISTA,BELLAVISTA,-3.49542,-73.06798,0.0,0.12,1.69,0.0,0.06,1.56,0.12,0.0,0.0,0.81,1.62,5.25,0.12,1.0,3.38,2.25,0.0,0.06,0.0,0.94
BERNAL,BERNAL,-5.48783,-80.75929,0.0,0.0,0.0,0.0,0.0,0.0,0.0,0.0,0.0,0.0,0.0,0.0,0.0,0.0,0.0,0.0,0.0,0.0,0.0,0.0
BOCATOMA,BOCATOMA,-17.57583,-69.62667,0.0,0.0,0.0,0.0,0.0,0.12,0.19,2.31,1.5,3.06,3.19,1.19,2.31,1.38,5.62,1.56,2.56,0.12,0.0,0.0
BRETAÑA,BRETAÑA,-5.25028,-74.35028,0.0,0.06,2.31,1.31,0.0,0.12,1.06,0.25,0.0,2.31,3.19,2.0,0.0,1.19,4.25,1.06,0.0,0.06,0.0,0.0
BUENA VISTA,BUENA VISTA,-9.43371,-78.20825,0.0,0.0,0.0,0.0,0.0,0.0,0.0,0.06,0.0,0.0,0.0,0.0,0.0,0.0,0.0,0.0,0.0,0.0,0.0,0.0
CABALLOCOCHA,CABALLOCOCHA,-3.91123,-70.51189,0.19,0.19,0.31,0.25,0.06,0.25,1.5,0.56,0.0,0.0,2.5,0.69,0.0,2.12,1.0,2.0,0.0,0.0,1.25,2.19
CABANA,CABANA,-8.39058,-78.00461,0.19,1.31,1.75,0.0,0.12,0.25,0.06,0.12,0.12,0.12,0.0,0.0,0.12,0.19,0.0,0.0,0.12,0.25,0.06,0.0
CABANACONDE,CABANACONDE,-15.62259,-71.97409,0.0,0.25,0.0,0.88,1.88,1.69,0.44,0.44,2.06,3.56,0.69,0.38,1.69,1.06,0.69,0.0,0.19,1.81,0.31,0.06
CABANILLAS,CABANILLAS,-15.63911,-70.34661,0.0,0.31,0.94,0.0,0.12,6.69,2.31,1.0,2.38,2.44,0.06,0.0,0.25,1.62,0.44,4.88,1.44,1.75,0.62,0.0
CACHACHI,CACHACHI,-7.45106,-78.26855,0.0,0.56,0.12,0.0,0.06,0.25,0.38,0.5,0.06,0.06,0.0,0.0,0.0,0.12,0.0,0.0,0.0,0.5,0.5,0.69
CACHICADAN,CACHICADAN,-8.10851,-78.16605,0.19,1.0,0.81,0.0,0.19,0.31,0.44,0.94,0.19,0.38,0.06,0.0,0.12,0.31,0.06,0.0,0.31,1.94,1.56,1.12
CAICAY,CAICAY,-13.59999,-71.69548,0.12,0.69,0.12,0.44,0.81,0.94,0.5,0.81,5.12,1.0,0.5,0.88,2.12,3.0,0.31,0.38,3.0,0.69,0.75,0.88
CAIRANI,CAIRANI,-17.28121,-70.36269,0.0,0.0,0.0,0.0,0.0,0.0,0.0,0.38,0.5,0.31,0.19,0.12,0.62,2.81,2.06,0.44,1.75,0.44,0.06,0.0
CAJABAMBA,CAJABAMBA,-7.62166,-78.05131,0.0,0.06,0.0,0.0,0.06,0.0,0.06,0.31,0.06,0.06,0.0,0.0,0.06,0.06,0.0,0.0,0.0,0.31,0.25,0.12
CAJAMARQUILLA,CAJAMARQUILLA,-9.63204,-77.74136,0.25,0.38,1.44,0.44,0.0,0.12,0.38,0.44,0.19,0.31,0.38,0.06,0.0,0.06,0.19,0.38,0.25,0.19,0.0,0.0
CAJATAMBO,CAJATAMBO,-10.47788,-76.98971,0.62,1.69,0.12,0.0,0.25,0.38,0.38,0.19,0.5,0.38,0.06,0.0,0.25,1.31,0.5,0.19,0.25,0.19,0.0,0.0
CALACOA,CALACOA,-16.73989,-70.68764,0.0,0.0,0.0,0.0,0.0,0.0,0.0,0.0,0.06,0.25,0.25,0.0,0.06,1.12,0.5,0.44,1.62,3.19,0.06,0.0
CALANA,CALANA,-17.97458,-70.19264,0.0,0.0,0.0,0.0,0.0,0.0,0.0,0.0,0.0,0.0,0.0,0.0,0.0,0.0,0.0,0.06,0.0,0.0,0.0,0.0
CALIENTES,CALIENTES,-17.88402,-70.14248,0.0,0.0,0.0,0.0,0.0,0.0,0.0,0.0,0.0,0.0,0.0,0.0,0.0,0.0,0.0,0.06,0.0,0.0,0.0,0.0
CALLANCAS,CALLANCAS,-7.76747,-78.49394,0.06,2.31,0.62,0.0,0.0,0.62,0.5,0.38,0.06,0.12,0.0,0.0,0.0,0.0,0.06,0.0,0.0,0.62,0.44,0.44
CAMANA,CAMANA,-16.61062,-72.68765,0.0,0.0,0.0,0.0,0.0,0.0,0.0,0.0,0.0,0.0,0.0,0.0,0.0,0.0,0.0,0.0,0.0,0.0,0.0,0.0
CAMAY,CAMAY,-10.91294,-77.6489,0.0,0.0,0.0,0.06,0.0,0.0,0.0,0.0,0.0,0.0,0.0,0.0,0.0,0.0,0.0,0.0,0.0,0.0,0.06,0.12
CAMPO DE MARTE,CAMPO DE MARTE,-12.07053,-77.04317,0.0,0.0,0.0,0.0,0.0,0.0,0.0,0.0,0.0,0.0,0.0,0.06,0.0,0.0,0.0,0.0,0.0,0.0,0.0,0.0
CANCHAN,CANCHAN,-9.94889,-76.28806,0.25,0.75,0.12,0.56,1.69,0.81,0.75,2.62,1.56,0.81,0.0,0.0,0.06,0.0,0.0,0.0,0.19,4.31,0.25,0.06
CANDARAVE,CANDARAVE,-17.26775,-70.25536,0.0,0.0,0.0,0.0,0.0,0.0,0.0,0.38,0.5,0.31,0.19,0.12,0.62,2.81,2.06,0.44,1.75,0.44,0.06,0.0
CANTA,CANTA,-11.47121,-76.62569,0.12,1.25,0.25,0.0,0.06,0.19,0.06,0.0,0.06,0.06,0.0,0.0,0.0,0.06,0.0,0.12,0.0,0.0,0.0,0.0
CAPACHICA,CAPACHICA,-15.61344,-69.84222,0.0,0.0,0.0,0.0,0.0,0.81,1.38,1.38,0.81,1.62,0.0,0.0,0.0,2.69,4.25,7.12,1.88,1.44,2.94,0.94
CARAMPOMA,CARAMPOMA,-11.65531,-76.51514,0.38,1.75,0.31,0.0,0.06,1.44,0.31,0.12,0.44,0.12,0.0,0.0,0.06,0.31,0.06,0.19,0.0,0.0,0.0,0.0
CARANIA,CARANIA,-12.3444,-75.87215,0.56,3.81,0.38,0.0,0.44,1.19,1.0,0.56,0.81,0.38,0.12,0.0,0.38,2.5,0.94,0.31,0.12,0.06,0.0,0.0
CARAVELI,CARAVELI,-15.77568,-73.36259,0.0,0.0,0.0,0.0,0.0,0.0,0.0,0.0,0.0,0.12,0.0,0.0,0.06,0.12,0.0,0.0,0.31,0.81,0.06,0.0
CARPISH,CARPISH,-9.70567,-76.09425,0.62,3.62,0.56,0.94,4.5,1.69,0.31,1.88,1.69,1.56,0.0,0.0,0.56,0.06,0.0,0.0,0.44,1.88,0.38,0.06
CARUMAS,CARUMAS,-16.81145,-70.69543,0.0,0.0,0.0,0.0,0.0,0.0,0.0,0.0,0.06,0.25,0.25,0.0,0.06,1.12,0.5,0.44,1.62,3.19,0.06,0.0
CASAPALCA,CASAPALCA,-11.63804,-76.23332,0.94,3.31,0.31,0.0,0.19,3.56,0.81,0.44,1.31,0.69,0.06,0.0,0.31,2.25,0.38,0.44,0.19,0.0,0.0,0.0
CAYALTI,CAYALTI,-6.88079,-79.54701,0.0,0.06,1.0,0.0,0.0,0.0,0.0,0.0,0.0,0.0,0.0,0.0,0.0,0.0,0.0,0.0,0.0,0.0,0.06,0.0
CAYLLOMA,CAYLLOMA,-15.18361,-71.77019,0.06,5.5,1.06,2.25,2.25,4.44,1.69,1.69,1.62,2.56,0.56,0.06,0.69,4.69,5.25,1.56,0.38,2.25,0.5,0.19
CAÑAVERAL,CAÑAVERAL,-3.9391,-80.65058,0.0,0.5,0.06,0.0,0.06,0.0,0.0,0.0,0.0,0.0,0.0,0.0,0.0,0.12,0.0,0.0,0.0,0.0,0.06,0.0
CCATCCA,CCATCCA,-13.60989,-71.56011,0.44,0.0,0.06,0.12,0.69,0.62,0.44,1.88,4.88,2.94,1.31,0.75,2.81,3.62,0.81,0.31,4.31,2.0,0.19,0.75
CELENDIN,CELENDIN,-6.85292,-78.14485,0.5,4.44,1.62,1.31,0.31,2.56,1.75,0.56,0.0,0.06,0.0,0.0,0.12,0.38,0.31,0.0,0.5,2.44,0.25,0.38
CERRO DE PASCO,CERRO DE PASCO,-10.69338,-76.26419,0.62,0.94,0.19,0.12,0.81,0.94,0.88,0.88,2.06,0.62,0.06,0.0,0.38,0.94,0.06,0.12,0.31,4.75,0.19,0.0
CHACCHAN,CHACCHAN,-9.53519,-77.77536,0.25,1.56,3.38,0.19,0.12,0.12,0.88,0.62,0.44,0.62,0.69,0.06,0.06,0.56,0.56,0.44,0.12,0.62,0.0,0.0
CHACHAPOYAS,CHACHAPOYAS,-6.2083,-77.86712,2.06,4.69,5.75,0.31,1.5,2.75,0.0,0.0,0.69,0.19,0.0,0.44,3.12,4.88,0.06,0.0,0.44,3.44,0.12,0.0
CHACHAS,CHACHAS,-15.50246,-72.26858,0.0,0.0,0.0,0.06,0.38,0.69,0.19,0.12,1.81,1.44,0.25,0.38,0.88,0.62,0.19,0.0,0.44,2.19,0.25,0.0
CHACLLABAMBA,CHACLLABAMBA,-13.10855,-71.72,2.31,2.44,2.88,0.38,2.5,1.38,0.31,3.44,7.25,2.06,0.25,0.25,3.06,2.5,0.0,0.12,3.75,4.19,0.69,2.31
CHAGLLA,CHAGLLA,-9.85008,-75.90706,0.62,3.62,0.56,0.94,4.5,1.69,0.31,1.88,1.69,1.56,0.0,0.0,0.56,0.06,0.0,0.0,0.44,1.88,0.38,0.06
CHALACO,CHALACO,-5.03865,-79.82502,0.19,1.25,0.06,0.0,0.06,0.44,0.12,0.06,0.06,0.06,0.0,0.0,0.0,0.38,0.06,0.0,0.0,0.5,0.0,0.0
CHALLABAMBA,CHALLABAMBA,-13.21754,-71.64938,1.12,1.12,0.88,0.38,1.56,1.31,0.38,2.75,8.81,2.44,0.44,0.5,3.69,2.5,0.12,0.75,3.69,2.75,1.06,0.75
CHALLACA,CHALLACA,-13.79047,-75.38212,0.0,0.0,0.0,0.0,0.0,0.06,0.75,0.0,0.0,0.0,0.0,0.0,0.0,0.0,0.0,0.0,0.0,0.0,0.0,0.0
CHALLACA PLU,CHALLACA PLU,-13.7896,-75.40029,0.0,0.0,0.0,0.0,0.0,0.06,0.75,0.0,0.0,0.0,0.0,0.0,0.0,0.0,0.0,0.0,0.0,0.0,0.0,0.0
CHANCAY BAÑOS,CHANCAY BAÑOS,-6.57583,-78.88111,0.06,0.12,0.06,0.0,0.12,0.12,0.06,0.12,0.12,0.25,0.0,0.0,0.0,0.12,0.06,0.0,0.12,0.06,0.06,0.0
CHAPARRA,CHAPARRA,-15.74765,-73.87089,0.0,0.0,0.0,0.0,0.0,0.0,0.0,0.0,0.0,0.0,0.0,0.0,0.0,0.0,0.06,0.0,0.0,0.0,0.0,0.0
CHAVIN,CHAVIN,-9.58633,-77.17526,0.69,3.44,0.44,0.06,0.69,0.69,0.38,0.5,0.69,0.94,0.19,0.0,0.19,0.44,0.12,0.06,0.12,3.62,0.75,0.31
CHAZUTA,CHAZUTA,-6.57119,-76.1315,0.06,0.44,2.81,0.0,3.25,0.88,0.0,0.56,0.12,0.44,1.12,2.56,1.44,8.94,0.06,0.0,0.0,0.31,0.19,0.44
CHERREPE,CHERREPE,-7.11887,-79.56118,0.0,0.06,1.0,0.0,0.0,0.0,0.0,0.0,0.0,0.0,0.0,0.0,0.0,0.0,0.0,0.0,0.0,0.0,0.06,0.0
CHICHAS,CHICHAS,-15.54811,-72.90165,0.0,0.0,0.0,0.06,0.0,0.06,0.0,0.06,0.0,0.12,0.0,0.0,0.06,0.31,0.12,0.0,0.0,1.88,0.19,0.0
CHIGUATA,CHIGUATA,-16.40644,-71.40914,0.0,0.0,0.0,0.0,0.0,0.0,0.0,0.0,0.0,0.06,0.5,0.12,0.0,0.12,0.19,0.06,0.12,0.12,0.12,0.0
CHILCAYOC,CHILCAYOC,-13.88298,-73.7268,0.12,0.94,1.75,0.56,0.88,0.56,0.75,1.62,1.19,1.06,0.56,0.38,0.69,3.12,6.81,0.12,0.38,3.81,0.12,0.0
CHILETE,CHILETE,-7.21968,-78.83799,0.06,6.06,4.0,0.12,0.12,1.94,1.75,1.06,0.0,0.69,0.0,0.0,0.0,0.12,0.0,0.0,0.0,2.12,0.31,0.06
CHIQUIAN,CHIQUIAN,-10.14763,-77.15949,0.62,1.69,0.94,0.06,0.12,0.12,0.19,0.25,0.38,0.25,0.06,0.0,0.06,0.5,0.31,0.38,0.31,0.38,0.0,0.0
CHIRINOS,CHIRINOS,-5.3085,-78.91426,2.0,2.12,0.81,0.06,0.31,0.31,1.06,1.56,4.5,1.0,0.0,0.06,0.25,3.0,0.12,0.06,0.06,0.06,0.0,0.0
CHIVAY,CHIVAY,-15.64163,-71.58502,0.0,0.0,0.0,0.44,0.69,1.81,0.56,1.38,1.56,3.44,1.06,0.38,1.31,2.38,1.44,2.5,1.5,4.75,0.94,0.0
CHOCO,CHOCO,-15.57707,-72.12963,0.0,0.0,0.0,0.06,0.38,0.69,0.19,0.12,1.81,1.44,0.25,0.38,0.88,0.62,0.19,0.0,0.44,2.19,0.25,0.0
CHONTACHACA,CHONTACHACA,-13.02389,-71.46778,0.75,1.06,1.88,1.62,3.81,0.44,0.06,0.38,1.56,0.31,0.06,0.0,0.5,1.25,0.0,0.06,0.56,0.5,0.31,4.44
CHONTALI,CHONTALI,-5.64361,-79.08472,1.5,2.19,1.12,0.81,0.62,0.81,0.69,0.19,1.75,1.81,0.25,0.0,1.06,2.88,0.75,0.06,0.12,0.19,0.12,0.0
CHOSICA,CHOSICA,-11.92986,-76.68975,0.0,0.0,0.0,0.0,0.0,0.0,0.0,0.0,0.0,0.0,0.0,0.0,0.0,0.0,0.06,0.0,0.0,0.0,0.0,0.0
CHOTA,CHOTA,-6.54713,-78.64863,0.69,1.62,0.44,0.81,0.81,0.81,0.31,0.56,0.62,1.0,0.0,0.0,0.12,0.88,0.5,0.19,1.25,1.88,0.38,0.0
CHOTANO LAJAS,CHOTANO LAJAS,-6.56216,-78.73885,0.69,1.62,0.44,0.81,0.81,0.81,0.31,0.56,0.62,1.0,0.0,0.0,0.12,0.88,0.5,0.19,1.25,1.88,0.38,0.0
CHUGUR,CHUGUR,-6.66874,-78.73799,1.69,3.44,0.19,0.38,0.44,1.19,0.81,0.75,0.06,0.5,0.0,0.0,0.12,1.94,0.31,0.06,1.38,3.88,0.44,0.31
CHULUCANAS,CHULUCANAS,-5.10843,-80.16956,0.0,0.0,0.0,0.0,0.0,0.0,0.0,0.0,0.0,0.0,0.0,0.0,0.0,0.0,0.0,0.0,0.0,0.0,0.0,0.0
CHUQUIBAMBA,CHUQUIBAMBA,-15.84601,-72.63398,0.0,0.0,0.0,0.44,0.44,0.12,0.0,0.31,0.06,0.25,0.0,0.0,0.19,0.25,0.06,0.0,0.25,2.5,0.12,0.0
CHUQUIBAMBILLA,CHUQUIBAMBILLA,-14.78791,-70.72849,0.0,3.62,11.75,0.06,0.5,1.38,0.31,0.06,1.19,2.06,0.19,0.12,0.31,1.5,1.31,0.88,1.25,1.62,2.31,0.5
COCHABAMBA,COCHABAMBA,-6.46009,-78.8886,0.06,0.12,0.06,0.0,0.12,0.12,0.06,0.12,0.12,0.25,0.0,0.0,0.0,0.12,0.06,0.0,0.12,0.06,0.06,0.0
COLCABAMBA,COLCABAMBA,-12.415,-74.68351,2.0,2.69,1.5,0.56,1.81,2.94,1.56,1.31,1.75,1.25,0.19,0.31,0.75,0.62,0.5,2.0,2.56,6.62,1.06,0.06
COLQUEPATA,COLQUEPATA,-13.36313,-71.67336,1.12,1.12,0.88,0.38,1.56,1.31,0.38,2.75,8.81,2.44,0.44,0.5,3.69,2.5,0.12,0.75,3.69,2.75,1.06,0.75
COMAS,COMAS,-11.74794,-75.13011,0.88,1.44,0.06,0.88,1.69,1.5,0.56,1.69,5.0,1.62,0.06,0.0,0.62,0.62,0.0,0.06,2.38,6.94,0.0,0.12
CONTAMANA,CONTAMANA,-7.35256,-75.00638,0.0,0.06,1.69,0.81,0.06,4.94,0.19,2.69,0.0,3.12,9.69,0.19,0.0,0.06,0.0,0.0,0.0,0.0,0.0,0.19
CONTUMAZA,CONTUMAZA,-7.36521,-78.82273,0.06,6.06,4.0,0.12,0.12,1.94,1.75,1.06,0.0,0.69,0.0,0.0,0.0,0.12,0.0,0.0,0.0,2.12,0.31,0.06
COPARA,COPARA,-14.97501,-74.90749,0.0,0.0,0.0,0.0,0.0,0.0,0.0,0.0,0.0,0.0,0.0,0.0,0.0,0.0,0.0,0.0,0.0,0.0,0.0,0.0
CORACORA,CORACORA,-15.02861,-73.79611,0.0,0.0,0.06,1.25,1.25,2.56,0.56,0.12,1.06,2.56,0.19,0.0,0.62,2.38,0.38,0.06,0.06,0.75,0.0,0.0
CORDOVA,CORDOVA,-14.04061,-75.18698,0.0,0.0,0.06,0.19,0.12,0.19,0.56,0.25,0.06,0.06,0.0,0.0,0.06,0.0,0.0,0.0,0.0,0.06,0.0,0.0
COSPAN,COSPAN,-7.44524,-78.54106,0.0,1.75,0.56,0.0,0.0,0.5,0.5,0.5,0.06,0.0,0.0,0.0,0.0,0.06,0.0,0.0,0.0,0.62,0.31,0.69
COTAHUASI,COTAHUASI,-15.21111,-72.89325,0.0,0.0,0.0,0.0,0.19,0.44,0.19,0.25,0.5,1.0,0.12,0.0,0.44,3.19,1.19,0.0,0.06,2.25,0.44,0.0
CRUCERO,CRUCERO,-14.3626,-70.0238,0.25,0.12,0.0,0.0,1.0,0.56,0.12,0.38,2.94,1.5,0.62,0.25,1.06,1.0,0.38,0.94,1.69,2.94,0.06,0.12
CRUCERO ALTO,CRUCERO ALTO,-15.781,-70.92793,0.0,0.0,0.0,0.0,1.12,1.62,0.06,0.12,1.75,3.44,0.44,0.0,0.38,1.81,0.56,4.81,2.0,2.31,0.0,0.0
CUEVA BLANCA,CUEVA BLANCA,-6.1313,-79.4045,0.06,0.06,0.0,0.0,0.0,0.06,0.0,0.0,0.06,0.12,0.0,0.0,0.0,0.06,0.0,0.0,0.0,0.06,0.0,0.0
CURAHUASI,CURAHUASI,-13.55253,-72.73487,0.81,0.56,0.25,2.56,3.19,0.69,0.19,2.0,2.31,3.25,1.88,0.94,1.69,1.38,0.75,1.38,5.0,3.75,1.62,0.0
CURPAHUASI,CURPAHUASI,-14.06284,-72.6669,1.0,0.5,1.75,0.75,1.5,1.06,0.56,1.56,1.62,1.44,2.31,1.56,1.31,0.94,0.88,3.19,2.31,5.88,0.88,0.0
CUSICANCHA,CUSICANCHA,-13.48732,-75.305,0.06,0.0,1.5,0.12,0.69,0.94,1.0,0.31,0.69,1.38,0.12,0.06,0.31,0.62,0.0,0.06,0.0,0.0,0.0,0.0
CUTERVO,CUTERVO,-6.37964,-78.80512,0.69,1.62,0.44,0.81,0.81,0.81,0.31,0.56,0.62,1.0,0.0,0.0,0.12,0.88,0.5,0.19,1.25,1.88,0.38,0.0
CUYO CUYO,CUYO CUYO,-14.47218,-69.55004,0.5,0.38,0.06,0.0,0.62,1.5,0.38,0.94,5.06,2.12,0.06,0.12,0.75,1.25,0.25,0.19,2.19,4.56,0.06,0.0
CUÑUMBUQUE,CUÑUMBUQUE,-6.50825,-76.48075,0.19,1.56,3.56,0.06,2.19,2.25,0.0,0.44,0.06,0.81,1.06,3.94,4.62,11.06,0.19,0.0,0.0,0.06,1.31,0.69
DESAGUADERO,DESAGUADERO,-16.57994,-69.03681,0.0,0.0,0.0,1.0,0.94,0.5,5.62,2.5,0.38,0.75,0.06,0.0,0.0,14.06,7.75,6.06,0.62,4.38,0.31,0.0
DOS DE MAYO,DOS DE MAYO,-9.70043,-76.77374,0.38,0.44,0.12,3.5,1.31,0.94,1.0,3.44,2.38,0.75,0.19,0.0,0.44,0.25,0.0,0.12,0.19,5.56,0.31,0.06
EL ALTO,EL ALTO,-4.27865,-81.21815,0.0,0.0,0.0,0.0,0.0,0.0,0.0,0.0,0.0,0.0,0.0,0.0,0.0,0.0,0.0,0.0,0.0,0.0,0.0,0.0
EL ESTRECHO,EL ESTRECHO,-2.59665,-72.66434,0.06,0.38,3.0,0.0,0.0,0.69,0.44,0.94,0.06,0.06,3.31,2.75,0.06,1.44,3.31,2.88,0.0,0.0,0.0,0.88
EL LIMON,EL LIMON,-5.91778,-79.31722,0.25,0.69,0.62,0.38,0.38,0.38,0.62,0.06,0.62,0.69,0.19,0.0,0.31,1.19,0.81,0.0,0.06,0.19,0.06,0.0
EL PALTO,EL PALTO,-6.00039,-78.47444,1.44,3.62,3.12,0.5,1.75,2.0,0.12,0.5,2.31,2.06,0.0,0.0,0.31,2.62,3.88,1.44,2.0,2.44,1.62,0.44
EL PORVENIR,EL PORVENIR,-6.58903,-76.31825,0.06,0.44,2.81,0.0,3.25,0.88,0.0,0.56,0.12,0.44,1.12,2.56,1.44,8.94,0.06,0.0,0.0,0.31,0.19,0.44
EL SALTO,EL SALTO,-3.45171,-80.2802,0.0,0.81,0.06,0.12,0.06,0.06,0.06,0.0,0.0,0.56,0.06,0.0,0.06,0.0,0.0,0.12,0.06,0.0,0.0,0.06
EL VIRREY,EL VIRREY,-5.5337,-79.98233,0.0,0.0,0.0,0.0,0.0,0.0,0.0,0.0,0.0,0.0,0.0,0.0,0.0,0.0,0.0,0.0,0.0,0.0,0.0,0.0
FLOR DE PUNGA,FLOR DE PUNGA,-5.38884,-74.32578,0.0,0.12,0.88,2.94,0.12,0.0,1.56,1.44,0.0,3.06,0.81,1.06,0.0,0.44,3.69,2.38,0.0,0.19,0.06,1.38
FONAGRO (CHINCHA),FONAGRO (CHINCHA),-13.47444,-76.13556,0.0,0.0,0.0,0.0,0.0,0.0,0.0,0.0,0.0,0.0,0.0,0.06,0.0,0.0,0.0,0.0,0.0,0.0,0.0,0.0
FRANCISCO ORELLANA,FRANCISCO ORELLANA,-3.42361,-72.76694,0.0,0.25,0.25,0.0,0.06,2.94,0.5,0.0,0.12,0.25,2.38,4.5,0.12,0.38,3.0,3.12,0.0,0.06,0.0,1.0
GENARO HERRERA,GENARO HERRERA,-4.91003,-73.66944,0.0,0.19,2.62,3.38,0.0,0.88,0.0,0.0,0.0,0.62,1.19,1.38,0.31,0.88,4.44,0.06,0.0,0.38,0.12,0.12
GORGOR,GORGOR,-10.62136,-77.04026,0.62,1.69,0.12,0.0,0.25,0.38,0.38,0.19,0.5,0.38,0.06,0.0,0.25,1.31,0.5,0.19,0.25,0.19,0.0,0.0
GRANJA KAYRA,GRANJA KAYRA,-13.55675,-71.87517,0.12,0.81,0.06,0.25,1.38,0.88,0.44,1.25,1.5,2.06,0.38,0.88,1.44,2.56,0.25,0.62,3.62,0.94,1.62,0.38
GRANJA PORCON,GRANJA PORCON,-7.03753,-78.63339,1.0,7.19,0.56,0.0,0.25,1.62,0.69,0.25,0.06,0.69,0.0,0.0,0.12,1.31,0.25,0.0,0.5,4.31,1.06,0.62
GRANJA SAN ANTONIO,GRANJA SAN ANTONIO,-13.60492,-72.85693,0.81,0.56,0.25,2.56,3.19,0.69,0.19,2.0,2.31,3.25,1.88,0.94,1.69,1.38,0.75,1.38,5.0,3.75,1.62,0.0
HACIENDA BERNALES,HACIENDA BERNALES,-13.7578,-75.96641,0.0,0.0,0.0,0.0,0.0,0.0,0.0,0.0,0.0,0.0,0.0,0.0,0.0,0.0,0.0,0.0,0.0,0.0,0.0,0.0
HACIENDA BIGOTE,HACIENDA BIGOTE,-5.33757,-79.7857,0.0,0.25,0.0,0.0,0.0,0.0,0.06,0.0,0.06,0.0,0.0,0.0,0.0,0.06,0.0,0.0,0.0,0.0,0.0,0.0
HACIENDA PUCARA,HACIENDA PUCARA,-6.0419,-79.1342,0.25,0.69,0.62,0.38,0.38,0.38,0.62,0.06,0.62,0.69,0.19,0.0,0.31,1.19,0.81,0.0,0.06,0.19,0.06,0.0
HUAC-HUAS,HUAC-HUAS,-14.13236,-74.94104,0.0,0.0,0.0,0.12,0.06,0.94,0.19,0.0,0.06,0.69,0.44,0.0,0.0,0.0,0.0,0.0,0.06,0.06,0.0,0.0
HUACHOS,HUACHOS,-13.2206,-75.53348,0.0,0.06,0.5,0.12,0.19,1.69,1.25,0.06,0.5,0.88,0.06,0.0,0.19,0.38,0.06,0.0,0.0,0.06,0.0,0.0
HUAMACHUCO,HUAMACHUCO,-7.81916,-78.0568,0.06,0.31,0.12,0.0,0.25,0.12,0.06,1.12,0.25,0.31,0.06,0.0,0.19,0.19,0.12,0.0,0.06,1.0,1.5,0.75
HUAMANI,HUAMANI,-13.843,-75.59037,0.0,0.0,0.0,0.0,0.0,0.06,0.75,0.0,0.0,0.0,0.0,0.0,0.0,0.0,0.0,0.0,0.0,0.0,0.0,0.0
HUAMANTANGA,HUAMANTANGA,-11.50247,-76.74675,0.12,1.25,0.25,0.0,0.06,0.19,0.06,0.0,0.06,0.06,0.0,0.0,0.0,0.06,0.0,0.12,0.0,0.0,0.0,0.0
HUAMBO,HUAMBO,-15.74867,-72.10693,0.0,0.0,0.0,0.0,0.31,0.19,0.12,0.31,0.56,1.12,0.06,0.06,0.5,0.5,0.5,0.06,0.62,4.62,0.69,0.0
HUAMBOS,HUAMBOS,-6.45368,-78.96315,0.06,0.12,0.06,0.0,0.12,0.12,0.06,0.12,0.12,0.25,0.0,0.0,0.0,0.12,0.06,0.0,0.12,0.06,0.06,0.0
HUANCA,HUANCA,-16.01791,-71.88108,0.0,0.0,0.0,0.0,0.0,0.06,0.0,0.06,0.12,0.31,0.06,0.06,0.12,0.25,0.25,0.06,0.94,1.94,0.06,0.0
HUANCABAMBA,HUANCABAMBA,-5.24681,-79.45399,0.31,1.0,0.0,0.0,0.06,0.38,0.19,1.19,2.5,0.56,0.0,0.0,0.25,0.62,0.0,0.0,0.06,0.5,0.0,0.0
HUANCALPI,HUANCALPI,-12.58031,-75.24178,0.25,5.75,1.44,0.69,1.31,1.62,2.0,1.0,2.0,1.81,0.44,0.69,0.44,2.12,3.88,1.5,0.56,1.69,0.06,0.0
HUANCANO,HUANCANO,-13.61784,-75.67102,0.0,0.0,0.0,0.0,0.0,0.0,0.19,0.0,0.0,0.19,0.0,0.0,0.0,0.0,0.0,0.0,0.0,0.0,0.0,0.0
HUANCAPI,HUANCAPI,-13.749,-74.06811,0.38,3.12,1.5,0.81,1.69,0.69,0.5,2.44,2.25,0.62,1.19,1.06,0.56,3.38,11.69,0.5,1.06,3.44,0.06,0.0
HUANCASANCOS,HUANCASANCOS,-13.93194,-74.33889,0.56,11.06,4.94,0.75,0.81,0.81,1.12,1.38,1.12,0.62,0.56,0.31,0.25,5.81,1.0,0.12,0.25,0.31,0.0,0.0
HUANCATA,HUANCATA,-12.18618,-76.24066,0.06,0.19,0.06,0.0,0.0,0.12,0.06,0.06,0.06,0.12,0.0,0.0,0.06,0.06,0.0,0.0,0.0,0.0,0.0,0.0
HUANCAVELICA,HUANCAVELICA,-12.77154,-75.01241,1.38,5.19,1.56,1.56,1.25,1.25,1.88,0.69,1.44,0.88,0.69,0.56,0.81,3.06,2.69,3.0,1.5,2.81,0.12,0.0
HUANGACOCHA,HUANGACOCHA,-7.93754,-78.06807,0.19,0.81,0.38,0.0,0.25,0.25,0.12,0.75,0.12,0.38,0.0,0.0,0.25,0.25,0.06,0.0,0.12,0.94,1.06,0.69
HUANGASCAR,HUANGASCAR,-12.89858,-75.83365,0.06,0.25,0.12,0.25,0.19,1.44,1.06,0.06,0.12,1.31,0.88,0.56,0.31,0.44,0.06,0.0,0.06,0.06,0.0,0.0
HUANTA,HUANTA,-12.91133,-74.28324,0.19,0.06,0.12,2.06,1.25,0.38,1.81,2.88,3.81,1.19,0.38,0.38,0.31,0.06,0.44,4.31,0.75,3.0,0.88,0.0
HUANUCO,HUANUCO,-9.96556,-76.23694,0.25,0.75,0.12,0.56,1.69,0.81,0.75,2.62,1.56,0.81,0.0,0.0,0.06,0.0,0.0,0.0,0.19,4.31,0.25,0.06
HUARAYA MOHO,HUARAYA MOHO,-15.3881,-69.48419,0.0,0.12,0.0,0.0,0.06,2.81,1.12,2.81,1.56,1.12,0.0,0.0,0.12,3.94,3.31,2.75,3.31,0.56,7.88,0.5
HUARMACA,HUARMACA,-5.56479,-79.51975,0.06,0.44,0.0,0.0,0.06,0.38,0.19,0.25,0.81,0.31,0.0,0.0,0.31,0.5,0.06,0.0,0.0,0.38,0.0,0.0
HUARMEY,HUARMEY,-10.06812,-78.16232,0.0,0.0,0.0,0.0,0.0,0.06,0.0,0.0,0.0,0.0,0.0,0.0,0.0,0.0,0.0,0.06,0.0,0.0,0.0,0.06
HUAROS,HUAROS,-11.40743,-76.5758,0.88,4.56,0.31,0.0,0.19,1.62,0.5,0.25,0.69,0.31,0.0,0.0,0.25,1.38,0.31,0.56,0.12,0.0,0.0,0.0
HUASACACHE,HUASACACHE,-16.45774,-71.56635,0.0,0.0,0.0,0.0,0.0,0.0,0.0,0.0,0.0,0.06,0.5,0.12,0.0,0.12,0.19,0.06,0.12,0.12,0.12,0.0
HUASAHUASI,HUASAHUASI,-11.26769,-75.63911,1.06,1.06,0.19,0.06,0.88,1.44,2.06,2.25,4.0,0.94,0.06,0.06,0.44,0.69,0.19,0.06,1.88,7.81,0.0,0.0
HUAYAN,HUAYAN,-11.45281,-77.12201,0.0,0.0,0.0,0.0,0.0,0.0,0.0,0.0,0.0,0.0,0.0,0.0,0.0,0.0,0.0,0.0,0.0,0.0,0.0,0.0
HUAYAO,HUAYAO,-12.04019,-75.3205,0.31,1.5,0.25,0.25,1.19,0.81,0.62,0.62,2.62,1.0,0.12,0.06,0.44,0.94,0.06,0.06,0.5,2.12,0.44,0.06
HUAÑEC,HUAÑEC,-12.29359,-76.13902,0.06,0.19,0.06,0.0,0.0,0.12,0.06,0.06,0.06,0.12,0.0,0.0,0.06,0.06,0.0,0.0,0.0,0.0,0.0,0.0
ICHUÑA,ICHUÑA,-16.14109,-70.5427,0.0,0.0,0.0,0.0,0.06,2.06,0.19,1.56,1.5,12.06,3.06,0.69,1.62,4.56,0.81,4.12,0.88,1.56,0.06,0.0
ILABAYA,ILABAYA,-17.40639,-70.525,0.0,0.0,0.0,0.0,0.0,0.0,0.0,0.0,0.0,0.0,0.0,0.0,0.0,0.06,0.25,0.25,0.12,0.0,0.0,0.0
ILAVE,ILAVE,-16.05994,-69.64039,0.0,0.0,0.38,0.06,0.19,5.38,17.69,0.75,1.5,4.12,0.44,0.06,0.0,10.25,2.81,14.69,3.75,3.06,2.0,0.12
ILO,ILO,-17.62381,-71.27189,0.0,0.0,0.06,0.0,0.0,0.0,0.0,0.0,0.0,0.0,0.0,0.0,0.06,0.0,0.0,0.0,0.06,0.0,0.0,0.0
IMATA,IMATA,-15.84266,-71.09062,0.0,0.0,0.0,0.0,1.12,1.62,0.06,0.12,1.75,3.44,0.44,0.0,0.38,1.81,0.56,4.81,2.0,2.31,0.0,0.0
INCAHUASI,INCAHUASI,-6.23389,-79.33472,0.25,0.44,0.0,0.06,0.25,0.56,0.06,0.0,0.25,0.75,0.0,0.0,0.12,0.56,0.38,0.06,0.06,0.38,0.06,0.0
INGENIO,INGENIO,-11.87522,-75.29664,0.31,1.5,0.25,0.25,1.19,0.81,0.62,0.62,2.62,1.0,0.12,0.06,0.44,0.94,0.06,0.06,0.5,2.12,0.44,0.06
ISLA SOTO,ISLA SOTO,-15.56219,-69.48897,0.0,0.12,0.0,0.0,0.06,2.81,1.12,2.81,1.56,1.12,0.0,0.0,0.12,3.94,3.31,2.75,3.31,0.56,7.88,0.5
ISLA SUANA,ISLA SUANA,-16.34658,-68.85033,0.0,0.0,0.0,0.0,0.0,0.06,3.06,2.75,0.88,0.44,0.0,0.06,0.06,2.44,13.06,8.5,1.75,5.25,1.81,0.0
ISLA TAQUILE,ISLA TAQUILE,-15.77019,-69.69106,0.0,0.06,0.25,0.06,0.0,1.06,8.5,0.25,0.56,2.25,0.06,0.06,0.0,4.19,5.88,13.75,4.94,1.06,8.06,0.62
ITE,ITE,-17.86008,-70.95169,0.0,0.0,0.0,0.0,0.0,0.06,0.0,0.0,0.0,0.0,0.0,0.0,0.0,0.0,0.0,0.0,0.0,0.0,0.0,0.0
IÑAPARI,IÑAPARI,-10.95589,-69.578,0.0,0.0,0.12,0.75,0.06,0.06,0.0,0.31,0.19,0.69,0.5,0.12,0.0,1.06,0.0,1.31,0.25,0.0,0.0,0.0
JACAS CHICO,JACAS CHICO,-9.88474,-76.50094,0.75,1.06,0.19,0.62,1.19,1.06,1.75,3.56,2.75,0.88,0.06,0.0,0.12,0.12,0.0,0.19,0.38,8.19,0.12,0.0
JAEN,JAEN,-5.67664,-78.77416,0.12,0.31,2.06,1.5,0.56,0.12,0.44,0.44,0.56,0.44,0.06,0.0,0.0,0.5,1.88,0.12,0.06,0.06,0.06,0.0
JAMALCA,JAMALCA,-5.89269,-78.23394,1.56,5.81,1.19,0.12,1.25,1.5,0.06,0.06,1.38,1.5,0.0,0.0,1.12,6.25,2.25,0.44,0.88,4.0,0.56,0.06
JAUJA,JAUJA,-11.74793,-75.13013,0.88,1.44,0.06,0.88,1.69,1.5,0.56,1.69,5.0,1.62,0.06,0.0,0.62,0.62,0.0,0.06,2.38,6.94,0.0,0.12
JAYANCA,JAYANCA,-6.33159,-79.76869,0.0,0.0,0.0,0.0,0.0,0.0,0.0,0.0,0.0,0.0,0.0,0.0,0.0,0.0,0.0,0.0,0.0,0.0,0.0,0.0
JAZAN,JAZAN,-5.94484,-77.9825,2.06,5.5,0.44,0.19,1.19,1.56,0.12,0.0,1.31,1.19,0.0,0.0,2.62,6.69,1.12,0.0,0.5,3.25,0.0,0.0
JEPELACIO,JEPELACIO,-6.11275,-76.90761,0.56,8.56,3.12,0.12,2.06,0.5,0.0,0.06,1.56,1.56,0.19,0.19,4.0,2.44,0.81,0.0,0.31,2.81,0.44,0.0
JESUS,JESUS,-7.2457,-78.38841,0.06,4.56,1.88,0.0,0.06,1.25,0.94,0.5,0.0,0.06,0.0,0.0,0.0,0.25,0.0,0.0,0.06,2.38,1.06,0.69
JORGE BASADRE,JORGE BASADRE,-18.0269,-70.2509,0.0,0.0,0.0,0.0,0.0,0.0,0.0,0.0,0.0,0.0,0.0,0.0,0.0,0.0,0.0,0.06,0.0,0.0,0.0,0.0
JOSE OLAYA,JOSE OLAYA,-7.40711,-76.41389,0.38,2.25,9.06,4.25,1.19,0.31,0.12,0.0,0.0,1.81,1.69,2.25,1.62,0.5,0.31,0.06,0.0,0.31,0.81,2.62
JULCAN,JULCAN,-8.05895,-78.48607,0.25,3.88,2.62,0.06,0.19,0.75,1.31,1.44,0.25,0.38,0.06,0.0,0.06,0.25,0.12,0.0,0.12,2.56,1.0,0.31
JULIACA,JULIACA,-15.44415,-70.20778,0.0,0.88,3.0,0.0,0.19,3.31,3.88,0.25,1.88,1.62,0.0,0.0,0.06,1.31,2.69,8.19,2.31,2.88,1.25,0.0
JUNIN,JUNIN,-11.13528,-75.99972,1.0,1.44,0.0,0.0,0.44,0.69,0.62,1.56,3.5,0.44,0.19,0.06,0.62,2.56,0.44,0.25,0.81,2.75,0.0,0.0
LA CASCARILLA,LA CASCARILLA,-5.67778,-78.89778,1.5,2.19,1.12,0.81,0.62,0.81,0.69,0.19,1.75,1.81,0.25,0.0,1.06,2.88,0.75,0.06,0.12,0.19,0.12,0.0
LA CRUZ,LA CRUZ,-3.62829,-80.5526,0.0,1.06,0.06,0.0,0.06,0.12,0.25,0.0,0.0,0.0,0.0,0.0,0.0,0.25,0.06,0.0,0.06,0.06,0.0,0.0
LA ENCAÑADA,LA ENCAÑADA,-7.12327,-78.33314,0.25,3.31,0.81,0.56,0.31,0.56,1.0,0.19,0.06,0.0,0.0,0.0,0.12,0.5,0.06,0.0,0.44,1.75,1.0,0.88
LA ESPERANZA,LA ESPERANZA,-4.92114,-81.07636,0.0,0.0,0.0,0.0,0.0,0.0,0.0,0.0,0.0,0.0,0.0,0.0,0.0,0.0,0.0,0.0,0.0,0.0,0.0,0.0
LA HACIENDITA,LA HACIENDITA,-16.99861,-71.60083,0.0,0.0,0.0,0.0,0.0,0.0,0.0,0.0,0.0,0.0,0.0,0.0,0.0,0.0,0.0,0.0,0.0,0.0,0.0,0.0
LA JOYA,LA JOYA,-16.58359,-71.92464,0.0,0.0,0.0,0.0,0.0,0.0,0.0,0.0,0.0,0.0,0.0,0.0,0.0,0.0,0.0,0.0,0.0,0.0,0.0,0.0
LA OROYA,LA OROYA,-11.57178,-75.95761,1.19,2.56,0.06,0.0,0.38,1.0,1.19,1.19,2.56,0.69,0.31,0.19,0.19,6.12,1.5,0.5,0.38,1.19,0.06,0.0
LA PAMPILLA,LA PAMPILLA,-16.41379,-71.53453,0.0,0.0,0.0,0.0,0.0,0.0,0.0,0.0,0.0,0.06,0.5,0.12,0.0,0.12,0.19,0.06,0.12,0.12,0.12,0.0
LA QUINUA,LA QUINUA,-13.03881,-74.14158,0.19,0.06,0.12,2.06,1.25,0.38,1.81,2.88,3.81,1.19,0.38,0.38,0.31,0.06,0.44,4.31,0.75,3.0,0.88,0.0
LA VICTORIA,LA VICTORIA,-7.19119,-78.45947,0.06,4.56,1.88,0.0,0.06,1.25,0.94,0.5,0.0,0.06,0.0,0.0,0.0,0.25,0.0,0.0,0.06,2.38,1.06,0.69
LA YARADA,LA YARADA,-18.21065,-70.52593,0.0,0.0,0.0,0.0,0.0,0.0,0.0,0.0,0.0,0.0,0.0,0.0,0.0,0.0,0.0,0.06,0.0,0.0,0.0,0.0
LACHAQUI,LACHAQUI,-11.554,-76.62706,0.12,1.25,0.25,0.0,0.06,0.19,0.06,0.0,0.06,0.06,0.0,0.0,0.0,0.06,0.0,0.12,0.0,0.0,0.0,0.0
LAGUNAS,LAGUNAS,-5.21937,-75.7161,0.0,0.06,0.06,2.44,0.69,0.12,0.94,1.25,0.12,2.75,2.69,0.38,0.06,4.56,0.31,0.0,0.0,0.0,0.0,0.0
LAIVE,LAIVE,-12.25228,-75.36053,0.19,4.56,1.25,0.5,0.94,1.75,1.88,0.75,2.38,1.44,0.31,0.44,0.25,2.06,2.38,0.38,0.56,2.38,0.19,0.06
LAMAS,LAMAS,-6.41875,-76.52794,0.19,1.56,3.56,0.06,2.19,2.25,0.0,0.44,0.06,0.81,1.06,3.94,4.62,11.06,0.19,0.0,0.0,0.06,1.31,0.69
LAMBAYEQUE,LAMBAYEQUE,-6.73438,-79.9265,0.0,0.0,0.0,0.06,0.0,0.0,0.0,0.0,0.0,0.0,0.0,0.12,0.0,0.0,0.0,0.0,0.0,0.0,0.06,0.0
LAMPA,LAMPA,-15.36108,-70.37417,0.0,0.88,1.56,0.0,0.06,2.81,1.44,0.44,0.81,0.81,0.0,0.0,0.0,1.19,4.56,3.19,1.62,6.44,4.5,0.0
LANCONES,LANCONES,-4.64288,-80.54718,0.0,0.0,0.0,0.0,0.0,0.0,0.0,0.0,0.0,0.0,0.0,0.0,0.0,0.0,0.0,0.0,0.0,0.0,0.0,0.0
LARAQUERI,LARAQUERI,-16.136,-70.04589,0.0,0.06,0.5,0.06,0.44,12.94,8.5,3.12,1.19,3.25,1.19,0.06,1.0,2.69,0.62,6.25,2.19,1.44,0.0,0.06
LAS SALINAS,LAS SALINAS,-16.32064,-71.15212,0.0,0.0,0.0,0.0,0.0,0.12,0.0,0.0,0.62,0.69,1.44,0.06,0.38,1.31,1.94,0.44,0.75,1.94,0.0,0.0
LETRAYOC,LETRAYOC,-13.65773,-75.74496,0.0,0.0,0.0,0.0,0.0,0.0,0.06,0.0,0.0,0.0,0.0,0.0,0.0,0.0,0.0,0.0,0.0,0.0,0.0,0.0
LIMBANI,LIMBANI,-14.13969,-69.68702,0.38,0.25,0.06,0.0,0.75,1.12,0.25,1.12,5.94,1.69,0.31,0.12,1.38,2.25,0.62,0.75,1.69,2.19,0.19,0.06
LIRCAY,LIRCAY,-12.98146,-74.71809,2.38,4.06,1.81,1.62,1.0,2.31,2.44,2.0,1.5,1.0,0.75,1.06,0.62,3.38,3.0,3.44,2.0,3.94,0.06,0.0
LIVES,LIVES,-7.09686,-79.04045,2.38,8.5,1.25,0.0,0.5,1.62,0.31,0.12,1.0,2.5,0.0,0.0,0.12,1.25,0.25,0.06,1.25,5.75,1.12,0.12
LLALLY,LLALLY,-14.95286,-70.88053,0.0,1.44,8.44,0.12,0.75,0.81,1.5,0.62,1.62,2.62,0.25,0.44,0.81,0.88,1.56,1.19,1.5,2.06,2.12,0.06
LLAMA,LLAMA,-6.51443,-79.12262,0.06,0.12,0.06,0.0,0.12,0.12,0.06,0.12,0.12,0.25,0.0,0.0,0.0,0.12,0.06,0.0,0.12,0.06,0.06,0.0
LLAPA,LLAPA,-6.995,-78.81119,1.0,7.19,0.56,0.0,0.25,1.62,0.69,0.25,0.06,0.69,0.0,0.0,0.12,1.31,0.25,0.0,0.5,4.31,1.06,0.62
LOMAS,LOMAS,-15.57119,-74.8503,0.0,0.0,0.0,0.0,0.0,0.0,0.0,0.0,0.0,0.06,0.0,0.06,0.0,0.0,0.0,0.06,0.0,0.0,0.0,0.0
LOMAS DE LACHAY,LOMAS DE LACHAY,-11.37681,-77.36839,0.0,0.0,0.0,0.06,0.0,0.0,0.0,0.0,0.0,0.0,0.0,0.06,0.0,0.0,0.0,0.0,0.0,0.0,0.0,0.06
LOS UROS,LOS UROS,-15.82039,-69.97414,0.0,0.25,0.38,0.0,0.0,1.81,8.75,0.25,1.81,3.5,0.0,0.0,0.12,4.0,2.25,14.12,2.56,1.88,2.06,0.12
LUCANAS,LUCANAS,-14.62039,-74.24944,0.0,0.12,0.19,1.94,1.38,2.94,1.44,1.31,1.25,3.31,0.94,0.06,0.88,2.94,0.25,0.0,0.25,0.0,0.0,0.0
MACHAHUAY,MACHAHUAY,-15.65322,-72.50322,0.0,0.0,0.0,0.06,0.06,0.12,0.06,0.12,0.06,0.06,0.0,0.0,0.12,0.0,0.12,0.0,0.25,3.38,0.31,0.0
MACHU PICCHU,MACHU PICCHU,-13.16655,-72.54585,0.62,1.62,0.62,0.88,2.56,0.62,0.25,3.31,3.5,4.44,0.12,1.38,2.56,0.69,0.06,0.88,6.06,3.69,0.75,0.31
MACUSANI,MACUSANI,-14.06675,-70.42206,0.25,0.69,0.0,0.0,0.88,0.75,0.75,2.31,3.31,2.31,0.81,1.19,2.62,1.69,0.75,0.81,3.44,4.12,0.0,0.06
MADRIGAL,MADRIGAL,-15.61658,-71.81167,0.06,0.94,0.19,2.69,1.88,4.06,1.44,1.56,2.62,4.44,0.94,0.12,1.5,3.38,2.69,0.88,0.75,2.75,1.62,0.19
MAGDALENA,MAGDALENA,-7.25346,-78.65261,0.06,6.06,4.0,0.12,0.12,1.94,1.75,1.06,0.0,0.69,0.0,0.0,0.0,0.12,0.0,0.0,0.0,2.12,0.31,0.06
MALACASI,MALACASI,-5.33978,-79.85794,0.0,0.25,0.0,0.0,0.0,0.0,0.06,0.0,0.06,0.0,0.0,0.0,0.0,0.06,0.0,0.0,0.0,0.0,0.0,0.0
MALLARES,MALLARES,-4.85574,-80.73556,0.0,0.0,0.0,0.0,0.0,0.0,0.0,0.0,0.0,0.0,0.0,0.0,0.0,0.0,0.0,0.0,0.0,0.0,0.0,0.0
MALVAS,MALVAS,-9.92723,-77.65519,0.0,0.06,0.06,0.0,0.0,0.0,0.0,0.0,0.0,0.06,0.0,0.0,0.0,0.0,0.0,0.0,0.0,0.0,0.0,0.0
MANITI,MANITI,-3.53697,-72.8742,0.0,0.25,0.25,0.0,0.06,2.94,0.5,0.0,0.12,0.25,2.38,4.5,0.12,0.38,3.0,3.12,0.0,0.06,0.0,1.0
MATAPALO,MATAPALO,-3.68277,-80.19857,0.06,1.94,0.12,0.06,0.06,0.38,0.25,0.0,0.0,0.81,0.06,0.0,0.0,0.12,0.06,0.19,0.06,0.06,0.06,0.0
MATUCANA,MATUCANA,-11.83913,-76.37828,0.38,1.75,0.31,0.0,0.06,1.44,0.31,0.12,0.44,0.12,0.0,0.0,0.06,0.31,0.06,0.19,0.0,0.0,0.0,0.0
MAYORARCA,MAYORARCA,-10.17442,-77.34889,0.62,1.69,0.94,0.06,0.12,0.12,0.19,0.25,0.38,0.25,0.06,0.0,0.06,0.5,0.31,0.38,0.31,0.38,0.0,0.0
MAZAN,MAZAN,-3.48817,-73.08183,0.0,0.12,1.69,0.0,0.06,1.56,0.12,0.0,0.0,0.81,1.62,5.25,0.12,1.0,3.38,2.25,0.0,0.06,0.0,0.94
MAZO CRUZ,MAZO CRUZ,-16.73889,-69.71544,0.0,0.0,0.0,0.0,0.62,4.0,3.25,4.44,1.56,5.0,10.56,0.5,1.94,9.25,1.0,1.5,1.88,0.88,0.0,0.0
MAÑAZO,MAÑAZO,-15.79944,-70.3395,0.0,0.31,0.94,0.0,0.12,6.69,2.31,1.0,2.38,2.44,0.06,0.0,0.25,1.62,0.44,4.88,1.44,1.75,0.62,0.0
MOLLEPATA,MOLLEPATA,-8.19137,-77.95397,0.19,1.0,1.12,0.0,0.19,0.31,0.0,0.12,0.12,0.25,0.0,0.0,0.06,0.25,0.0,0.0,0.19,0.44,0.12,0.25
MONTEGRANDE,MONTEGRANDE,-7.22499,-79.15323,0.0,0.12,0.44,0.0,0.0,0.0,0.0,0.0,0.0,0.0,0.0,0.0,0.0,0.0,0.0,0.0,0.0,0.0,0.0,0.0
MOQUEGUA,MOQUEGUA,-17.17875,-70.93269,0.0,0.0,0.0,0.0,0.0,0.0,0.0,0.0,0.0,0.0,0.0,0.0,0.0,0.0,0.0,0.06,0.0,0.0,0.0,0.0
MORALILLO,MORALILLO,-3.89972,-73.33806,0.0,0.06,0.44,0.06,0.06,0.25,1.38,0.0,0.06,5.56,1.06,4.19,0.06,0.19,1.81,1.56,0.0,0.06,0.38,0.25
MORROPON,MORROPON,-5.19464,-79.98774,0.0,0.0,0.0,0.0,0.0,0.0,0.0,0.0,0.0,0.0,0.0,0.0,0.0,0.0,0.0,0.0,0.0,0.0,0.0,0.0
MOYOBAMBA,MOYOBAMBA,-6.04481,-76.96822,0.56,8.56,3.12,0.12,2.06,0.5,0.0,0.06,1.56,1.56,0.19,0.19,4.0,2.44,0.81,0.0,0.31,2.81,0.44,0.0
MUÑANI,MUÑANI,-14.77944,-69.96583,0.0,0.31,0.0,0.0,0.19,2.0,0.0,0.0,0.31,0.0,0.0,0.06,0.31,2.06,0.0,0.06,6.31,18.44,0.75,0.0
NAMBALLE,NAMBALLE,-4.99953,-79.08862,2.12,3.25,0.5,0.06,0.69,0.38,2.56,3.19,5.56,1.69,0.06,0.31,1.81,3.69,0.06,0.0,0.62,0.25,0.0,0.0
NAMORA,NAMORA,-7.2006,-78.32782,0.19,0.81,0.25,0.0,0.25,0.12,0.19,0.5,0.0,0.0,0.0,0.0,0.06,0.31,0.0,0.0,0.25,0.94,0.88,0.75
NARANJILLO,NARANJILLO,-5.80964,-77.39264,1.56,2.75,0.56,0.0,2.25,0.75,0.0,0.06,1.06,0.25,0.0,0.12,2.06,3.19,3.25,0.0,1.12,3.5,0.0,0.0
NAUTA,NAUTA,-4.51944,-73.60028,0.0,0.06,2.19,1.06,0.0,0.19,0.56,0.69,1.88,5.12,0.06,1.81,0.94,0.88,1.62,0.19,0.0,1.94,0.0,0.06
NIEPOS,NIEPOS,-6.92511,-79.12902,0.62,2.69,2.56,0.0,0.0,0.06,0.0,0.0,0.38,0.5,0.0,0.0,0.0,0.06,0.0,0.0,0.25,0.88,0.19,0.0
OBRAJILLO,OBRAJILLO,-11.4525,-76.62194,0.88,4.56,0.31,0.0,0.19,1.62,0.5,0.25,0.69,0.31,0.0,0.0,0.25,1.38,0.31,0.56,0.12,0.0,0.0,0.0
OCROS,OCROS,-10.40457,-77.40025,0.0,0.19,0.06,0.0,0.0,0.0,0.0,0.0,0.06,0.0,0.0,0.0,0.0,0.0,0.0,0.0,0.0,0.0,0.0,0.0
OCUCAJE,OCUCAJE,-14.37844,-75.68208,0.0,0.0,0.0,0.0,0.0,0.0,0.0,0.0,0.0,0.0,0.0,0.0,0.0,0.0,0.0,0.0,0.0,0.0,0.0,0.0
OMATE,OMATE,-16.67531,-70.97925,0.0,0.0,0.0,0.0,0.0,0.0,0.0,0.0,0.06,0.12,0.62,0.0,0.06,0.25,0.12,0.06,0.88,1.06,0.0,0.0
ORCOPAMPA,ORCOPAMPA,-15.26387,-72.34096,0.0,0.38,0.06,0.62,1.94,4.0,0.94,0.38,2.12,4.0,1.38,1.19,1.69,2.69,1.25,0.0,0.12,2.44,0.5,0.0
OXAPAMPA,OXAPAMPA,-10.56424,-75.41845,2.19,2.75,0.44,1.06,5.19,4.06,0.88,6.88,3.81,2.56,0.0,0.0,0.31,0.62,0.0,0.0,1.44,4.94,0.06,0.0
OYON,OYON,-10.66769,-76.7687,0.44,2.12,0.31,0.06,0.31,0.69,0.38,0.5,0.44,0.5,0.06,0.0,0.31,2.06,0.81,0.25,0.19,0.5,0.0,0.0
OYOTUN,OYOTUN,-6.86394,-79.32062,0.12,0.19,0.19,0.0,0.0,0.06,0.0,0.0,0.06,0.56,0.0,0.0,0.0,0.06,0.0,0.06,0.0,0.12,0.0,0.0
PACARAN,PACARAN,-12.85023,-76.05793,0.0,0.0,0.0,0.0,0.0,0.06,0.12,0.0,0.06,0.19,0.0,0.0,0.0,0.0,0.0,0.0,0.06,0.0,0.0,0.0
PACAYZAPA,PACAYZAPA,-6.2818,-76.76171,2.19,4.5,1.44,0.0,7.12,2.75,0.0,0.31,1.31,3.19,0.44,1.12,9.5,6.56,0.31,0.0,0.12,1.81,0.19,0.0
PACHAMACHAY,PACHAMACHAY,-11.06525,-76.9141,0.06,0.0,0.06,0.0,0.0,0.06,0.0,0.0,0.06,0.06,0.0,0.0,0.0,0.06,0.0,0.0,0.06,0.0,0.0,0.0
PACHIZA,PACHIZA,-7.29322,-76.77092,0.0,0.69,8.5,1.0,0.12,0.69,0.56,0.06,0.19,0.56,1.5,2.62,1.25,1.0,2.75,0.0,0.0,0.44,2.31,2.12
PALCA,PALCA,-17.77794,-69.95864,0.0,0.0,0.0,0.0,0.0,0.0,0.0,0.12,0.06,0.44,0.31,2.38,0.25,0.81,1.25,1.12,0.38,0.06,0.0,0.0
PALPA,PALPA,-14.54939,-75.18926,0.0,0.0,0.0,0.0,0.0,0.0,0.0,0.0,0.0,0.0,0.0,0.0,0.0,0.0,0.0,0.0,0.0,0.0,0.0,0.0
PAMPA BLANCA,PAMPA BLANCA,-14.23731,-75.10398,0.0,0.0,0.0,0.12,0.06,0.94,0.19,0.0,0.06,0.69,0.44,0.0,0.0,0.0,0.0,0.0,0.06,0.06,0.0,0.0
PAMPA DE ARRIEROS,PAMPA DE ARRIEROS,-16.06645,-71.59138,0.0,0.0,0.0,0.0,0.12,0.19,0.0,0.12,0.69,1.44,1.06,0.12,0.81,2.19,1.25,0.25,0.88,3.88,0.12,0.0
PAMPA DE MAJES,PAMPA DE MAJES,-16.319,-72.20248,0.0,0.0,0.0,0.0,0.0,0.0,0.0,0.0,0.0,0.0,0.0,0.0,0.0,0.0,0.0,0.0,0.0,0.12,0.0,0.0
PAMPACOLCA,PAMPACOLCA,-15.71672,-72.56829,0.0,0.0,0.0,0.06,0.06,0.12,0.06,0.12,0.06,0.06,0.0,0.0,0.12,0.0,0.12,0.0,0.25,3.38,0.31,0.0
PAMPAHUTA,PAMPAHUTA,-15.48369,-70.67599,0.0,0.56,0.25,0.0,1.12,2.75,0.94,3.88,2.31,3.94,0.94,0.19,0.56,4.25,0.69,5.31,1.0,1.94,1.25,0.0
PAMPAS,PAMPAS,-12.40203,-74.88414,1.44,3.62,0.88,1.25,1.25,1.88,1.38,1.5,1.69,0.69,0.38,0.44,0.62,1.38,2.5,2.88,1.56,5.94,0.44,0.0
PANANGA,PANANGA,-4.51556,-80.73944,0.0,0.0,0.0,0.0,0.0,0.06,0.0,0.0,0.0,0.0,0.0,0.0,0.0,0.06,0.0,0.0,0.0,0.0,0.0,0.0
PAPAYAL,PAPAYAL,-3.56732,-80.2499,0.0,0.81,0.06,0.12,0.06,0.06,0.06,0.0,0.0,0.56,0.06,0.0,0.06,0.0,0.0,0.12,0.06,0.0,0.0,0.06
PARIACANCHA,PARIACANCHA,-11.39364,-76.50294,0.88,4.56,0.31,0.0,0.19,1.62,0.5,0.25,0.69,0.31,0.0,0.0,0.25,1.38,0.31,0.56,0.12,0.0,0.0,0.0
PARIACOTO,PARIACOTO,-9.55239,-77.88761,0.0,0.06,0.69,0.06,0.0,0.0,0.06,0.0,0.0,0.06,0.0,0.0,0.0,0.0,0.06,0.06,0.0,0.0,0.0,0.0
PARQUIN,PARQUIN,-10.96665,-76.71983,0.44,1.75,0.31,0.0,0.31,0.69,0.19,0.19,0.38,0.69,0.06,0.0,0.19,0.88,0.19,0.44,0.31,0.19,0.0,0.0
PARTIDOR,PARTIDOR,-4.64864,-80.26316,0.0,0.0,0.0,0.0,0.0,0.0,0.0,0.0,0.0,0.06,0.0,0.0,0.0,0.0,0.0,0.0,0.0,0.0,0.0,0.0
PARURO,PARURO,-13.76697,-71.84469,0.12,0.06,0.0,0.25,0.5,1.25,0.69,0.56,1.56,0.19,0.25,0.56,1.31,1.62,0.25,0.5,4.25,0.62,0.56,0.19
PASABAR,PASABAR,-5.83722,-79.81908,0.0,0.0,0.0,0.0,0.0,0.06,0.0,0.0,0.0,0.0,0.0,0.0,0.0,0.0,0.0,0.0,0.0,0.0,0.0,0.0
PAUCARAY,PAUCARAY,-14.06056,-73.63862,0.12,0.94,1.75,0.56,0.88,0.56,0.75,1.62,1.19,1.06,0.56,0.38,0.69,3.12,6.81,0.12,0.38,3.81,0.12,0.0
PAUCARBAMBA,PAUCARBAMBA,-12.55572,-74.53592,2.0,1.62,0.75,0.06,2.75,2.19,1.31,1.25,3.06,2.19,0.31,0.25,1.0,1.25,0.06,0.56,2.5,4.69,0.69,0.06
PAUZA,PAUZA,-15.29194,-73.35778,0.0,0.0,0.0,0.0,0.25,2.81,0.25,0.12,0.62,2.44,0.06,0.0,0.25,4.25,0.38,0.0,0.06,1.69,0.19,0.0
PEBAS,PEBAS,-3.31877,-71.85883,0.0,0.0,0.06,0.19,0.0,0.56,0.5,0.0,0.12,0.19,5.69,0.69,0.0,1.0,1.62,2.62,0.0,0.0,0.06,0.31
PICHANAKI,PICHANAKI,-10.93353,-74.86681,0.12,1.31,3.25,3.69,5.19,4.5,2.88,7.75,3.06,0.12,0.0,0.0,0.0,0.0,0.0,0.0,0.0,0.69,1.56,0.0
PICOTA,PICOTA,-6.91989,-76.33021,0.25,0.5,0.69,0.56,1.0,0.0,0.0,0.12,0.19,5.62,2.62,3.5,0.56,2.0,0.81,0.0,0.0,0.25,0.56,3.06
PICOY,PICOY,-10.92162,-76.73701,0.44,1.75,0.31,0.0,0.31,0.69,0.19,0.19,0.38,0.69,0.06,0.0,0.19,0.88,0.19,0.44,0.31,0.19,0.0,0.0
PILCHACA,PILCHACA,-12.39939,-75.08411,1.44,3.62,0.88,1.25,1.25,1.88,1.38,1.5,1.69,0.69,0.38,0.44,0.62,1.38,2.5,2.88,1.56,5.94,0.44,0.0
PILLONES,PILLONES,-15.98125,-71.21669,0.0,0.0,0.0,0.0,0.31,0.31,0.0,0.0,0.44,3.0,0.38,0.0,0.62,3.69,0.94,0.88,1.0,3.56,0.0,0.0
PILLUANA,PILLUANA,-6.77631,-76.29056,0.31,0.38,2.31,0.25,2.19,0.19,0.0,0.0,0.88,5.56,0.94,1.31,1.06,5.75,0.31,0.06,0.0,0.38,0.25,2.62
PIRA,PIRA,-9.58353,-77.70719,0.25,1.56,3.38,0.19,0.12,0.12,0.88,0.62,0.44,0.62,0.69,0.06,0.06,0.56,0.56,0.44,0.12,0.62,0.0,0.0
PIRCA,PIRCA,-11.24947,-76.65513,0.25,1.81,0.25,0.0,0.12,0.31,0.06,0.06,0.06,0.38,0.06,0.0,0.06,0.19,0.12,0.44,0.06,0.06,0.0,0.0
PISAC,PISAC,-13.4195,-71.85086,0.12,0.69,0.12,0.44,0.81,0.94,0.5,0.81,5.12,1.0,0.5,0.88,2.12,3.0,0.31,0.38,3.0,0.69,0.75,0.88
PISCOBAMBA II,PISCOBAMBA II,-8.87045,-77.35072,0.25,0.38,0.06,0.12,0.75,0.31,0.25,1.19,0.81,0.38,0.06,0.0,0.19,0.62,0.06,0.12,0.19,1.88,1.38,0.62
PIZACOMA,PIZACOMA,-16.90435,-69.36953,0.0,0.0,0.0,0.0,0.12,6.5,5.62,3.31,0.75,3.5,2.5,0.12,0.56,13.19,2.0,1.88,0.69,0.88,0.0,0.0
POMABAMBA,POMABAMBA,-8.8217,-77.45733,0.62,1.25,0.5,0.19,0.75,0.5,0.62,0.56,0.69,0.75,0.25,0.06,0.12,0.56,0.0,0.06,0.19,1.88,1.88,0.75
POMACANCHI,POMACANCHI,-14.02781,-71.57258,0.44,0.12,0.0,0.0,0.25,0.31,0.38,0.19,0.62,0.06,0.25,0.69,1.0,1.56,0.06,0.62,3.62,2.69,0.56,0.0
PONGO DE CAYNARACHI,PONGO DE CAYNARACHI,-6.33047,-76.28175,0.06,0.38,2.06,0.06,1.62,0.75,0.0,1.62,0.19,0.31,1.38,3.81,0.69,28.25,0.06,0.0,0.0,0.12,0.06,0.06
PORCULLA,PORCULLA,-5.84722,-79.50833,0.0,0.44,0.0,0.0,0.0,0.44,0.38,0.0,0.06,0.12,0.0,0.0,0.12,0.19,0.0,0.0,0.0,0.25,0.0,0.0
PORPERA,PORPERA,-15.3142,-71.30639,0.0,0.69,2.0,0.69,1.44,3.69,1.69,0.88,1.0,1.12,0.06,0.5,1.0,3.06,4.25,7.12,0.75,3.62,1.56,0.06
POZUZO,POZUZO,-10.08681,-75.54622,1.12,3.25,2.5,2.12,7.81,3.38,2.44,4.5,3.5,1.62,0.0,0.0,0.12,0.06,0.0,0.0,0.19,2.56,0.38,0.0
PROGRESO,PROGRESO,-14.67169,-70.36781,0.06,0.38,0.19,0.0,0.06,2.44,0.0,0.0,0.25,0.0,0.0,0.06,0.31,5.5,0.12,0.38,4.5,5.31,1.12,0.12
PUCALLPA - HUIMBAYOC,PUCALLPA - HUIMBAYOC,-6.4575,-75.84694,0.0,0.06,0.06,1.19,2.44,0.38,0.5,1.5,0.0,3.44,5.12,3.31,0.19,2.94,0.0,0.0,0.0,0.31,0.25,0.19
PUCARA,PUCARA,-15.04567,-70.37278,0.0,0.06,1.06,0.0,0.0,2.19,0.06,0.44,0.25,0.25,0.0,0.06,0.06,5.31,0.81,0.75,2.19,3.94,4.19,0.12
PUCHACA,PUCHACA,-6.37361,-79.46951,0.06,0.06,0.0,0.0,0.0,0.06,0.0,0.0,0.06,0.12,0.0,0.0,0.0,0.06,0.0,0.0,0.0,0.06,0.0,0.0
PUENTE INAMBARI,PUENTE INAMBARI,-13.18638,-70.38401,0.19,0.69,0.69,1.25,1.38,0.5,0.12,0.25,0.19,0.19,0.0,0.0,0.0,0.0,0.0,0.0,0.0,1.25,0.25,5.94
PUENTE MAGDALENA,PUENTE MAGDALENA,-11.7113,-76.83719,0.0,0.69,0.19,0.0,0.0,0.06,0.0,0.0,0.0,0.0,0.0,0.0,0.0,0.0,0.0,0.0,0.0,0.0,0.0,0.0
PUERTO ALMENDRA,PUERTO ALMENDRA,-3.82861,-73.37704,0.0,0.19,1.06,0.06,0.06,1.19,1.25,0.0,0.06,1.81,0.56,3.44,0.25,0.0,2.0,0.56,0.0,0.12,0.0,0.0
PUERTO INCA,PUERTO INCA,-9.38511,-74.96375,0.06,0.31,2.5,2.56,0.19,0.56,5.06,4.06,0.12,0.0,0.0,0.0,0.06,0.0,0.0,0.0,0.0,0.0,0.0,0.0
PUERTO MALDONADO,PUERTO MALDONADO,-12.5873,-69.20885,0.0,0.0,0.06,0.0,0.0,0.06,0.0,0.0,0.0,0.25,0.25,1.56,0.0,0.0,0.0,0.12,0.12,0.06,0.06,1.0
PUERTO OCOPA,PUERTO OCOPA,-11.14669,-74.30507,0.06,0.75,1.5,2.44,5.06,4.94,0.56,5.81,0.69,0.25,0.0,0.06,0.0,0.0,0.0,0.0,0.0,2.19,3.69,0.0
PUERTO PIZARRO,PUERTO PIZARRO,-3.5038,-80.39504,0.0,0.06,0.0,0.0,0.06,0.0,0.06,0.0,0.0,0.0,0.0,0.0,0.0,0.0,0.06,0.06,0.0,0.0,0.0,0.0
PUICA,PUICA,-15.07722,-72.67594,0.0,0.12,0.0,0.38,2.12,3.19,1.06,0.56,1.56,2.81,0.25,0.19,1.69,4.19,3.38,0.0,0.25,1.5,0.12,0.0
PULLHUAY (AYAHUASI),PULLHUAY (AYAHUASI),-15.16261,-72.74393,0.0,0.0,0.0,0.06,1.0,0.81,0.31,0.25,1.25,0.62,0.0,0.0,1.12,3.5,2.38,0.0,0.19,2.56,0.44,0.0
PUNCHANA,PUNCHANA,-3.75696,-73.27226,0.0,0.38,0.44,0.06,0.12,0.31,1.0,0.0,0.0,3.69,1.25,3.94,0.0,0.06,2.75,1.06,0.0,0.12,0.0,0.5
PUNO,PUNO,-15.82333,-70.01806,0.0,0.25,0.38,0.0,0.0,1.81,8.75,0.25,1.81,3.5,0.0,0.0,0.12,4.0,2.25,14.12,2.56,1.88,2.06,0.12
PUNTA ATICO,PUNTA ATICO,-16.23174,-73.69638,0.0,0.0,0.0,0.0,0.0,0.06,0.0,0.0,0.0,0.0,0.0,0.0,0.19,0.12,0.0,0.0,0.0,0.0,0.0,0.0
PUNTA COLES,PUNTA COLES,-17.69861,-71.37331,0.0,0.0,0.0,0.0,0.0,0.0,0.0,0.0,0.0,0.0,0.0,0.0,0.0,0.0,0.0,0.0,0.0,0.0,0.0,0.0
PUQUINA,PUQUINA,-16.62978,-71.18475,0.0,0.0,0.0,0.0,0.0,0.0,0.0,0.0,0.0,0.12,0.62,0.0,0.0,0.25,0.12,0.06,0.12,0.19,0.0,0.0
PUQUIO,PUQUIO,-14.71594,-74.14826,0.0,0.0,0.0,0.69,1.0,1.38,1.0,0.75,1.06,2.38,2.06,0.25,0.44,0.75,0.06,0.0,0.06,0.0,0.0,0.0
PUTINA,PUTINA,-14.921,-69.87569,0.0,0.12,0.0,0.0,0.0,3.31,0.06,0.25,0.31,0.0,0.0,0.0,0.12,7.56,0.19,0.44,2.31,11.56,2.12,0.0
QUEBRADA SHUGAR,QUEBRADA SHUGAR,-6.69472,-78.4575,1.0,3.44,0.75,1.31,0.5,2.31,1.44,0.75,0.06,0.06,0.0,0.0,0.25,1.19,0.25,0.06,1.81,4.25,0.31,0.12
QUEBRADA YANATILE,QUEBRADA YANATILE,-12.67884,-72.27849,1.38,4.88,0.5,0.25,1.94,2.69,0.44,0.19,3.88,1.19,0.06,0.0,2.12,1.94,0.0,0.12,1.75,3.81,1.31,0.62
QUILCATE,QUILCATE,-6.82275,-78.744,1.69,3.44,0.19,0.38,0.44,1.19,0.81,0.75,0.06,0.5,0.0,0.0,0.12,1.94,0.31,0.06,1.38,3.88,0.44,0.31
QUILLABAMBA,QUILLABAMBA,-12.85645,-72.69174,0.75,3.81,2.25,2.0,6.12,4.25,0.06,2.12,1.81,1.94,0.06,0.19,0.62,0.06,0.06,0.19,1.81,2.62,2.06,0.19
QUINCEMIL,QUINCEMIL,-13.22893,-70.7544,0.56,1.44,0.31,2.06,3.5,1.31,0.06,0.75,0.5,0.12,0.0,0.06,0.0,0.12,0.0,0.06,0.12,2.69,0.69,5.62
QUINISTAQUILLAS,QUINISTAQUILLAS,-16.74972,-70.87858,0.0,0.0,0.0,0.0,0.0,0.0,0.0,0.0,0.06,0.12,0.62,0.0,0.06,0.25,0.12,0.06,0.88,1.06,0.0,0.0
QUIRUVILCA,QUIRUVILCA,-8.00422,-78.32458,0.19,1.0,0.81,0.0,0.19,0.31,0.44,0.94,0.19,0.38,0.06,0.0,0.12,0.31,0.06,0.0,0.31,1.94,1.56,1.12
RECUAY,RECUAY,-9.72947,-77.45403,0.31,1.44,1.44,0.12,0.25,0.38,0.62,0.62,0.5,0.56,0.38,0.0,0.12,0.62,0.38,0.5,0.31,0.75,0.0,0.0
REQUE,REQUE,-6.88613,-79.8355,0.0,0.0,0.06,0.0,0.0,0.0,0.0,0.0,0.0,0.0,0.0,0.06,0.0,0.0,0.0,0.0,0.0,0.0,0.0,0.06
REQUENA,REQUENA,-5.04307,-73.83614,0.0,0.19,2.62,3.38,0.0,0.88,0.0,0.0,0.0,0.62,1.19,1.38,0.31,0.88,4.44,0.06,0.0,0.38,0.12,0.12
RICRAN,RICRAN,-11.54001,-75.5273,0.75,0.81,0.19,0.25,1.38,1.56,0.44,1.75,4.88,0.81,0.12,0.0,0.19,0.44,0.06,0.0,1.81,4.12,0.12,0.06
RINCON DE LA CRUZ,RINCON DE LA CRUZ,-15.99017,-69.80961,0.0,0.0,0.38,0.06,0.19,5.38,17.69,0.75,1.5,4.12,0.44,0.06,0.0,10.25,2.81,14.69,3.75,3.06,2.0,0.12
RIO BLANCO,RIO BLANCO,-11.73447,-76.25967,0.94,3.31,0.31,0.0,0.19,3.56,0.81,0.44,1.31,0.69,0.06,0.0,0.31,2.25,0.38,0.44,0.19,0.0,0.0,0.0
RIO GRANDE,RIO GRANDE,-14.54314,-75.22028,0.0,0.0,0.0,0.0,0.0,0.0,0.0,0.0,0.0,0.0,0.0,0.0,0.0,0.0,0.0,0.0,0.0,0.0,0.0,0.0
RUNATULLO,RUNATULLO,-11.61811,-75.01225,2.94,3.38,0.19,1.25,2.88,2.5,0.56,6.88,7.44,3.44,0.0,0.0,1.12,2.12,0.06,0.25,4.06,6.25,0.12,0.0
SALALA,SALALA,-5.11153,-79.46349,0.31,1.06,0.12,0.0,0.12,0.56,0.19,1.0,1.38,0.44,0.0,0.0,0.19,0.56,0.0,0.0,0.06,0.69,0.0,0.0
SALAMANCA,SALAMANCA,-15.50294,-72.83203,0.0,0.0,0.0,0.69,1.38,0.62,0.06,0.62,1.12,0.56,0.0,0.06,0.81,2.0,0.62,0.0,0.5,3.94,0.31,0.0
SALCABAMBA,SALCABAMBA,-12.20399,-74.77936,1.44,2.81,0.75,0.19,2.31,4.69,1.0,1.56,2.62,1.56,0.0,0.19,0.69,0.69,0.38,1.44,2.75,8.25,0.5,0.0
SALCCA,SALCCA,-14.16997,-71.23187,0.06,0.44,0.06,0.06,0.12,0.12,0.06,0.06,0.56,0.38,0.12,0.19,0.75,0.75,0.06,0.75,2.62,2.0,0.94,0.12
SALLIQUE,SALLIQUE,-5.65886,-79.31264,0.5,0.94,0.5,0.25,0.31,0.69,0.62,0.38,1.12,1.31,0.44,0.0,0.75,1.06,0.06,0.0,0.06,0.06,0.12,0.0
SALPO,SALPO,-8.00534,-78.62377,0.25,3.88,2.62,0.06,0.19,0.75,1.31,1.44,0.25,0.38,0.06,0.0,0.06,0.25,0.12,0.0,0.12,2.56,1.0,0.31
SAMA GRANDE,SAMA GRANDE,-17.78758,-70.48961,0.0,0.0,0.0,0.0,0.0,0.0,0.0,0.0,0.0,0.0,0.0,0.0,0.0,0.0,0.0,0.12,0.0,0.0,0.0,0.0
SAN ALEJANDRO,SAN ALEJANDRO,-8.83028,-75.20333,0.0,0.38,0.31,4.12,0.0,0.31,2.88,1.31,0.06,0.0,0.0,0.06,0.31,0.0,0.0,0.0,0.0,0.0,0.12,0.0
SAN ANTONIO,SAN ANTONIO,-6.41274,-76.4072,0.19,1.56,3.56,0.06,2.19,2.25,0.0,0.44,0.06,0.81,1.06,3.94,4.62,11.06,0.19,0.0,0.0,0.06,1.31,0.69
SAN BENITO,SAN BENITO,-7.41153,-78.92673,0.0,0.0,0.19,0.0,0.0,0.06,0.0,0.06,0.0,0.0,0.0,0.0,0.0,0.0,0.0,0.0,0.0,0.06,0.0,0.0
SAN CAMILO,SAN CAMILO,-14.07331,-75.72768,0.0,0.0,0.0,0.0,0.0,0.0,0.0,0.0,0.0,0.0,0.0,0.0,0.0,0.0,0.0,0.0,0.0,0.0,0.0,0.0
SAN GABAN,SAN GABAN,-13.46087,-70.40999,1.0,2.62,0.69,0.38,2.0,2.19,0.06,1.06,3.38,1.38,0.06,0.06,0.5,1.19,0.19,0.62,1.88,3.56,1.06,5.88
SAN IGNACIO,SAN IGNACIO,-5.14514,-78.99512,2.0,2.12,0.81,0.06,0.31,0.31,1.06,1.56,4.5,1.0,0.0,0.06,0.25,3.0,0.12,0.06,0.06,0.06,0.0,0.0
SAN JUAN,SAN JUAN,-7.29756,-78.49106,0.06,4.56,1.88,0.0,0.06,1.25,0.94,0.5,0.0,0.06,0.0,0.0,0.0,0.25,0.0,0.0,0.06,2.38,1.06,0.69
SAN JUAN DE CASTROVIRREYNA,SAN JUAN DE CASTROVIRREYNA,-13.21198,-75.64389,0.0,0.0,0.0,0.12,0.0,0.44,0.69,0.0,0.0,0.38,0.38,0.06,0.06,0.0,0.0,0.0,0.0,0.0,0.0,0.0
SAN JUAN DE JARPA,SAN JUAN DE JARPA,-12.12453,-75.43178,0.56,1.75,0.06,0.06,0.75,0.56,0.69,0.56,2.25,0.56,0.44,0.12,0.06,1.06,0.62,0.12,0.12,1.5,0.31,0.06
SAN JUAN DE YANAC,SAN JUAN DE YANAC,-13.22725,-75.78697,0.0,0.0,0.0,0.12,0.0,0.44,0.69,0.0,0.0,0.38,0.38,0.06,0.06,0.0,0.0,0.0,0.0,0.0,0.0,0.0
SAN LAZARO DE ESCOMARCA,SAN LAZARO DE ESCOMARCA,-12.18088,-76.35207,0.06,0.19,0.06,0.0,0.0,0.12,0.06,0.06,0.06,0.12,0.0,0.0,0.06,0.06,0.0,0.0,0.0,0.0,0.0,0.0
SAN LORENZO,SAN LORENZO,-4.81694,-76.70028,1.25,2.75,2.38,0.44,0.0,0.12,0.56,2.5,0.75,2.19,0.5,0.12,0.12,3.0,2.44,0.0,0.0,0.0,0.0,0.0
SAN MARCOS,SAN MARCOS,-7.32249,-78.1727,0.19,0.81,0.25,0.0,0.25,0.12,0.19,0.5,0.0,0.0,0.0,0.0,0.06,0.31,0.0,0.0,0.25,0.94,0.88,0.75
SAN MATEO DE HUANCHOR,SAN MATEO DE HUANCHOR,-11.76044,-76.30128,0.94,3.31,0.31,0.0,0.19,3.56,0.81,0.44,1.31,0.69,0.06,0.0,0.31,2.25,0.38,0.44,0.19,0.0,0.0,0.0
SAN MATEO DE OTAO,SAN MATEO DE OTAO,-11.84695,-76.56361,0.38,1.75,0.31,0.0,0.06,1.44,0.31,0.12,0.44,0.12,0.0,0.0,0.06,0.31,0.06,0.19,0.0,0.0,0.0,0.0
SAN MIGUEL,SAN MIGUEL,-5.2462,-80.68436,0.0,0.0,0.0,0.0,0.0,0.0,0.0,0.0,0.0,0.0,0.0,0.0,0.0,0.0,0.0,0.0,0.0,0.0,0.0,0.0
SAN PABLO,SAN PABLO,-6.80956,-76.57625,0.0,0.31,2.5,0.19,0.62,0.31,0.0,0.06,0.12,1.19,0.5,1.38,0.81,2.25,1.44,0.25,0.0,0.0,2.06,2.19
SAN PEDRO DE CACHI,SAN PEDRO DE CACHI,-13.06528,-74.35861,0.19,0.06,0.12,2.06,1.25,0.38,1.81,2.88,3.81,1.19,0.38,0.38,0.31,0.06,0.44,4.31,0.75,3.0,0.88,0.0
SAN PEDRO DE HUACARPANA,SAN PEDRO DE HUACARPANA,-13.06453,-75.66304,0.06,0.25,0.12,0.25,0.19,1.44,1.06,0.06,0.12,1.31,0.88,0.56,0.31,0.44,0.06,0.0,0.06,0.06,0.0,0.0
SAN RAFAEL,SAN RAFAEL,-10.32925,-76.17658,0.38,0.62,0.44,0.38,1.56,1.12,0.88,2.38,1.81,1.12,0.06,0.0,0.06,0.0,0.06,0.0,0.25,3.25,0.38,0.31
SAN RAMON,SAN RAMON,-5.93559,-76.11813,0.0,0.25,0.56,0.44,0.0,0.25,0.06,3.06,0.19,0.69,1.62,1.12,0.12,14.38,0.94,0.06,0.0,0.12,0.5,0.0
SAN REGIS,SAN REGIS,-4.51301,-73.90751,0.0,2.62,0.19,0.06,0.0,2.0,0.94,1.5,2.06,3.0,0.06,2.5,0.06,0.06,1.19,1.06,0.0,9.81,0.0,0.0
SAN ROQUE,SAN ROQUE,-3.75322,-73.25992,0.0,0.38,0.44,0.06,0.12,0.31,1.0,0.0,0.0,3.69,1.25,3.94,0.0,0.06,2.75,1.06,0.0,0.12,0.0,0.5
SANTA ANA,SANTA ANA,-12.00956,-75.22158,0.31,1.5,0.25,0.25,1.19,0.81,0.62,0.62,2.62,1.0,0.12,0.06,0.44,0.94,0.06,0.06,0.5,2.12,0.44,0.06
SANTA CRUZ,SANTA CRUZ,-6.61657,-78.94761,0.06,0.12,0.06,0.0,0.12,0.12,0.06,0.12,0.12,0.25,0.0,0.0,0.0,0.12,0.06,0.0,0.12,0.06,0.06,0.0
SANTA EULALIA,SANTA EULALIA,-11.92,-76.66664,0.0,0.0,0.0,0.0,0.0,0.0,0.0,0.0,0.0,0.0,0.0,0.0,0.0,0.0,0.06,0.0,0.0,0.0,0.0,0.0
SANTA LUCIA,SANTA LUCIA,-15.71074,-70.61594,0.0,0.25,0.62,0.0,0.31,5.06,0.62,4.19,1.81,4.88,0.62,0.0,0.56,1.56,0.25,3.0,1.81,1.0,0.06,0.0
SANTA MARIA DE NANAY,SANTA MARIA DE NANAY,-3.08891,-73.69714,0.0,0.69,3.19,0.0,0.0,0.75,0.0,0.0,0.25,0.31,1.44,4.5,0.38,3.12,0.12,2.75,0.0,0.06,0.0,0.12
SANTA MARIA DE NIEVA,SANTA MARIA DE NIEVA,-4.83083,-77.93972,0.75,5.62,0.12,0.0,0.06,1.31,5.75,5.06,1.31,0.62,0.12,0.38,0.06,0.38,0.44,0.0,0.0,0.0,0.0,0.0
SANTA ROSA,SANTA ROSA,-14.61781,-70.79278,0.0,3.06,0.81,0.0,0.5,2.0,0.0,0.06,1.44,0.94,0.0,0.06,0.88,4.25,0.25,0.38,3.19,2.38,0.38,0.25
SANTIAGO DE CHOCORVOS,SANTIAGO DE CHOCORVOS,-13.83,-75.25417,0.0,0.0,0.62,0.19,0.38,0.44,1.62,0.25,0.19,0.44,0.06,0.06,0.06,0.12,0.06,0.0,0.06,0.0,0.0,0.0
SANTIAGO DE TUNA,SANTIAGO DE TUNA,-11.98322,-76.52419,0.0,0.0,0.0,0.0,0.0,0.19,0.06,0.0,0.0,0.06,0.0,0.0,0.0,0.0,0.0,0.06,0.0,0.0,0.0,0.0
SANTO DOMINGO,SANTO DOMINGO,-5.03825,-79.88715,0.06,0.44,0.06,0.0,0.0,0.19,0.06,0.0,0.0,0.12,0.0,0.0,0.0,0.06,0.06,0.0,0.0,0.12,0.0,0.0
SANTO TOMAS,SANTO TOMAS,-14.39878,-72.08774,0.12,2.19,1.44,0.81,0.56,1.12,0.88,2.12,0.38,1.19,0.31,0.5,0.56,0.38,0.69,2.75,2.62,3.94,0.25,0.0
SAPILLICA,SAPILLICA,-4.79484,-79.99845,0.12,1.19,0.0,0.0,0.0,0.38,0.06,0.0,0.0,0.19,0.0,0.0,0.0,0.19,0.0,0.0,0.0,0.31,0.0,0.0
SAPOSOA,SAPOSOA,-6.94313,-76.76823,0.0,1.06,3.81,0.56,0.12,1.12,0.56,0.44,0.5,0.19,1.12,2.62,0.25,0.56,3.81,0.0,0.0,0.56,2.94,2.06
SATIPO,SATIPO,-11.22467,-74.60869,0.06,1.06,2.75,4.25,3.62,2.69,0.44,5.44,2.88,0.69,0.0,0.0,0.0,0.0,0.0,0.0,0.0,2.0,1.75,0.12
SAUCE,SAUCE,-6.69432,-76.20099,0.31,0.38,2.31,0.25,2.19,0.19,0.0,0.0,0.88,5.56,0.94,1.31,1.06,5.75,0.31,0.06,0.0,0.38,0.25,2.62
SAUSAL DE CULUCAN,SAUSAL DE CULUCAN,-4.75238,-79.77459,0.19,3.06,0.12,0.0,0.0,1.12,0.19,0.0,0.0,0.0,0.0,0.0,0.06,0.38,0.12,0.0,0.0,0.94,0.0,0.0
SHANAO,SHANAO,-6.41312,-76.60028,0.19,1.56,3.56,0.06,2.19,2.25,0.0,0.44,0.06,0.81,1.06,3.94,4.62,11.06,0.19,0.0,0.0,0.06,1.31,0.69
SHEQUE,SHEQUE,-11.67762,-76.48563,0.38,1.75,0.31,0.0,0.06,1.44,0.31,0.12,0.44,0.12,0.0,0.0,0.06,0.31,0.06,0.19,0.0,0.0,0.0,0.0
SIBAYO,SIBAYO,-15.48919,-71.45697,0.0,0.81,0.62,1.88,0.75,3.62,1.25,1.38,1.75,4.12,0.94,0.12,0.38,4.44,3.06,3.12,1.75,2.75,1.56,0.25
SICUANI,SICUANI,-14.23736,-71.23669,0.06,0.44,0.06,0.06,0.12,0.12,0.06,0.06,0.56,0.38,0.12,0.19,0.75,0.75,0.06,0.75,2.62,2.0,0.94,0.12
SIHUAS,SIHUAS,-8.56694,-77.65028,0.44,2.62,0.81,0.06,0.56,0.81,0.25,0.5,0.44,0.19,0.12,0.0,0.31,0.75,0.0,0.0,0.12,1.5,0.88,0.56
SOCSI CAÑETE,SOCSI CAÑETE,-13.03051,-76.20027,0.0,0.0,0.0,0.0,0.0,0.0,0.0,0.0,0.0,0.0,0.0,0.06,0.0,0.0,0.0,0.0,0.0,0.0,0.0,0.0
SONDOR-MATARA,SONDOR-MATARA,-7.23688,-78.21262,0.19,0.81,0.25,0.0,0.25,0.12,0.19,0.5,0.0,0.0,0.0,0.0,0.06,0.31,0.0,0.0,0.25,0.94,0.88,0.75
SONDORILLO,SONDORILLO,-5.33979,-79.43137,0.31,1.0,0.0,0.0,0.06,0.38,0.19,1.19,2.5,0.56,0.0,0.0,0.25,0.62,0.0,0.0,0.06,0.5,0.0,0.0
SORITOR,SORITOR,-6.142,-77.09179,2.19,8.06,1.75,0.06,4.19,1.56,0.0,0.0,1.31,3.0,0.0,0.75,7.81,3.69,0.19,0.0,0.38,4.94,0.5,0.0
SUSAPAYA,SUSAPAYA,-17.34772,-70.11806,0.0,0.0,0.0,0.0,0.12,0.06,0.06,1.25,0.75,2.81,1.38,0.25,1.88,2.88,3.69,1.38,4.12,1.5,0.0,0.0
TABACONAS,TABACONAS,-5.31515,-79.28488,0.44,1.12,0.19,0.0,0.25,0.56,0.5,1.81,5.12,1.06,0.0,0.06,0.56,0.75,0.0,0.0,0.25,1.06,0.12,0.0
TABALOSOS,TABALOSOS,-6.39533,-76.62533,1.19,3.69,1.56,0.06,5.88,2.25,0.0,0.06,1.06,3.06,0.25,2.0,7.31,6.62,0.69,0.0,0.31,1.0,0.88,0.25
TACAMA,TACAMA,-13.99978,-75.75386,0.0,0.0,0.0,0.0,0.0,0.0,0.0,0.0,0.0,0.0,0.0,0.0,0.0,0.0,0.0,0.0,0.0,0.0,0.0,0.0
TAHUACO - YUNGUYO,TAHUACO - YUNGUYO,-16.305,-69.0675,0.0,0.0,0.06,0.56,0.44,0.12,5.19,0.56,0.44,0.19,0.06,0.0,0.0,6.75,15.25,8.62,0.94,4.75,0.94,0.0
TALABAYA,TALABAYA,-17.55255,-69.98678,0.0,0.0,0.0,0.0,0.0,0.0,0.0,0.38,0.25,0.31,0.12,0.56,0.62,1.38,4.0,1.56,1.69,0.19,0.0,0.0
TALLA (GUADALUPE),TALLA (GUADALUPE),-7.28009,-79.41906,0.0,0.0,0.25,0.0,0.0,0.0,0.0,0.0,0.0,0.0,0.0,0.0,0.0,0.0,0.0,0.0,0.0,0.0,0.0,0.0
TAMANCO,TAMANCO,-5.79207,-74.28904,0.0,0.06,0.06,3.56,0.12,0.0,1.62,0.75,0.0,1.69,1.38,0.31,0.0,0.31,1.0,4.19,0.0,0.19,0.12,4.44
TAMBO,TAMBO,-13.69163,-75.27418,0.0,0.0,0.62,0.19,0.38,0.44,1.62,0.25,0.19,0.44,0.06,0.06,0.06,0.12,0.06,0.0,0.06,0.0,0.0,0.0
TAMBOBAMBA,TAMBOBAMBA,-13.94492,-72.17522,0.5,0.5,0.06,0.06,0.88,1.19,0.31,1.25,1.62,2.12,0.5,1.31,1.06,0.5,0.06,2.5,3.62,2.44,1.06,0.0
TAMSHIYACU,TAMSHIYACU,-4.00356,-73.16112,0.0,0.06,0.44,0.06,0.06,0.25,1.38,0.0,0.06,5.56,1.06,4.19,0.06,0.19,1.81,1.56,0.0,0.06,0.38,0.25
TANANTA,TANANTA,-8.10972,-76.59556,2.5,6.81,4.38,3.19,4.81,2.88,3.12,1.25,2.44,2.25,0.5,3.5,3.88,1.44,0.0,0.0,0.0,0.25,1.0,0.31
TANTA,TANTA,-12.11694,-76.01694,1.25,4.25,0.44,0.0,0.38,1.62,1.38,1.06,1.88,1.12,0.12,0.06,0.38,2.5,0.69,0.75,0.38,0.06,0.0,0.0
TARACO,TARACO,-15.305,-69.9825,0.0,0.06,0.06,0.0,0.0,1.56,0.31,0.19,0.44,0.31,0.0,0.0,0.0,3.25,1.12,1.19,0.62,7.62,1.94,0.0
TARAPOTO,TARAPOTO,-6.47597,-76.37039,0.06,0.44,2.81,0.0,3.25,0.88,0.0,0.56,0.12,0.44,1.12,2.56,1.44,8.94,0.06,0.0,0.0,0.31,0.19,0.44
TARATA,TARATA,-17.47936,-70.03664,0.0,0.0,0.0,0.0,0.0,0.0,0.0,0.38,0.25,0.31,0.12,0.56,0.62,1.38,4.0,1.56,1.69,0.19,0.0,0.0
TARMA,TARMA,-11.39672,-75.68991,1.19,0.81,0.06,0.06,0.56,0.56,1.56,1.25,2.81,0.38,0.06,0.06,0.19,1.31,0.56,0.12,0.5,5.62,0.38,0.06
TINGO DE PONAZA,TINGO DE PONAZA,-6.93722,-76.25267,0.25,0.5,0.69,0.56,1.0,0.0,0.0,0.12,0.19,5.62,2.62,3.5,0.56,2.0,0.81,0.0,0.0,0.25,0.56,3.06
TINGO MARIA,TINGO MARIA,-9.2935,-75.98383,0.31,5.5,5.56,3.25,3.69,3.06,3.06,1.19,2.5,0.31,0.0,0.0,0.06,0.0,0.0,0.0,0.0,1.25,1.75,0.75
TISCO,TISCO,-15.34577,-71.44701,0.0,3.38,2.88,1.5,1.06,3.94,1.88,0.81,1.31,2.12,0.44,0.12,0.25,2.31,4.5,4.44,0.75,3.0,1.19,0.25
TOCMOCHE,TOCMOCHE,-6.41009,-79.35572,0.06,0.12,0.0,0.0,0.0,0.19,0.0,0.0,0.0,0.12,0.0,0.0,0.0,0.19,0.0,0.0,0.0,0.06,0.06,0.0
TOURNAVISTA,TOURNAVISTA,-8.92972,-74.71667,0.0,0.19,0.56,0.38,0.31,0.88,0.69,4.62,0.31,0.06,1.06,0.88,0.0,0.12,0.0,0.0,0.0,0.0,0.0,0.0
TRUJILLO,TRUJILLO,-8.11203,-78.9851,0.0,0.0,0.0,0.0,0.0,0.0,0.0,0.0,0.0,0.0,0.0,0.0,0.0,0.0,0.0,0.0,0.0,0.0,0.0,0.0
TULUMAYO,TULUMAYO,-9.10028,-75.90028,1.94,5.56,4.5,1.44,4.81,2.94,3.0,1.0,3.44,0.38,0.0,0.0,0.12,0.31,0.0,0.0,0.06,3.25,1.44,0.38
TUMILACA,TUMILACA,-17.12773,-70.83694,0.0,0.0,0.0,0.0,0.0,0.0,0.0,0.0,0.0,0.0,0.19,0.06,0.0,0.31,0.31,0.44,0.31,0.0,0.0,0.0
UBINAS,UBINAS,-16.38878,-70.85406,0.0,0.0,0.0,0.0,0.0,0.12,0.0,0.0,1.19,3.12,0.19,0.19,0.69,2.5,1.31,1.06,1.25,4.88,0.06,0.0
UDIMA,UDIMA,-6.81474,-79.09377,1.12,1.5,0.31,0.06,0.25,0.69,0.12,0.25,0.25,2.0,0.0,0.0,0.12,0.69,0.12,0.06,0.69,1.75,0.31,0.06
UNJF SANCHEZ CARRION - HUACHO,UNJF SANCHEZ CARRION - HUACHO,-11.12386,-77.60603,0.0,0.0,0.0,0.0,0.0,0.0,0.0,0.0,0.0,0.0,0.0,0.0,0.0,0.0,0.0,0.0,0.0,0.0,0.0,0.0
URUBAMBA,URUBAMBA,-13.30517,-72.12456,0.69,0.62,0.25,0.12,2.06,0.75,0.62,1.38,3.38,2.75,0.19,0.44,3.69,3.5,0.19,1.25,3.19,2.38,1.38,0.31
VILCASHUAMAN,VILCASHUAMAN,-13.66881,-73.95239,0.38,3.12,1.5,0.81,1.69,0.69,0.5,2.44,2.25,0.62,1.19,1.06,0.56,3.38,11.69,0.5,1.06,3.44,0.06,0.0
VIQUES,VIQUES,-12.15603,-75.22831,0.19,4.56,1.25,0.5,0.94,1.75,1.88,0.75,2.38,1.44,0.31,0.44,0.25,2.06,2.38,0.38,0.56,2.38,0.19,0.06
WAYLLAPAMPA,WAYLLAPAMPA,-13.0765,-74.2165,0.19,0.06,0.12,2.06,1.25,0.38,1.81,2.88,3.81,1.19,0.38,0.38,0.31,0.06,0.44,4.31,0.75,3.0,0.88,0.0
YACANGO,YACANGO,-17.09078,-70.85033,0.0,0.0,0.0,0.0,0.0,0.0,0.0,0.0,0.0,0.06,0.56,0.0,0.06,1.75,0.94,0.62,1.81,0.56,0.0,0.0
YANAHUANCA,YANAHUANCA,-10.4896,-76.51291,0.62,1.56,0.5,0.38,1.0,1.06,1.38,3.12,1.69,0.94,0.31,0.0,0.31,1.06,0.19,0.0,0.31,2.88,0.38,0.06
YANAQUIHUA,YANAQUIHUA,-15.7765,-72.87583,0.0,0.0,0.0,0.06,0.0,0.0,0.0,0.06,0.0,0.0,0.0,0.0,0.0,0.06,0.0,0.0,0.0,1.38,0.0,0.0
YANTAC,YANTAC,-11.34583,-76.40453,0.75,5.19,0.25,0.0,0.38,1.06,0.5,0.31,0.94,0.5,0.06,0.0,0.38,2.38,0.94,0.56,0.25,0.06,0.0,0.0
YAULI,YAULI,-11.66667,-76.08333,1.31,4.06,0.25,0.0,0.5,1.62,1.69,1.12,2.25,0.94,0.25,0.12,0.19,4.31,1.88,0.44,0.44,0.31,0.0,0.0
YAUYOS,YAUYOS,-12.49173,-75.91039,0.12,0.56,0.06,0.0,0.06,1.0,0.5,0.12,0.44,0.81,0.06,0.12,0.19,0.69,0.06,0.0,0.06,0.0,0.0,0.0
YUNGAY,YUNGAY,-9.14189,-77.76664,0.25,4.12,3.19,0.19,0.06,0.25,1.12,1.0,0.31,0.5,0.62,0.06,0.06,1.12,0.56,0.56,0.25,1.0,0.06,0.06
ÑAÑA,ÑAÑA,-11.98744,-76.84194,0.0,0.0,0.0,0.0,0.0,0.0,0.0,0.0,0.0,0.0,0.0,0.0,0.0,0.0,0.06,0.0,0.0,0.0,0.0,0.0
