codigo,estacion,categoria,departamento,provincia,latitud,longitud,icono,estado,codigo_antiguo
105075,ARAMANGO,CO,AMAZONAS,BAGUA,-5.41994,-78.43553,M,REAL,
105104,CHIRIACO,CO,AMAZONAS,BAGUA,-5.16144,-78.28806,M,DIFERIDO,000229
472B55E0,PUENTE SALINAS AMOJAO,EHA,AMAZONAS,BAGUA,-5.45096,-78.4894,H,AUTOMATICA,
105079,JAZAN,CO,AMAZONAS,BONGARA,-5.94485,-77.97569,M,REAL,
106011,CHACHAPOYAS,CO,AMAZONAS,CHACHAPOYAS,-6.2083,-77.86712,M,REAL,
104060,SANTA MARIA DE NIEVA,CO,AMAZONAS,CONDORCANQUI,-4.83039,-77.93928,M,DIFERIDO,000256
472C57D4,BAGUA,EAMA,AMAZONAS,UTCUBAMBA,-5.66145,-78.53403,M,AUTOMATICA,
105068,BAGUA CHICA,CP,AMAZONAS,UTCUBAMBA,-5.66148,-78.53396,M,REAL,
472B607A,CORRAL QUEMADO,EHA,AMAZONAS,UTCUBAMBA,-5.75461,-78.69208,H,AUTOMATICA,
106121,EL PALTO,CO,AMAZONAS,UTCUBAMBA,-6.00039,-78.47097,M,DIFERIDO,003332
105040,EL PINTOR,PLU,AMAZONAS,UTCUBAMBA,-5.7562,-78.52286,M,DIFERIDO,152204
105042,JAMALCA,CO,AMAZONAS,UTCUBAMBA,-5.8927,-78.2339,M,REAL,
221501,LOS NARANJOS,HLG,AMAZONAS,UTCUBAMBA,-5.75568,-78.43154,H,REAL,
105046,MAGUNCHAL,PLU,AMAZONAS,UTCUBAMBA,-5.8904,-78.1891,M,DIFERIDO,152210
221506,MAGUNCHAL,HLG,AMAZONAS,UTCUBAMBA,-5.8898,-78.1886,H,DIFERIDO,221506
472B2370,MAGUNCHAL,EHA,AMAZONAS,UTCUBAMBA,-5.88987,-78.18876,H,AUTOMATICA,
220907,NARANJITO,EHA,AMAZONAS,UTCUBAMBA,-5.81968,-78.27598,H,AUTOMATICA,
109016,AIJA,CO,ANCASH,AIJA,-9.78164,-77.60674,M,REAL,
110018,CHIQUIAN,CO,ANCASH,BOLOGNESI,-10.14763,-77.15949,M,REAL,
110040,MAYORARCA,PLU,ANCASH,BOLOGNESI,-10.15775,-77.34889,M,DIFERIDO,150903
109014,BUENA VISTA,CO,ANCASH,CASMA,-9.43371,-78.20825,M,DIFERIDO,000435
109096,BUENA VISTA,EMA,ANCASH,CASMA,-9.43372,-78.20828,M,AUTOMATICA,
109046,CAJAMARQUILLA,CO,ANCASH,HUARAZ,-9.63204,-77.74136,M,REAL,
109045,CHACCHAN,PLU,ANCASH,HUARAZ,-9.53519,-77.77536,M,DIFERIDO,154107
109040,PARIACOTO,CO,ANCASH,HUARAZ,-9.55239,-77.88761,M,REAL,
109048,PIRA,PLU,ANCASH,HUARAZ,-9.58528,-77.70719,M,DIFERIDO,154110
211404,SAN PEDRO,HLM,ANCASH,HUARAZ,-9.60776,-77.50963,H,DIFERIDO,201720
109019,CHAVIN,CO,ANCASH,HUARI,-9.58598,-77.17526,M,REAL,
4725A10C,CHAVIN,EAMA,ANCASH,HUARI,-9.58598,-77.17529,M,AUTOMATICA,
110016,HUARMEY,CO,ANCASH,HUARMEY,-10.06812,-78.16232,M,REAL,
109038,MALVAS,CO,ANCASH,HUARMEY,-9.92723,-77.65519,M,REAL,
109091,SAUCEPAMPA,EMA,ANCASH,HUAYLAS,-9.0309,-77.7763,M,AUTOMATICA,
108103,PISCOBAMBA II,CO,ANCASH,MARISCAL LUZURIAGA,-8.87045,-77.35072,M,REAL,
202404,CAHUA,HLG,ANCASH,OCROS,-10.606,-77.34389,H,DIFERIDO,202404
110051,OCROS,PLU,ANCASH,OCROS,-10.40457,-77.40025,M,DIFERIDO,155105
472182DA,PUENTE CAHUA,EHA,ANCASH,OCROS,-10.60597,-77.34388,H,AUTOMATICA,
108064,CABANA,CP,ANCASH,PALLASCA,-8.39058,-78.00461,M,REAL,
108017,POMABAMBA,CO,ANCASH,POMABAMBA,-8.8217,-77.45733,M,REAL,
110039,CHAMANA,CO,ANCASH,RECUAY,-10.20739,-77.55872,M,REAL,
109095,NUEVO PACHACOTO,PLU,ANCASH,RECUAY,-9.85242,-77.40607,M,DIFERIDO,109095
47E89394,PACHACOTO,EMA,ANCASH,RECUAY,-9.85243,-77.40607,M,AUTOMATICA,
109017,RECUAY,CO,ANCASH,RECUAY,-9.72919,-77.45365,M,REAL,
47259496,RECUAY,EMA,ANCASH,RECUAY,-9.72919,-77.45365,M,AUTOMATICA,
110138,SHAQUEK,EMA,ANCASH,RECUAY,-10.07116,-77.52504,M,AUTOMATICA,
211601,SAN JACINTO,EHA,ANCASH,SANTA,-9.141,-78.2023,H,AUTOMATICA,
108047,SIHUAS,CO,ANCASH,SIHUAS,-8.56667,-77.65,M,REAL,
109018,YUNGAY,CO,ANCASH,YUNGAY,-9.14189,-77.74998,M,REAL,
113136,CUNYAC,PLU,APURIMAC,ABANCAY,-13.56334,-72.57594,M,DIFERIDO,156224
113029,CURAHUASI,CP,APURIMAC,ABANCAY,-13.55253,-72.73487,M,REAL,
113253,CURAHUASI,EMA,APURIMAC,ABANCAY,-13.5526,-72.7349,M,AUTOMATICA,
113225,GRANJA SAN ANTONIO,MAP,APURIMAC,ABANCAY,-13.6049,-72.8569,M,REAL,
47263360,GRANJA SAN ANTONIO,EAMA,APURIMAC,ABANCAY,-13.60492,-72.85693,M,AUTOMATICA,
230503,PUENTE CUNYAC,HLM,APURIMAC,ABANCAY,-13.563,-72.5752,H,REAL,
113025,ANDAHUAYLAS,CO,APURIMAC,ANDAHUAYLAS,-13.64863,-73.36679,M,REAL,
472B16EA,HUACULLO,EMA,APURIMAC,ANTABAMBA,-14.65289,-72.57275,M,AUTOMATICA,
114117,AYMARAES,CO,APURIMAC,AYMARAES,-14.29056,-73.25168,M,REAL,
113138,PAMPAS,CO,APURIMAC,CHINCHEROS,-13.43488,-73.82427,M,REAL,
113246,TANCAYLLO,EMA,APURIMAC,CHINCHEROS,-13.63523,-73.69004,M,AUTOMATICA,
472A1410,CASACCANCHA,EMA,APURIMAC,COTABAMBAS,-13.98923,-72.29832,M,AUTOMATICA,
113059,TAMBOBAMBA,CO,APURIMAC,COTABAMBAS,-13.94492,-72.17522,M,REAL,
114108,CURPAHUASI,CO,APURIMAC,GRAU,-14.0628,-72.6669,M,REAL,
116085,AREQUIPA UV,EMA,AREQUIPA,AREQUIPA,-16.4042,-71.55155,M,AUTOMATICA,
47E26242,BOYADERO,EHA,AREQUIPA,AREQUIPA,-16.58989,-72.00886,H,AUTOMATICA,
116083,CAYMA,PLU,AREQUIPA,AREQUIPA,-16.31689,-71.57919,M,AUTOMATICA,
204710,CHARCANI,HLM,AREQUIPA,AREQUIPA,-16.3109,-71.4949,H,DIFERIDO,204711
472147C4,CHARCANI,EHA,AREQUIPA,AREQUIPA,-16.31086,-71.49511,H,AUTOMATICA,
116020,CHIGUATA,CO,AREQUIPA,AREQUIPA,-16.40644,-71.40913,M,REAL,
116077,CHIGUATA,PLU,AREQUIPA,AREQUIPA,-16.40645,-71.40914,M,AUTOMATICA,
116022,EL FRAYLE,CO,AREQUIPA,AREQUIPA,-16.15482,-71.1891,M,DIFERIDO,000849
116003,HUASACACHE,CO,AREQUIPA,AREQUIPA,-16.45774,-71.56635,M,REAL,
116079,HUASACACHE,EMA,AREQUIPA,AREQUIPA,-16.45774,-71.56635,M,AUTOMATICA,
116005,LA JOYA,MAP,AREQUIPA,AREQUIPA,-16.58359,-71.92464,M,REAL,
116017,LA PAMPILLA,MAP,AREQUIPA,AREQUIPA,-16.4138,-71.53453,M,REAL,
116065,LA PAMPILLA,EMA,AREQUIPA,AREQUIPA,-16.41384,-71.53452,M,AUTOMATICA,
116046,LAS SALINAS,CO,AREQUIPA,AREQUIPA,-16.3206,-71.1521,M,DIFERIDO,158209
116086,LAS SALINAS,EMA,AREQUIPA,AREQUIPA,-16.32064,-71.15212,M,AUTOMATICA,
116043,PAMPA DE ARRIEROS,CO,AREQUIPA,AREQUIPA,-16.0665,-71.5914,M,DIFERIDO,158204
47E360B8,PATAHUASI,EMA,AREQUIPA,AREQUIPA,-16.05542,-71.41481,M,AUTOMATICA,
116073,PATAHUASI-AREQUIPA,CO,AREQUIPA,AREQUIPA,-16.05542,-71.41481,M,DIFERIDO,116073
204707,PUENTE DEL DIABLO,HLG,AREQUIPA,AREQUIPA,-16.42679,-71.67503,H,REAL,
4722E032,PUENTE DEL DIABLO,EHA,AREQUIPA,AREQUIPA,-16.42665,-71.67507,H,AUTOMATICA,
116082,SAN FRANCISCO,PLU,AREQUIPA,AREQUIPA,-16.38519,-71.49044,M,AUTOMATICA,
47E3B6D0,SAN JOSE DE UZUNA,EMA,AREQUIPA,AREQUIPA,-16.58103,-71.32836,M,AUTOMATICA,
47E27134,SOCOSANI,EHA,AREQUIPA,AREQUIPA,-16.25944,-71.72056,H,AUTOMATICA,
204708,TINGO GRANDE,HLG,AREQUIPA,AREQUIPA,-16.45992,-71.57431,H,REAL,
472EE1AE,TINGO GRANDE,EHA,AREQUIPA,AREQUIPA,-16.45992,-71.57431,H,AUTOMATICA,
116078,TUCTUMPAYA,PLU,AREQUIPA,AREQUIPA,-16.48827,-71.33463,M,AUTOMATICA,
116081,YURA,PLU,AREQUIPA,AREQUIPA,-16.30271,-71.62395,M,AUTOMATICA,
116013,CAMANA,CO,AREQUIPA,CAMANA,-16.64395,-72.70432,M,REAL,
116084,CAMANA,PE,AREQUIPA,CAMANA,-16.64395,-72.70432,M,AUTOMATICA,
204621,HACIENDA PAMPATA,HLG,AREQUIPA,CAMANA,-16.54193,-72.69957,H,REAL,
204504,OCOÑA,HLG,AREQUIPA,CAMANA,-16.427,-73.1145,H,REAL,
472D23BE,OCOÑA,EHMA,AREQUIPA,CAMANA,-16.427,-73.1145,H,AUTOMATICA,
115018,CARAVELI,CO,AREQUIPA,CARAVELI,-15.77568,-73.36259,M,REAL,
100026,CHAPARRA,CO,AREQUIPA,CARAVELI,-15.74765,-73.87089,M,REAL,
115133,LOMAS,CO,AREQUIPA,CARAVELI,-15.57119,-74.8503,M,REAL,
116011,PUNTA ATICO,CO,AREQUIPA,CARAVELI,-16.2317,-73.6964,M,REAL,
115085,ANDAGUA,CO,AREQUIPA,CASTILLA,-15.5009,-72.3551,M,REAL,
116014,APLAO,CO,AREQUIPA,CASTILLA,-16.07288,-72.49226,M,REAL,
115088,AYO,CO,AREQUIPA,CASTILLA,-15.6833,-72.2704,M,DIFERIDO,157313
115087,CHACHAS,CO,AREQUIPA,CASTILLA,-15.5025,-72.2686,M,DIFERIDO,157312
115089,CHOCO,CO,AREQUIPA,CASTILLA,-15.5771,-72.1296,M,REAL,
204617,HUATIAPA,HLG,AREQUIPA,CASTILLA,-16.00806,-72.48355,H,REAL,
214400,HUATIAPA,EHA,AREQUIPA,CASTILLA,-16.00806,-72.48355,H,AUTOMATICA,
115129,MACHAHUAY,CO,AREQUIPA,CASTILLA,-15.65321,-72.50322,M,REAL,
115086,ORCOPAMPA,CO,AREQUIPA,CASTILLA,-15.2639,-72.341,M,REAL,
115021,PAMPACOLCA,CO,AREQUIPA,CASTILLA,-15.7167,-72.5683,M,REAL,
115041,CABANACONDE,CO,AREQUIPA,CAYLLOMA,-15.6226,-71.97409,M,REAL,
115022,CAYLLOMA,CO,AREQUIPA,CAYLLOMA,-15.18882,-71.77019,M,REAL,
115025,CHIVAY,CO,AREQUIPA,CAYLLOMA,-15.64163,-71.60169,M,REAL,
4723D752,CHIVAY,EAMA,AREQUIPA,CAYLLOMA,-15.64163,-71.60169,M,AUTOMATICA,
47E8A60E,COTACOTA,EMA,AREQUIPA,CAYLLOMA,-15.21331,-71.38955,M,AUTOMATICA,
115090,HUAMBO,CO,AREQUIPA,CAYLLOMA,-15.73201,-72.10693,M,REAL,
116058,HUANCA,CO,AREQUIPA,CAYLLOMA,-16.03458,-71.88108,M,REAL,
47E3A5A6,HUANCA,EMA,AREQUIPA,CAYLLOMA,-16.03458,-71.88108,M,AUTOMATICA,
115029,IMATA,CO,AREQUIPA,CAYLLOMA,-15.84266,-71.09062,M,REAL,
47E3834A,IMATA,EMA,AREQUIPA,CAYLLOMA,-15.84266,-71.09062,M,AUTOMATICA,
115092,MADRIGAL,CO,AREQUIPA,CAYLLOMA,-15.60999,-71.80654,M,DIFERIDO,157317
116006,PAMPA DE MAJES,MAP,AREQUIPA,CAYLLOMA,-16.3357,-72.1525,M,REAL,
4729E39A,PAMPA DE MAJES,EMA,AREQUIPA,CAYLLOMA,-16.33565,-72.15266,M,AUTOMATICA,
115126,PILLONES,CO,AREQUIPA,CAYLLOMA,-15.98124,-71.2167,M,DIFERIDO,158208
47E373CE,PILLONES,EMA,AREQUIPA,CAYLLOMA,-15.97861,-71.21333,M,AUTOMATICA,
115101,PORPERA,CO,AREQUIPA,CAYLLOMA,-15.3142,-71.3064,M,DIFERIDO,157329
204604,PUENTE COLGANTE-SIBAYO,HLG,AREQUIPA,CAYLLOMA,-15.4942,-71.4637,H,DIFERIDO,204604
115024,SIBAYO,CO,AREQUIPA,CAYLLOMA,-15.4892,-71.45696,M,REAL,
47265686,SIBAYO,EHA,AREQUIPA,CAYLLOMA,-15.49422,-71.4638,H,AUTOMATICA,
204702,SUMBAY,HLG,AREQUIPA,CAYLLOMA,-15.8412,-71.1146,H,DIFERIDO,204702
472ED434,SUMBAY,EHA,AREQUIPA,CAYLLOMA,-15.81667,-71.11667,H,AUTOMATICA,
115098,TISCO,CO,AREQUIPA,CAYLLOMA,-15.34577,-71.44702,M,DIFERIDO,157325
115078,CHICHAS,CO,AREQUIPA,CONDESUYOS,-15.54811,-72.91831,M,DIFERIDO,157300
115020,CHUQUIBAMBA,CO,AREQUIPA,CONDESUYOS,-15.84602,-72.65065,M,REAL,
115150,COROPUNA,EMA,AREQUIPA,CONDESUYOS,-15.53597,-72.61056,M,AUTOMATICA,
204501,SALAMANCA,HLM,AREQUIPA,CONDESUYOS,-15.5033,-72.8318,H,DIFERIDO,204501
115043,SALAMANCA,CO,AREQUIPA,CONDESUYOS,-15.50294,-72.83202,M,REAL,
114119,VISCA VISCA,EMA,AREQUIPA,CONDESUYOS,-14.7228,-71.9787,M,AUTOMATICA,
115128,YANAQUIHUA,CO,AREQUIPA,CONDESUYOS,-15.77649,-72.87584,M,DIFERIDO,000864
117006,LA HACIENDITA,CO,AREQUIPA,ISLAY,-16.9986,-71.6008,M,DIFERIDO,000838
204905,LA PASCANA,HLG,AREQUIPA,ISLAY,-16.99936,-71.63879,H,REAL,
117005,PAMPA BLANCA,CP,AREQUIPA,ISLAY,-17.0716,-71.7245,M,REAL,
115019,COTAHUASI,CO,AREQUIPA,LA UNION,-15.21134,-72.89325,M,REAL,
47280292,COTAHUASI,EAMA,AREQUIPA,LA UNION,-15.21134,-72.89331,M,AUTOMATICA,
204506,CUYAU,HLM,AREQUIPA,LA UNION,-15.2182,-72.9359,H,DIFERIDO,204508
115151,CUYAU,EHA,AREQUIPA,LA UNION,-15.21794,-72.93564,H,AUTOMATICA,
115084,PULLHUAY (AYAHUASI),CO,AREQUIPA,LA UNION,-15.1459,-72.7439,M,DIFERIDO,157309
115082,PUYCA,CO,AREQUIPA,LA UNION,-15.06055,-72.69262,M,DIFERIDO,157307
4729D600,PAMPA CANGALLO,EMA,AYACUCHO,CANGALLO,-13.56184,-74.19889,M,AUTOMATICA,
113248,SANTA CRUZ DE HOSPICIO,EAMA,AYACUCHO,CANGALLO,-13.4383,-74.7993,M,AUTOMATICA,
113021,LA QUINUA,CO,AYACUCHO,HUAMANGA,-13.05548,-74.14159,M,REAL,
251001,MARCELINO SERNA (PAMPAS),HLG,AYACUCHO,HUAMANGA,-13.43453,-73.82791,H,REAL,
250900,PUENTE PAMPAS GORE APU,EHA,AYACUCHO,HUAMANGA,-13.43493,-73.82737,H,AUTOMATICA,
100127,SAN PEDRO DE CACHI,CO,AYACUCHO,HUAMANGA,-13.08742,-74.39067,M,REAL,
112069,WAYLLAPAMPA,CO,AYACUCHO,HUAMANGA,-13.0765,-74.21651,M,REAL,
100055,HUANCASANCOS,CO,AYACUCHO,HUANCA SANCOS,-13.91694,-74.33361,M,DIFERIDO,156218
112068,HUANTA,CO,AYACUCHO,HUANTA,-12.9113,-74.2832,M,DIFERIDO,000660
114122,CCONTACC,EMA,AYACUCHO,LUCANAS,-14.5423,-74.2642,M,AUTOMATICA,
114055,HUAC-HUAS,CO,AYACUCHO,LUCANAS,-14.1324,-74.941,M,REAL,
47290068,HUAC-HUAS,EMA,AYACUCHO,LUCANAS,-14.12861,-74.94583,M,AUTOMATICA,
230705,HUASAPAMPA,HLG,AYACUCHO,LUCANAS,-14.26667,-73.95,H,DIFERIDO,230705
114067,LLAUTA,PLU,AYACUCHO,LUCANAS,-14.2466,-74.9255,M,DIFERIDO,157200
213600,LLAUTA,HLG,AYACUCHO,LUCANAS,-14.23998,-74.92135,H,REAL,
114072,LUCANAS,PLU,AYACUCHO,LUCANAS,-14.6204,-74.2328,M,DIFERIDO,157206
114127,PAMPA GALERAS,EMA,AYACUCHO,LUCANAS,-14.66917,-74.40361,M,AUTOMATICA,
114023,PUQUIO,CO,AYACUCHO,LUCANAS,-14.69928,-74.1316,M,REAL,
115015,CORACORA,CO,AYACUCHO,PARINACOCHAS,-15.01194,-73.77945,M,REAL,
114121,HURAY HUMA,EMA,AYACUCHO,PARINACOCHAS,-14.564,-73.5558,M,AUTOMATICA,
115076,LAMPA,PLU,AYACUCHO,PAUCAR DEL SARA SARA,-15.18468,-73.34786,M,DIFERIDO,157223
115017,PAUZA,CO,AYACUCHO,PAUCAR DEL SARA SARA,-15.2753,-73.3411,M,REAL,
115155,PAUZA,PE,AYACUCHO,PAUCAR DEL SARA SARA,-15.275,-73.34083,M,AUTOMATICA,
113101,CHILCAYOC,CO,AYACUCHO,SUCRE,-13.883,-73.7268,M,DIFERIDO,156212
114044,PAUCARAY,CO,AYACUCHO,SUCRE,-14.0439,-73.6386,M,REAL,
4725B27A,PAUCARAY,EAMA,AYACUCHO,SUCRE,-14.04361,-73.63833,M,AUTOMATICA,
113022,HUANCAPI,CO,AYACUCHO,VICTOR FAJARDO,-13.749,-74.0681,M,REAL,
113100,VILCASHUAMAN,CO,AYACUCHO,VILCAS HUAMAN,-13.66882,-73.95238,M,REAL,
107068,CACHACHI,PE,CAJAMARCA,CAJABAMBA,-7.45106,-78.26855,M,REAL,
107008,CAJABAMBA,CO,CAJAMARCA,CAJABAMBA,-7.62166,-78.05131,M,REAL,
4729F0EC,CAJABAMBA,EMA,CAJAMARCA,CAJABAMBA,-7.62167,-78.05111,M,AUTOMATICA,
472A32FC,CRISNEJAS,EHA,CAJAMARCA,CAJABAMBA,-7.4639,-78.1131,H,AUTOMATICA,
220201,PUENTE CRISNEJAS,HLM,CAJAMARCA,CAJABAMBA,-7.46354,-78.11313,H,REAL,
107018,ASUNCION,CO,CAJAMARCA,CAJAMARCA,-7.32604,-78.51582,M,REAL,
107028,AUGUSTO WEBERBAUER,MAP,CAJAMARCA,CAJAMARCA,-7.1675,-78.49309,M,REAL,
107033,AYLAMBO,PE,CAJAMARCA,CAJAMARCA,-7.19345,-78.51012,M,DIFERIDO,000316
100037,COSPAN,CO,CAJAMARCA,CAJAMARCA,-7.42857,-78.54106,M,REAL,
107002,GRANJA PORCON,CO,CAJAMARCA,CAJAMARCA,-7.03753,-78.6334,M,REAL,
107016,JESUS,CO,CAJAMARCA,CAJAMARCA,-7.2457,-78.38841,M,REAL,
220205,JESUS TUNEL,HLG,CAJAMARCA,CAJAMARCA,-7.22064,-78.40376,H,REAL,
107093,LA ENCAÑADA,CO,CAJAMARCA,CAJAMARCA,-7.12327,-78.33314,M,REAL,
107035,LA VICTORIA,PE,CAJAMARCA,CAJAMARCA,-7.19119,-78.45947,M,DIFERIDO,000318
107017,MAGDALENA,CO,CAJAMARCA,CAJAMARCA,-7.25346,-78.65261,M,REAL,
220213,MASHCON,HLG,CAJAMARCA,CAJAMARCA,-7.165,-78.47833,H,REAL,
107037,NAMORA,CO,CAJAMARCA,CAJAMARCA,-7.2006,-78.32782,M,REAL,
220206,NAMORA BOCATOMA,HLG,CAJAMARCA,CAJAMARCA,-7.24262,-78.29472,H,REAL,
107005,SAN JUAN,CO,CAJAMARCA,CAJAMARCA,-7.29756,-78.49106,M,REAL,
472645F0,UNC CAJAMARCA,EMA,CAJAMARCA,CAJAMARCA,-7.16747,-78.49307,M,AUTOMATICA,
472501F4,BALSAS,EHMA,CAJAMARCA,CELENDIN,-6.84461,-78.03025,H,AUTOMATICA,
221303,BALZAS,HLM,CAJAMARCA,CELENDIN,-6.84465,-78.03024,H,REAL,
106010,CELENDIN,CO,CAJAMARCA,CELENDIN,-6.85292,-78.14485,M,REAL,
4726631C,CELENDIN,EMA,CAJAMARCA,CELENDIN,-6.85303,-78.14487,M,AUTOMATICA,
106034,CHOTA,CO,CAJAMARCA,CHOTA,-6.54713,-78.64863,M,REAL,
4726C3E4,CHOTA,EMA,CAJAMARCA,CHOTA,-6.55405,-78.67588,M,AUTOMATICA,
106084,CHOTANO LAJAS,PLU,CAJAMARCA,CHOTA,-6.5622,-78.7389,M,DIFERIDO,153235
220611,CHOTANO LAJAS,HLG,CAJAMARCA,CHOTA,-6.55972,-78.74111,H,REAL,
106058,COCHABAMBA,CO,CAJAMARCA,CHOTA,-6.46009,-78.8886,M,REAL,
106054,HUAMBOS,CP,CAJAMARCA,CHOTA,-6.45368,-78.96315,M,REAL,
47E94706,HUAMBOS,EMA,CAJAMARCA,CHOTA,-6.45364,-78.96319,M,AUTOMATICA,
47E35522,LA MUCHALA,EMA,CAJAMARCA,CHOTA,-6.47998,-79.22406,M,AUTOMATICA,
106053,LLAMA,CO,CAJAMARCA,CHOTA,-6.51443,-79.12262,M,REAL,
47E1D6C2,PUENTE SAN CARLOS,EHMA,CAJAMARCA,CHOTA,-6.61515,-79.27136,H,AUTOMATICA,
106061,TOCMOCHE,CO,CAJAMARCA,CHOTA,-6.4101,-79.3557,M,REAL,
47E1F02E,TUNEL CHOTANO,EHMA,CAJAMARCA,CHOTA,-6.54049,-78.78432,H,AUTOMATICA,
201301,CASCABAMBA,HLM,CAJAMARCA,CONTUMAZA,-7.38332,-78.73377,H,DIFERIDO,201301
472C92CA,CASCABAMBA,EMA,CAJAMARCA,CONTUMAZA,-7.38407,-78.72682,M,AUTOMATICA,
107058,CHILETE,PLU,CAJAMARCA,CONTUMAZA,-7.21968,-78.83799,M,REAL,
107052,CONTUMAZA,CO,CAJAMARCA,CONTUMAZA,-7.36521,-78.82273,M,REAL,
472C81BC,GUZMANGO,EMA,CAJAMARCA,CONTUMAZA,-7.38133,-78.9033,M,AUTOMATICA,
100090,MONTEGRANDE,CO,CAJAMARCA,CONTUMAZA,-7.22499,-79.15323,M,DIFERIDO,000396
201207,PUENTE CHILETE,HLG,CAJAMARCA,CONTUMAZA,-7.21969,-78.83799,H,REAL,
4727470A,PUENTE CHILETE,EHMA,CAJAMARCA,CONTUMAZA,-7.21968,-78.83798,H,AUTOMATICA,
107057,SAN BENITO,CO,CAJAMARCA,CONTUMAZA,-7.42819,-78.92673,M,REAL,
201204,YONAN GORE,HLM,CAJAMARCA,CONTUMAZA,-7.25592,-79.09908,H,DIFERIDO,201204
4726E508,YONAN GORE,EHA,CAJAMARCA,CONTUMAZA,-7.25592,-79.09909,H,AUTOMATICA,
472B3006,CUMBA,EHA,CAJAMARCA,CUTERVO,-5.94135,-78.66413,H,AUTOMATICA,
106057,CUTERVO,CO,CAJAMARCA,CUTERVO,-6.37964,-78.80512,M,REAL,
4726A602,CUTERVO,EMA,CAJAMARCA,CUTERVO,-6.37914,-78.81339,M,AUTOMATICA,
106067,QUEROCOTILLO,PLU,CAJAMARCA,CUTERVO,-6.27366,-79.03696,M,DIFERIDO,153109
100015,BAMBAMARCA,CP,CAJAMARCA,HUALGAYOC,-6.67655,-78.51834,M,REAL,
4726D092,BAMBAMARCA H,EHA,CAJAMARCA,HUALGAYOC,-6.66975,-78.54119,H,AUTOMATICA,
472680EE,BAMBAMARCA M,EMA,CAJAMARCA,HUALGAYOC,-6.67981,-78.52346,M,AUTOMATICA,
106077,CHUGUR,PLU,CAJAMARCA,HUALGAYOC,-6.66878,-78.738,M,DIFERIDO,153208
4727F484,CHUGUR,EMA,CAJAMARCA,HUALGAYOC,-6.66878,-78.738,M,AUTOMATICA,
221106,LLAUCANO CORELLAMA,HLG,CAJAMARCA,HUALGAYOC,-6.68656,-78.51823,H,REAL,
221110,PUENTE  MAYGASBAMBA,HLG,CAJAMARCA,HUALGAYOC,-6.67411,-78.52437,H,DIFERIDO,220307
100113,QUEBRADA SHUGAR,PLU,CAJAMARCA,HUALGAYOC,-6.68778,-78.45694,M,DIFERIDO,153108
220405,CACAO,HLM,CAJAMARCA,JAEN,-5.8837,-78.9625,H,DIFERIDO,220405
105065,CHONTALI,CO,CAJAMARCA,JAEN,-5.64389,-79.09,M,REAL,
105111,COCHALAN,PLU,CAJAMARCA,JAEN,-5.4654,-78.9888,M,DIFERIDO,152212
220814,COCHALAN,HLG,CAJAMARCA,JAEN,-5.4651,-78.9885,H,DIFERIDO,220815
105057,EL LIMON,CO,CAJAMARCA,JAEN,-5.91778,-79.31722,M,DIFERIDO,000241
106065,HACIENDA PUCARA,PLU,CAJAMARCA,JAEN,-6.04167,-79.13389,M,DIFERIDO,153107
472A571A,HUALLAPE,EHA,CAJAMARCA,JAEN,-5.45077,-78.69579,H,AUTOMATICA,
105067,JAEN,CP,CAJAMARCA,JAEN,-5.67664,-78.77416,M,REAL,
47269398,JAEN,EMA,CAJAMARCA,JAEN,-5.67667,-78.77418,M,AUTOMATICA,
105062,LA CASCARILLA,CO,CAJAMARCA,JAEN,-5.67175,-78.89767,M,REAL,
105053,SALLIQUE,CO,CAJAMARCA,JAEN,-5.65886,-79.31264,M,REAL,
105136,SAUZAL,EHMA,CAJAMARCA,JAEN,-5.77168,-79.39769,H,AUTOMATICA,
105074,CHIRINOS,CO,CAJAMARCA,SAN IGNACIO,-5.3085,-78.89759,M,REAL,
105107,NAMBALLE,CO,CAJAMARCA,SAN IGNACIO,-4.99953,-79.08862,M,REAL,
105058,SAN IGNACIO,CO,CAJAMARCA,SAN IGNACIO,-5.14708,-78.99512,M,REAL,
105142,SAN MIGUEL,EAMA,CAJAMARCA,SAN IGNACIO,-5.24006,-78.91138,M,DIFERIDO,105142
220812,TABACONAS,HLG,CAJAMARCA,SAN IGNACIO,-5.32221,-79.28779,H,DIFERIDO,220813
105056,TABACONAS,CO,CAJAMARCA,SAN IGNACIO,-5.31515,-79.28488,M,REAL,
107006,SAN MARCOS,CO,CAJAMARCA,SAN MARCOS,-7.32249,-78.1727,M,REAL,
4725E206,SAN MARCOS,EAMA,CAJAMARCA,SAN MARCOS,-7.32249,-78.17269,M,AUTOMATICA,
107038,SONDOR-MATARA,CO,CAJAMARCA,SAN MARCOS,-7.23687,-78.21262,M,REAL,
107055,LIVES,PLU,CAJAMARCA,SAN MIGUEL,-7.0802,-79.04045,M,DIFERIDO,153111
106019,LLAPA,CO,CAJAMARCA,SAN MIGUEL,-6.97833,-78.81119,M,REAL,
100092,NIEPOS,CO,CAJAMARCA,SAN MIGUEL,-6.92511,-79.12902,M,REAL,
106039,QUILCATE,CO,CAJAMARCA,SAN MIGUEL,-6.82275,-78.744,M,REAL,
106038,SAN MIGUEL,CO,CAJAMARCA,SAN MIGUEL,-6.99684,-78.85308,M,REAL,
47E207A4,TONGOD,EHMA,CAJAMARCA,SAN MIGUEL,-6.74456,-78.81392,H,AUTOMATICA,
107036,SAN PABLO,CO,CAJAMARCA,SAN PABLO,-7.11775,-78.83083,M,REAL,
47E1C5B4,CAÑAD,EHMA,CAJAMARCA,SANTA CRUZ,-6.64934,-78.99733,H,AUTOMATICA,
106022,CHANCAY BAÑOS,CO,CAJAMARCA,SANTA CRUZ,-6.575,-78.86722,M,DIFERIDO,000395
47E3055E,CHANCAY BAÑOS,EMA,CAJAMARCA,SANTA CRUZ,-6.57489,-78.86721,M,AUTOMATICA,
106122,CIRATO,HLG,CAJAMARCA,SANTA CRUZ,-6.65579,-79.07395,H,DIFERIDO,200909
4724D566,CIRATO,EHMA,CAJAMARCA,SANTA CRUZ,-6.65583,-79.07384,H,AUTOMATICA,
47E1E358,PUENTE AMBAN,EHMA,CAJAMARCA,SANTA CRUZ,-6.58271,-78.91262,H,AUTOMATICA,
106056,SANTA CRUZ,CO,CAJAMARCA,SANTA CRUZ,-6.61657,-78.94761,M,REAL,
106068,UDIMA,CO,CAJAMARCA,SANTA CRUZ,-6.81474,-79.09377,M,REAL,
114046,POMACANCHI,CO,CUSCO,ACOMAYO,-14.02781,-71.57258,M,REAL,
114132,POMACANCHI,EMA,CUSCO,ACOMAYO,-14.0278,-71.5726,M,AUTOMATICA,
113252,ANCACHURO,EMA,CUSCO,ANTA,-13.4724,-72.2188,M,AUTOMATICA,
113035,ANTA ANCACHURO,CO,CUSCO,ANTA,-13.47242,-72.21876,M,REAL,
47294362,SORAYPAMPA,EMA,CUSCO,ANTA,-13.3955,-72.5736,M,AUTOMATICA,
472976F8,CALCA,EMA,CUSCO,CALCA,-13.33333,-71.95524,M,AUTOMATICA,
472A6280,NUEVO PISAC,EHMA,CUSCO,CALCA,-13.42264,-71.85388,H,AUTOMATICA,
100101,PISAC,CO,CUSCO,CALCA,-13.41951,-71.85087,M,REAL,
250303,PISAC,HLM,CUSCO,CALCA,-13.4226,-71.8539,H,REAL,
112154,QUEBRADA YANATILE,CO,CUSCO,CALCA,-12.6788,-72.2785,M,REAL,
114126,PAYAPUNKU,EMA,CUSCO,CANAS,-14.4261,-71.28145,M,AUTOMATICA,
114125,SAUSAYA,EMA,CUSCO,CANAS,-14.52931,-71.35831,M,AUTOMATICA,
472E025C,QUISOQUEPINA,EMA,CUSCO,CANCHIS,-13.79505,-70.88622,M,AUTOMATICA,
114131,SALCCA,PE,CUSCO,CANCHIS,-14.16997,-71.23187,M,DIFERIDO,114131
250308,SALCCA,HLM,CUSCO,CANCHIS,-14.16963,-71.23172,H,REAL,
114118,SALCCA,EHA,CUSCO,CANCHIS,-14.16991,-71.23186,H,AUTOMATICA,
47E8B578,SIBINACOCHA,EMA,CUSCO,CANCHIS,-13.92214,-71.01823,M,AUTOMATICA,
114033,SICUANI,CO,CUSCO,CANCHIS,-14.23736,-71.2367,M,REAL,
4726158C,SICUANI,EAMA,CUSCO,CANCHIS,-14.23736,-71.23669,M,AUTOMATICA,
114123,MARCA CUNKA,EMA,CUSCO,CHUMBIVILCAS,-14.49847,-72.08952,M,AUTOMATICA,
114030,SANTO TOMAS,CO,CUSCO,CHUMBIVILCAS,-14.39878,-72.08774,M,REAL,
4729A090,SANTO TOMAS,EMA,CUSCO,CHUMBIVILCAS,-14.44896,-72.09645,M,AUTOMATICA,
100044,GRANJA KAYRA,MAP,CUSCO,CUSCO,-13.55675,-71.87517,M,REAL,
114124,HUAYHUAHUASI,EAMA,CUSCO,ESPINAR,-14.67242,-71.51991,M,AUTOMATICA,
47E880E2,PICHARI,EMA,CUSCO,LA CONVENCION,-12.52296,-73.83956,M,AUTOMATICA,
112264,PONGO DE MAINIQUE,EMA,CUSCO,LA CONVENCION,-12.24986,-72.82447,M,AUTOMATICA,
4729658E,SAN PABLO,EMA,CUSCO,LA CONVENCION,-13.02506,-72.61988,M,AUTOMATICA,
113037,PARURO,CO,CUSCO,PARURO,-13.76698,-71.8447,M,REAL,
4722A338,ACJANACO ,EMA,CUSCO,PAUCARTAMBO,-13.19672,-71.61941,M,AUTOMATICA,
113122,CAICAY,CO,CUSCO,PAUCARTAMBO,-13.59999,-71.69581,M,REAL,
113139,CHACLLABAMBA,CO,CUSCO,PAUCARTAMBO,-13.10855,-71.72,M,DIFERIDO,155518
250301,CHACLLABAMBA,HLM,CUSCO,PAUCARTAMBO,-13.10677,-71.7203,H,REAL,
100024,CHALLABAMBA,CO,CUSCO,PAUCARTAMBO,-13.21754,-71.64938,M,REAL,
100030,CHONTACHACA,CO,CUSCO,PAUCARTAMBO,-13.02389,-71.46778,M,DIFERIDO,006671
113116,COLQUEPATA,CO,CUSCO,PAUCARTAMBO,-13.36313,-71.67336,M,REAL,
250405,PAUCARTAMBO,HLG,CUSCO,PAUCARTAMBO,-13.3177,-71.5974,H,REAL,
100100,PAUCARTAMBO,CO,CUSCO,PAUCARTAMBO,-13.30347,-71.59668,M,REAL,
210007,PAUCARTAMBO,EHA,CUSCO,PAUCARTAMBO,-13.3177,-71.59741,H,AUTOMATICA,
113247,ASHANAKU,EMA,CUSCO,QUISPICANCHI,-13.58048,-71.58878,M,AUTOMATICA,
113041,CCATCCA,CO,CUSCO,QUISPICANCHI,-13.60988,-71.5601,M,REAL,
100114,QUINCEMIL,CO,CUSCO,QUISPICANCHI,-13.22893,-70.7544,M,REAL,
113254,QUINCEMIL,EMA,CUSCO,QUISPICANCHI,-13.2289,-70.7544,M,AUTOMATICA,
472A9204,CHILCA,EHA,CUSCO,URUBAMBA,-13.2235,-72.34056,H,AUTOMATICA,
4727C11E,HUAYLLABAMBA,EMA,CUSCO,URUBAMBA,-13.26581,-72.44881,M,AUTOMATICA,
472935F2,INTIHUATANA H,EHA,CUSCO,URUBAMBA,-13.18517,-72.52319,H,AUTOMATICA,
472852EE,INTIHUATANA M,EMA,CUSCO,URUBAMBA,-13.17418,-72.56036,M,AUTOMATICA,
113031,MACHU PICCHU,CO,CUSCO,URUBAMBA,-13.16655,-72.54585,M,REAL,
472897F0,MACHUPICCHU,EMA,CUSCO,URUBAMBA,-13.16655,-72.54585,M,AUTOMATICA,
4729950A,PACAYMAYO,EMA,CUSCO,URUBAMBA,-13.23419,-72.49841,M,AUTOMATICA,
4729867C,QORIHUAYRACHINA,EMA,CUSCO,URUBAMBA,-13.22419,-72.43383,M,AUTOMATICA,
113034,URUBAMBA,CP,CUSCO,URUBAMBA,-13.30517,-72.12455,M,REAL,
113255,URUBAMBA,EMA,CUSCO,URUBAMBA,-13.3052,-72.1246,M,AUTOMATICA,
112067,ACOBAMBA,MAP,HUANCAVELICA,ACOBAMBA,-12.84361,-74.5616,M,REAL,
112065,LIRCAY,CO,HUANCAVELICA,ANGARAES,-12.9815,-74.7181,M,REAL,
113091,CHOCLOCOCHA,CO,HUANCAVELICA,CASTROVIRREYNA,-13.1588,-75.07145,M,DIFERIDO,156130
4720CDF8,COCHAMARCA,EAMA,HUANCAVELICA,CASTROVIRREYNA,-12.99,-75.51019,M,AUTOMATICA,
113067,HUACHOS,CO,HUANCAVELICA,CASTROVIRREYNA,-13.2206,-75.53348,M,DIFERIDO,151503
47292684,HUACHOS,EMA,HUANCAVELICA,CASTROVIRREYNA,-13.21667,-75.53333,M,AUTOMATICA,
113082,SAN JUAN DE CASTROVIRREYNA,CO,HUANCAVELICA,CASTROVIRREYNA,-13.21198,-75.62758,M,DIFERIDO,156114
112066,PAUCARBAMBA,CO,HUANCAVELICA,CHURCAMPA,-12.55573,-74.53592,M,DIFERIDO,000658
112142,HUANCALPI,CO,HUANCAVELICA,HUANCAVELICA,-12.58029,-75.24179,M,DIFERIDO,156126
112061,HUANCAVELICA,CO,HUANCAVELICA,HUANCAVELICA,-12.7715,-75.0124,M,REAL,
472722EC,HUANCAVELICA,EMA,HUANCAVELICA,HUANCAVELICA,-12.77163,-75.01237,M,AUTOMATICA,
112060,PILCHACA,CO,HUANCAVELICA,HUANCAVELICA,-12.39939,-75.08412,M,REAL,
113128,CHALLACA,CO,HUANCAVELICA,HUAYTARA,-13.79047,-75.38212,M,DIFERIDO,006640
213502,CHALLACA,HLM,HUANCAVELICA,HUAYTARA,-13.78333,-75.4,H,REAL,
47284198,CHALLACA,EHMA,HUANCAVELICA,HUAYTARA,-13.7898,-75.417,H,AUTOMATICA,
472811E4,CHALLACA M,EMA,HUANCAVELICA,HUAYTARA,-13.7905,-75.3821,M,AUTOMATICA,
100025,CHALLACA PLU,PLU,HUANCAVELICA,HUAYTARA,-13.7896,-75.40029,M,DIFERIDO,000009
114065,CORDOVA,PLU,HUANCAVELICA,HUAYTARA,-14.04061,-75.18698,M,DIFERIDO,157101
4728F216,CORDOVA,EMA,HUANCAVELICA,HUAYTARA,-14.03333,-75.16667,M,AUTOMATICA,
113086,CUSICANCHA,CO,HUANCAVELICA,HUAYTARA,-13.50399,-75.29625,M,DIFERIDO,156121
4728C78C,CUSICANCHA,EMA,HUANCAVELICA,HUAYTARA,-13.48333,-75.3,M,AUTOMATICA,
213507,RAMADILLAS,EHA,HUANCAVELICA,HUAYTARA,-13.80857,-75.50129,H,AUTOMATICA,
113088,SANTIAGO DE CHOCORVOS,CO,HUANCAVELICA,HUAYTARA,-13.83308,-75.25083,M,DIFERIDO,156123
4729131E,SANTIAGO DE CHOCORVOS,EMA,HUANCAVELICA,HUAYTARA,-13.83333,-75.25,M,AUTOMATICA,
113087,TAMBO,CO,HUANCAVELICA,HUAYTARA,-13.69163,-75.27418,M,DIFERIDO,156122
113016,TUNEL CERO,CO,HUANCAVELICA,HUAYTARA,-13.25932,-75.08596,M,DIFERIDO,000647
112051,ACOSTAMBO,CO,HUANCAVELICA,TAYACAJA,-12.36079,-75.05725,M,REAL,
112269,COCHABAMBA GRANDE,EMA,HUANCAVELICA,TAYACAJA,-12.19238,-74.51493,M,AUTOMATICA,
112163,COLCABAMBA,CO,HUANCAVELICA,TAYACAJA,-12.415,-74.6835,M,REAL,
112012,PAMPAS,CO,HUANCAVELICA,TAYACAJA,-12.40203,-74.88414,M,REAL,
100120,SALCABAMBA,CO,HUANCAVELICA,TAYACAJA,-12.204,-74.7794,M,REAL,
230717,HUERTAS,HLM,HUANUCO,AMBO,-10.1265,-76.20511,H,DIFERIDO,230717
110146,QUISCA,EMA,HUANUCO,AMBO,-10.08922,-76.21556,M,AUTOMATICA,
221309,SAN RAFAEL,HLM,HUANUCO,AMBO,-10.3399,-76.1824,H,REAL,
110025,SAN RAFAEL,CO,HUANUCO,AMBO,-10.32926,-76.17658,M,REAL,
109077,DOS DE MAYO,CO,HUANUCO,DOS DE MAYO,-9.7171,-76.77374,M,REAL,
47E845FC,CACHICOTO,EMA,HUANUCO,HUAMALIES,-9.21931,-76.21294,M,AUTOMATICA,
109085,JACAS GRANDE,CO,HUANUCO,HUAMALIES,-9.5433,-76.76042,M,DIFERIDO,109085
4720EB14,SAN MARTIN,EMA,HUANUCO,HUAMALIES,-9.40385,-76.76482,M,AUTOMATICA,
100020,CANCHAN,CO,HUANUCO,HUANUCO,-9.92095,-76.30962,M,REAL,
109020,CARPISH,CO,HUANUCO,HUANUCO,-9.70568,-76.09424,M,REAL,
230003,CHINCHAVITO,HLM,HUANUCO,HUANUCO,-9.515,-75.9425,H,DIFERIDO,230003
472D0552,CHINCHAVITO,EHA,HUANUCO,HUANUCO,-9.515,-75.9425,H,AUTOMATICA,
109003,HUANUCO,CP,HUANUCO,HUANUCO,-9.95201,-76.24856,M,REAL,
221811,PUENTE HIGUERAS,HLM,HUANUCO,HUANUCO,-9.9222,-76.30938,H,REAL,
472B730C,PUENTE TARUCA,EHA,HUANUCO,HUANUCO,-9.85056,-76.1519,H,AUTOMATICA,
230002,TARUCA,HLM,HUANUCO,HUANUCO,-9.85038,-76.15236,H,DIFERIDO,230002
110140,JESUS DE LAURICOCHA,EMA,HUANUCO,LAURICOCHA,-10.07819,-76.63119,M,AUTOMATICA,
108033,AUCAYACU,CO,HUANUCO,LEONCIO PRADO,-8.92987,-76.11171,M,REAL,
108025,LA DIVISORIA,CO,HUANUCO,LEONCIO PRADO,-9.20091,-75.81393,M,REAL,
230004,PUENTE BELLA,HLM,HUANUCO,LEONCIO PRADO,-9.32411,-76.02935,H,DIFERIDO,230004
472DA5AA,PUENTE BELLA,EHA,HUANUCO,LEONCIO PRADO,-9.32411,-76.02935,H,AUTOMATICA,
230001,PUENTE PEREZ,HLM,HUANUCO,LEONCIO PRADO,-9.34694,-75.9825,H,DIFERIDO,230001
472D1624,PUENTE PEREZ,EHA,HUANUCO,LEONCIO PRADO,-9.34694,-75.9825,H,AUTOMATICA,
109027,TINGO MARIA,CP,HUANUCO,LEONCIO PRADO,-9.31016,-76.00049,M,REAL,
221820,TINGO MARIA,HLG,HUANUCO,LEONCIO PRADO,-9.29601,-76.00207,H,REAL,
47270400,TINGO MARIA,EHMA,HUANUCO,LEONCIO PRADO,-9.29601,-76.00207,H,AUTOMATICA,
109028,TULUMAYO,MAP,HUANUCO,LEONCIO PRADO,-9.14706,-76.00944,M,REAL,
109021,CHAGLLA,CO,HUANUCO,PACHITEA,-9.85008,-75.90706,M,REAL,
231101,PUERTO INCA,HLM,HUANUCO,PUERTO INCA,-9.38271,-74.96792,H,REAL,
109032,PUERTO INCA,CO,HUANUCO,PUERTO INCA,-9.3851,-74.96376,M,REAL,
4727A4F8,PUERTO INCA,EAMA,HUANUCO,PUERTO INCA,-9.3851,-74.96376,M,AUTOMATICA,
108034,TOURNAVISTA,CO,HUANUCO,PUERTO INCA,-8.92749,-74.70882,M,REAL,
109022,JACAS CHICO,CO,HUANUCO,YAROWILCA,-9.88474,-76.50094,M,REAL,
109094,PUCA PUCA,EAMA,HUANUCO,YAROWILCA,-9.87895,-76.5909,M,AUTOMATICA,
203501,CONTA,HLG,ICA,CHINCHA,-13.43942,-75.97514,H,DIFERIDO,203501
4728A26A,CONTA M,EMA,ICA,CHINCHA,-13.43936,-75.97517,M,AUTOMATICA,
4728B11C,FONAGRO,EAMA,ICA,CHINCHA,-13.45944,-76.15167,M,AUTOMATICA,
100043,FONAGRO (CHINCHA),MAP,ICA,CHINCHA,-13.45781,-76.13425,M,REAL,
113081,SAN JUAN DE YANAC,CO,ICA,CHINCHA,-13.21058,-75.78697,M,REAL,
113061,SAN PEDRO DE HUACARPANA,CO,ICA,CHINCHA,-13.0479,-75.6464,M,REAL,
4728E160,SAN PEDRO DE HUACARPANA,EMA,ICA,CHINCHA,-13.04889,-75.64806,M,AUTOMATICA,
472A446C,BETA SANTIAGO,EMA,ICA,ICA,-14.23739,-75.67022,M,AUTOMATICA,
113010,HUAMANI,CO,ICA,ICA,-13.843,-75.60704,M,REAL,
213504,HUAMANI EL TAMBO,HLM,ICA,ICA,-13.84358,-75.58928,H,DIFERIDO,213504
213503,HUAMANI EL TAMBO,EHMA,ICA,ICA,-13.84386,-75.58944,H,AUTOMATICA,
113244,LOS MOLINOS,PLU,ICA,ICA,-13.9248,-75.6786,M,DIFERIDO,113244
213506,LOS MOLINOS,EHA,ICA,ICA,-13.9102,-75.66696,H,AUTOMATICA,
213500,LOS MOLINOS (ALEJANDRO PLAZA GARCIA),HLG,ICA,ICA,-13.92475,-75.67869,H,REAL,
114020,OCUCAJE,CO,ICA,ICA,-14.37844,-75.68208,M,REAL,
114008,SAN CAMILO,MAP,ICA,ICA,-14.07331,-75.71101,M,REAL,
113058,TACAMA,CO,ICA,ICA,-13.99978,-75.72052,M,REAL,
114018,COPARA,CP,ICA,NASCA,-14.97501,-74.89082,M,REAL,
114139,COPARA,EMA,ICA,NASCA,-14.975,-74.89056,M,AUTOMATICA,
114106,HUALLPOCA,PLU,ICA,NASCA,-14.632,-74.9559,M,DIFERIDO,156225
230712,HUALLPOCA,HLG,ICA,NASCA,-14.63201,-74.95588,H,REAL,
47283708,HUALLPOCA,EHMA,ICA,NASCA,-14.63201,-74.95588,M,AUTOMATICA,
114021,PALPA,CO,ICA,PALPA,-14.54939,-75.18926,M,REAL,
114136,PALPA,PE,ICA,PALPA,-14.54935,-75.18921,M,AUTOMATICA,
114066,PAMPA BLANCA,PE,ICA,PALPA,-14.23731,-75.10407,M,REAL,
114140,PAMPA BLANCA,EMA,ICA,PALPA,-14.23722,-75.10389,M,AUTOMATICA,
114006,RIO GRANDE,CO,ICA,PALPA,-14.52648,-75.21306,M,REAL,
100046,HACIENDA BERNALES,CO,ICA,PISCO,-13.74114,-75.96641,M,REAL,
113009,HUANCANO,CO,ICA,PISCO,-13.60118,-75.62102,M,DIFERIDO,000639
113153,LETRAYOC,PLU,ICA,PISCO,-13.65773,-75.74496,M,DIFERIDO,156132
203601,LETRAYOC,HLG,ICA,PISCO,-13.65773,-75.74496,H,REAL,
213403,LETRAYOC,EHA,ICA,PISCO,-13.65773,-75.74496,H,AUTOMATICA,
250502,CHIRANI,HLM,JUNIN,CHANCHAMAYO,-10.86167,-75.00632,H,DIFERIDO,250502
110143,CHIRANI,PLU,JUNIN,CHANCHAMAYO,-10.86167,-75.00632,M,DIFERIDO,110143
110008,PICHANAKI,CO,JUNIN,CHANCHAMAYO,-10.93352,-74.86681,M,REAL,
250501,RIO TULUMAYO,HLM,JUNIN,CHANCHAMAYO,-11.2091,-75.3348,H,REAL,
112056,HUAYAO,CP,JUNIN,CHUPACA,-12.0402,-75.32049,M,REAL,
112059,LAIVE,CO,JUNIN,CHUPACA,-12.25229,-75.36053,M,REAL,
112028,SAN JUAN DE JARPA,CO,JUNIN,CHUPACA,-12.12454,-75.43178,M,REAL,
111031,COMAS,CO,JUNIN,CONCEPCION,-11.74794,-75.13012,M,REAL,
111097,INGENIO,CO,JUNIN,CONCEPCION,-11.87521,-75.29665,M,REAL,
100119,RUNATULLO,CO,JUNIN,CONCEPCION,-11.61812,-75.01224,M,REAL,
111174,ACOPALCA,CO,JUNIN,HUANCAYO,-11.9873,-75.1035,M,DIFERIDO,111174
472DF5D6,HUAYTAPALLANA,EMA,JUNIN,HUANCAYO,-11.92717,-75.06186,M,AUTOMATICA,
230931,PUENTE BREÑA,HLM,JUNIN,HUANCAYO,-12.05216,-75.24051,H,REAL,
112083,SANTA ANA,MAP,JUNIN,HUANCAYO,-12.00955,-75.22158,M,REAL,
112037,VIQUES,CO,JUNIN,HUANCAYO,-12.15603,-75.2283,M,REAL,
111288,CHACAPALPA,EMA,JUNIN,JAUJA,-11.7525,-75.74226,M,AUTOMATICA,
111005,JAUJA,CO,JUNIN,JAUJA,-11.78663,-75.48687,M,REAL,
111095,RICRAN,CO,JUNIN,JAUJA,-11.54,-75.5273,M,REAL,
111583,JUNIN,CO,JUNIN,JUNIN,-11.14328,-75.98878,M,REAL,
111299,POTSOTENI,EMA,JUNIN,SATIPO,-11.41316,-74.14723,M,AUTOMATICA,
111039,PUERTO OCOPA,CO,JUNIN,SATIPO,-11.1467,-74.3051,M,DIFERIDO,000572
111038,SATIPO,CO,JUNIN,SATIPO,-11.2247,-74.6087,M,REAL,
4725C4EA,SATIPO,EMA,JUNIN,SATIPO,-11.2247,-74.6087,M,AUTOMATICA,
111030,HUASAHUASI,CO,JUNIN,TARMA,-11.2677,-75.6391,M,REAL,
111029,TARMA,CO,JUNIN,TARMA,-11.3967,-75.6899,M,REAL,
47257764,TARMA,EAMA,JUNIN,TARMA,-11.3967,-75.6899,M,AUTOMATICA,
111070,CARHUACAYAN,PLU,JUNIN,YAULI,-11.20267,-76.28505,M,DIFERIDO,155115
111046,LA OROYA,CO,JUNIN,YAULI,-11.57177,-75.95762,M,REAL,
472D9030,MARCAPOMACOCHA,EMA,JUNIN,YAULI,-11.40443,-76.32508,M,AUTOMATICA,
230801,RIO PALLANGA,HLM,JUNIN,YAULI,-11.1865,-76.32569,H,DIFERIDO,230902
230803,RUMICHACA,HLM,JUNIN,YAULI,-11.69886,-76.10639,H,DIFERIDO,230908
111076,YANTAC,CO,JUNIN,YAULI,-11.34583,-76.40453,M,REAL,
111099,YAULI,PLU,JUNIN,YAULI,-11.66667,-76.08333,M,DIFERIDO,155235
472D30C8,CASAGRANDE,EMA,LA LIBERTAD,ASCOPE,-7.75031,-79.18869,M,AUTOMATICA,
211001,SALINAR,EHA,LA LIBERTAD,ASCOPE,-7.66069,-78.96109,H,AUTOMATICA,
100028,CHERREPE,CO,LA LIBERTAD,CHEPEN,-7.11887,-79.56118,M,REAL,
472EA2A4,CASCAS,EMA,LA LIBERTAD,GRAN CHIMU,-7.47987,-78.82367,M,AUTOMATICA,
211003,EL TAMBO,HLM,LA LIBERTAD,GRAN CHIMU,-7.57398,-78.70655,H,DIFERIDO,211003
47E0A2A8,EL TAMBO,EHMA,LA LIBERTAD,GRAN CHIMU,-7.57398,-78.70655,H,AUTOMATICA,
472D552E,LUCMA,EMA,LA LIBERTAD,GRAN CHIMU,-7.64333,-78.55135,M,AUTOMATICA,
472CC2B6,MARMOT,EMA,LA LIBERTAD,GRAN CHIMU,-7.7635,-78.66725,M,AUTOMATICA,
211002,PUENTE PALMIRA,HLM,LA LIBERTAD,GRAN CHIMU,-7.54919,-78.81051,H,DIFERIDO,211002
472E5220,PUENTE PALMIRA,EHMA,LA LIBERTAD,GRAN CHIMU,-7.54919,-78.81051,H,AUTOMATICA,
108043,JULCAN,PLU,LA LIBERTAD,JULCAN,-8.04229,-78.48607,M,DIFERIDO,154101
107054,CALLANCAS,CO,LA LIBERTAD,OTUZCO,-7.76747,-78.47727,M,REAL,
472D8346,CALLANCAS,EMA,LA LIBERTAD,OTUZCO,-7.7675,-78.47729,M,AUTOMATICA,
472EB1D2,CAPACHIQUE,EMA,LA LIBERTAD,OTUZCO,-7.85642,-78.31184,M,AUTOMATICA,
107131,LA FORTUNA,EMA,LA LIBERTAD,OTUZCO,-7.67042,-78.40242,M,AUTOMATICA,
211004,PUENTE COINA,HLM,LA LIBERTAD,OTUZCO,-7.79636,-78.38012,H,DIFERIDO,211004
472E74CC,PUENTE COINA,EHMA,LA LIBERTAD,OTUZCO,-7.79636,-78.38012,H,AUTOMATICA,
108001,SALPO,CO,LA LIBERTAD,OTUZCO,-8.00535,-78.6071,M,REAL,
107059,SINSICAP,PLU,LA LIBERTAD,OTUZCO,-7.85021,-78.75503,M,DIFERIDO,153206
472D60B4,USQUIL,EMA,LA LIBERTAD,OTUZCO,-7.8186,-78.41497,M,AUTOMATICA,
100136,TALLA (GUADALUPE),CP,LA LIBERTAD,PACASMAYO,-7.28005,-79.4191,M,DIFERIDO,000325
107009,HUAMACHUCO,CO,LA LIBERTAD,SANCHEZ CARRION,-7.81916,-78.04013,M,REAL,
220204,LAGUNA HUANGACOCHA,HLM,LA LIBERTAD,SANCHEZ CARRION,-7.9325,-78.06705,H,DIFERIDO,220204
107130,TICAPAMPA,EMA,LA LIBERTAD,SANCHEZ CARRION,-7.91641,-77.90148,M,AUTOMATICA,
108045,CACHICADAN,CO,LA LIBERTAD,SANTIAGO DE CHUCO,-8.09184,-78.14938,M,REAL,
108048,HUACAMARCANGA,PE,LA LIBERTAD,SANTIAGO DE CHUCO,-8.1221,-78.2937,M,DIFERIDO,154112
201717,HUACAMARCANGA,HLM,LA LIBERTAD,SANTIAGO DE CHUCO,-8.1081,-78.2876,H,DIFERIDO,201717
107092,HUANGACOCHA,PLU,LA LIBERTAD,SANTIAGO DE CHUCO,-7.9375,-78.0681,M,DIFERIDO,153327
108046,MOLLEPATA,PE,LA LIBERTAD,SANTIAGO DE CHUCO,-8.19137,-77.95397,M,DIFERIDO,154106
108044,QUIRUVILCA,PLU,LA LIBERTAD,SANTIAGO DE CHUCO,-8.00422,-78.30791,M,DIFERIDO,154102
4727319A,QUIRUVILCA,EMA,LA LIBERTAD,SANTIAGO DE CHUCO,-8.00419,-78.3079,M,AUTOMATICA,
108068,TRUJILLO,CO,LA LIBERTAD,TRUJILLO,-8.11203,-78.9851,M,REAL,
211408,CONDORCERRO,EHA,LA LIBERTAD,VIRU,-8.65793,-78.26172,H,AUTOMATICA,
106042,CAYALTI,CP,LAMBAYEQUE,CHICLAYO,-6.8808,-79.547,M,REAL,
106109,OYOTUN,CO,LAMBAYEQUE,CHICLAYO,-6.86394,-79.32062,M,REAL,
106046,REQUE,CO,LAMBAYEQUE,CHICLAYO,-6.88613,-79.8355,M,REAL,
106036,SIPAN,CO,LAMBAYEQUE,CHICLAYO,-6.80141,-79.60002,M,REAL,
106049,TINAJONES,CP,LAMBAYEQUE,CHICLAYO,-6.65493,-79.4279,M,DIFERIDO,000335
47E2F720,TINAJONES,EMA,LAMBAYEQUE,CHICLAYO,-6.65489,-79.42792,M,AUTOMATICA,
106140,VISTA FLORIDA,EMA,LAMBAYEQUE,CHICLAYO,-6.72775,-79.78088,M,AUTOMATICA,
106060,CUEVA BLANCA,PLU,LAMBAYEQUE,FERREÑAFE,-6.1313,-79.4045,M,DIFERIDO,153102
106037,INCAHUASI,CP,LAMBAYEQUE,FERREÑAFE,-6.23389,-79.31806,M,DIFERIDO,000307
106120,PUCHACA,CO,LAMBAYEQUE,FERREÑAFE,-6.37361,-79.46951,M,DIFERIDO,003114
200801,PUCHACA,HLG,LAMBAYEQUE,FERREÑAFE,-6.37317,-79.46697,H,DIFERIDO,200802
106138,PUCHACA,EHA,LAMBAYEQUE,FERREÑAFE,-6.37353,-79.46673,H,AUTOMATICA,
105122,CERRO DE ARENA,CO,LAMBAYEQUE,LAMBAYEQUE,-5.92461,-80.20463,M,DIFERIDO,105122
106047,JAYANCA,CO,LAMBAYEQUE,LAMBAYEQUE,-6.33159,-79.76869,M,REAL,
106108,LAMBAYEQUE,CP,LAMBAYEQUE,LAMBAYEQUE,-6.73438,-79.90894,M,REAL,
105076,PASABAR,CP,LAMBAYEQUE,LAMBAYEQUE,-5.83722,-79.81908,M,REAL,
4726F67E,PASABAR,EAMA,LAMBAYEQUE,LAMBAYEQUE,-5.83714,-79.81911,M,AUTOMATICA,
105121,PASAJE SUR,CO,LAMBAYEQUE,LAMBAYEQUE,-5.91741,-79.97184,M,DIFERIDO,105121
47201542,TONGORRAPE,EMA,LAMBAYEQUE,LAMBAYEQUE,-6.06692,-79.68203,M,AUTOMATICA,
110019,CAJATAMBO,CO,LIMA,CAJATAMBO,-10.47788,-76.98971,M,REAL,
110041,GORGOR,PLU,LIMA,CAJATAMBO,-10.62136,-77.04027,M,DIFERIDO,151208
111057,ARAHUAY,PLU,LIMA,CANTA,-11.62091,-76.67034,M,DIFERIDO,151204
111026,CANTA,CP,LIMA,CANTA,-11.47121,-76.62569,M,REAL,
111085,HUAMANTANGA,PLU,LIMA,CANTA,-11.50247,-76.74675,M,DIFERIDO,155209
111089,HUAROS,PLU,LIMA,CANTA,-11.40743,-76.5758,M,DIFERIDO,155218
4725F170,HUAROS,EAMA,LIMA,CANTA,-11.40744,-76.57584,M,AUTOMATICA,
111088,LACHAQUI,PLU,LIMA,CANTA,-11.554,-76.62706,M,DIFERIDO,155217
111159,OBRAJILLO,PLU,LIMA,CANTA,-11.45264,-76.62206,M,DIFERIDO,156133
202802,OBRAJILLO,HLG,LIMA,CANTA,-11.45293,-76.62217,H,REAL,
202801,PARIACANCHA,HLM,LIMA,CANTA,-11.39315,-76.50244,H,DIFERIDO,202801
111067,PARIACANCHA,PLU,LIMA,CANTA,-11.39315,-76.50294,M,DIFERIDO,155112
111151,PUENTE MAGDALENA,HLG,LIMA,CANTA,-11.69463,-76.83719,H,REAL,
113249,CAÑETE,EMA,LIMA,CAÑETE,-13.07475,-76.33042,M,AUTOMATICA,
203101,LA CAPILLA,HLG,LIMA,CAÑETE,-12.52194,-76.49637,H,REAL,
212900,LA CAPILLA SENAMHI,EHA,LIMA,CAÑETE,-12.52183,-76.49658,H,AUTOMATICA,
112058,PACARAN,CO,LIMA,CAÑETE,-12.86689,-76.05793,M,REAL,
203303,PACARAN,HLM,LIMA,CAÑETE,-12.86096,-76.05479,H,REAL,
203302,SOCSI,HLG,LIMA,CAÑETE,-13.0283,-76.19453,H,REAL,
472191AC,SOCSI,EHA,LIMA,CAÑETE,-13.02825,-76.1945,H,AUTOMATICA,
113140,SOCSI CAÑETE,PE,LIMA,CAÑETE,-13.03051,-76.20027,M,REAL,
47E323B2,CARAC,EMA,LIMA,HUARAL,-11.19005,-76.77937,M,AUTOMATICA,
47E2323E,CUCHUANCA,EHA,LIMA,HUARAL,-11.20158,-76.7881,H,AUTOMATICA,
111022,HUAYAN,CO,LIMA,HUARAL,-11.45281,-77.122,M,REAL,
111087,PIRCA,PLU,LIMA,HUARAL,-11.2328,-76.65513,M,DIFERIDO,155214
47E34654,PIRCA,EMA,LIMA,HUARAL,-11.23284,-76.65514,M,AUTOMATICA,
111081,SANTA CRUZ,PLU,LIMA,HUARAL,-11.19827,-76.63487,M,DIFERIDO,155202
47E330C4,SANTA CRUZ,EMA,LIMA,HUARAL,-11.19827,-76.63487,M,AUTOMATICA,
202701,SANTO DOMINGO,HLG,LIMA,HUARAL,-11.37009,-77.02823,H,REAL,
47E214D2,SANTO DOMINGO,EHMA,LIMA,HUARAL,-11.37,-77.02833,H,AUTOMATICA,
47E257D8,VICHAYCOCHA,EHA,LIMA,HUARAL,-11.13916,-76.62455,H,AUTOMATICA,
203003,ANTAPUCRO,HLG,LIMA,HUAROCHIRI,-12.0314,-76.62437,H,REAL,
112124,ANTIOQUIA,PE,LIMA,HUAROCHIRI,-12.07773,-76.51359,M,DIFERIDO,156100
111077,AUTISHA,PLU,LIMA,HUAROCHIRI,-11.73815,-76.61103,M,DIFERIDO,155122
202903,AUTISHA,HLM,LIMA,HUAROCHIRI,-11.73523,-76.60659,H,DIFERIDO,202903
111091,CARAMPOMA,PLU,LIMA,HUAROCHIRI,-11.65503,-76.51514,M,DIFERIDO,155223
111114,CASAPALCA,PLU,LIMA,HUAROCHIRI,-11.63804,-76.23332,M,DIFERIDO,155446
472D73C2,CASAPALCA,EMA,LIMA,HUAROCHIRI,-11.638,-76.23325,M,AUTOMATICA,
112080,HUANCATA,PLU,LIMA,HUAROCHIRI,-12.18618,-76.24066,M,DIFERIDO,151207
112055,HUAROCHIRI,CO,LIMA,HUAROCHIRI,-12.13886,-76.23429,M,REAL,
112082,LANGA,PLU,LIMA,HUAROCHIRI,-12.12645,-76.42108,M,DIFERIDO,151214
111027,MATUCANA,CO,LIMA,HUAROCHIRI,-11.83913,-76.37792,M,REAL,
472CE45A,MATUCANA,EMA,LIMA,HUAROCHIRI,-11.83911,-76.378,M,AUTOMATICA,
202902,MILLOC,HLM,LIMA,HUAROCHIRI,-11.57046,-76.35017,H,DIFERIDO,202902
111144,MILLOC,PLU,LIMA,HUAROCHIRI,-11.57131,-76.34995,M,DIFERIDO,155514
212700,PUENTE ANTAPUCRO,EHA,LIMA,HUAROCHIRI,-12.0333,-76.6333,H,AUTOMATICA,
111061,RIO BLANCO,PLU,LIMA,HUAROCHIRI,-11.73447,-76.25967,M,DIFERIDO,151210
202904,RIO BLANCO,HLG,LIMA,HUAROCHIRI,-11.7345,-76.25938,H,REAL,
111093,SAN JOSE DE PARAC,PLU,LIMA,HUAROCHIRI,-11.80053,-76.25811,M,DIFERIDO,155225
112126,SAN LAZARO DE ESCOMARCA,CO,LIMA,HUAROCHIRI,-12.18088,-76.35207,M,REAL,
202905,SAN MATEO,HLG,LIMA,HUAROCHIRI,-11.76012,-76.30111,H,REAL,
212605,SAN MATEO ,EHA,LIMA,HUAROCHIRI,-11.76012,-76.30111,H,AUTOMATICA,
111175,SAN MATEO DE HUANCHOR,PLU,LIMA,HUAROCHIRI,-11.76017,-76.301,M,REAL,
111291,SAN MATEO DE OTAO,PLU,LIMA,HUAROCHIRI,-11.847,-76.5636,M,DIFERIDO,111291
472EC742,SAN MATEO DE OTAO,EMA,LIMA,HUAROCHIRI,-11.847,-76.56359,M,AUTOMATICA,
111086,SANTA EULALIA,PLU,LIMA,HUAROCHIRI,-11.92,-76.66664,M,REAL,
202930,SANTA EULALIA,HLM,LIMA,HUAROCHIRI,-11.91984,-76.66678,H,REAL,
472E24B0,SANTA EULALIA,EHMA,LIMA,HUAROCHIRI,-11.92,-76.66664,H,AUTOMATICA,
111092,SANTIAGO DE TUNA,PLU,LIMA,HUAROCHIRI,-11.9832,-76.5242,M,DIFERIDO,155224
472CA750,SANTIAGO DE TUNA,EMA,LIMA,HUAROCHIRI,-11.9832,-76.5242,M,AUTOMATICA,
111062,SHEQUE,PLU,LIMA,HUAROCHIRI,-11.66095,-76.5023,M,DIFERIDO,151213
111004,ALCANTARILLA,MAP,LIMA,HUAURA,-11.06068,-77.55011,M,REAL,
110042,AMBAR,PLU,LIMA,HUAURA,-10.75484,-77.2668,M,DIFERIDO,151211
110017,CAMAY,CO,LIMA,HUAURA,-10.91294,-77.6489,M,REAL,
111018,LOMAS DE LACHAY,CO,LIMA,HUAURA,-11.36014,-77.36839,M,REAL,
110056,PACCHO,PLU,LIMA,HUAURA,-10.95602,-76.93473,M,DIFERIDO,155200
111084,PACHAMACHAY,PLU,LIMA,HUAURA,-11.06525,-76.9141,M,DIFERIDO,155207
110053,PAMPA LIBRE,CO,LIMA,HUAURA,-10.86578,-76.97,M,DIFERIDO,155107
110063,PARQUIN,PLU,LIMA,HUAURA,-10.96665,-76.71983,M,DIFERIDO,155212
212301,SAYAN,HLM,LIMA,HUAURA,-11.13476,-77.19832,H,REAL,
4724966C,SAYAN,EHMA,LIMA,HUAURA,-11.13472,-77.19833,H,AUTOMATICA,
111163,UNJF SANCHEZ CARRION - HUACHO,CP,LIMA,HUAURA,-11.12386,-77.60603,M,REAL,
212500,AGUA AZUL BOCATOMA,EHA,LIMA,LIMA,-11.80778,-76.99766,H,AUTOMATICA,
472A218A,ANTONIO RAYMONDI,EMA,LIMA,LIMA,-11.77606,-77.15139,M,AUTOMATICA,
112171,CAMPO DE MARTE,CP,LIMA,LIMA,-12.07053,-77.04317,M,REAL,
112181,CAMPO DE MARTE,EMA,LIMA,LIMA,-12.07056,-77.04314,M,AUTOMATICA,
111286,CARABAYLLO,EMA,LIMA,LIMA,-11.90219,-77.03364,M,AUTOMATICA,
112278,CERES,EMA,LIMA,LIMA,-12.02867,-76.92711,M,AUTOMATICA,
111060,CHOSICA,PLU,LIMA,LIMA,-11.92986,-76.68975,M,REAL,
202906,CHOSICA,HLG,LIMA,LIMA,-11.92983,-76.68973,H,REAL,
47278214,CHOSICA,EHMA,LIMA,LIMA,-11.92986,-76.68964,H,AUTOMATICA,
112281,LAS PALMAS,EMA,LIMA,LIMA,-12.15675,-77.01303,M,AUTOMATICA,
202910,PUENTE HUACHIPA,HLM,LIMA,LIMA,-12.01281,-76.89441,H,REAL,
111287,PUENTE PIEDRA,EMA,LIMA,LIMA,-11.86325,-77.07413,M,AUTOMATICA,
112193,SAN BORJA,EMA,LIMA,LIMA,-12.10859,-77.00769,M,AUTOMATICA,
112267,SAN JUAN DE LURIGANCHO,EMA,LIMA,LIMA,-11.98164,-76.99925,M,AUTOMATICA,
112265,SAN MARTIN DE PORRES,EAA,LIMA,LIMA,-12.00889,-77.08447,M,AUTOMATICA,
112208,SANTA ANITA,EMA,LIMA,LIMA,-12.04302,-76.97144,M,AUTOMATICA,
112233,VILLA MARIA DEL TRIUNFO,EAA,LIMA,LIMA,-12.16639,-76.92,M,AUTOMATICA,
472AC278,VON HUMBOLDT,EMA,LIMA,LIMA,-12.08221,-76.93944,M,AUTOMATICA,
111023,ÑAÑA,CO,LIMA,LIMA,-11.98744,-76.84194,M,REAL,
111290,ÑAÑA,EMA,LIMA,LIMA,-11.98744,-76.84194,M,AUTOMATICA,
110057,ANDAJES,PLU,LIMA,OYON,-10.78333,-76.9,M,DIFERIDO,155201
110092,LAGUNA COCHAQUILLO,PLU,LIMA,OYON,-10.80394,-76.65537,M,DIFERIDO,155291
202601,LAGUNA SURASACA,HLG,LIMA,OYON,-10.5213,-76.7885,H,DIFERIDO,202601
110059,LAGUNA SURASACA,PLU,LIMA,OYON,-10.5238,-76.7867,M,DIFERIDO,155206
110020,OYON,CO,LIMA,OYON,-10.66769,-76.7687,M,DIFERIDO,000541
110021,PICOY,CO,LIMA,OYON,-10.92162,-76.73701,M,REAL,
202607,PICOY,HLG,LIMA,OYON,-10.92164,-76.7367,H,REAL,
110139,PICOY,EHA,LIMA,OYON,-10.92159,-76.73703,H,AUTOMATICA,
112128,AYAVIRI,PLU,LIMA,YAUYOS,-12.38208,-76.13672,M,DIFERIDO,156104
112133,CARANIA,PE,LIMA,YAUYOS,-12.3444,-75.87215,M,DIFERIDO,156109
472364DC,CARANIA,EAMA,LIMA,YAUYOS,-12.3444,-75.87215,M,AUTOMATICA,
112134,HUANGASCAR,PE,LIMA,YAUYOS,-12.89858,-75.83365,M,REAL,
112127,HUAÑEC,PLU,LIMA,YAUYOS,-12.29359,-76.13902,M,DIFERIDO,156103
112081,SAN PEDRO DE PILAS,PLU,LIMA,YAUYOS,-12.4548,-76.22559,M,DIFERIDO,151212
112130,TANTA,PE,LIMA,YAUYOS,-12.11667,-76.01667,M,DIFERIDO,156106
112135,VILCA,PE,LIMA,YAUYOS,-12.11457,-75.82617,M,DIFERIDO,156111
112096,YAURICOCHA,PLU,LIMA,YAUYOS,-12.31478,-75.71209,M,DIFERIDO,155450
112057,YAUYOS,CO,LIMA,YAUYOS,-12.49173,-75.91039,M,REAL,
100080,LAGUNAS,PLU,LORETO,ALTO AMAZONAS,-5.2194,-75.6661,M,DIFERIDO,152304
230603,LAGUNAS,HLM,LORETO,ALTO AMAZONAS,-5.2171,-75.6679,H,REAL,
100128,SAN RAMON,CP,LORETO,ALTO AMAZONAS,-5.93559,-76.11813,M,REAL,
100132,SHANUSI,CO,LORETO,ALTO AMAZONAS,-6.06703,-76.2505,M,DIFERIDO,153315
104061,BORJA,PLU,LORETO,DATEM DEL MARAÑON,-4.4696,-77.5483,M,DIFERIDO,000270
220107,BORJA,HLM,LORETO,DATEM DEL MARAÑON,-4.47,-77.548,H,DIFERIDO,220107
104057,SAN LORENZO,CO,LORETO,DATEM DEL MARAÑON,-4.82954,-76.55477,M,REAL,
220108,SAN LORENZO,HLM,LORETO,DATEM DEL MARAÑON,-4.8322,-76.5554,H,REAL,
221402,NAUTA,HLM,LORETO,LORETO,-4.5146,-73.5831,H,DIFERIDO,221401
104056,NAUTA,CO,LORETO,LORETO,-4.51336,-73.58375,M,REAL,
104098,SAN REGIS,PE,LORETO,LORETO,-4.51301,-73.90751,M,DIFERIDO,150212
220105,SAN REGIS,HLM,LORETO,LORETO,-4.5132,-73.9076,H,DIFERIDO,220105
104112,SAN REGIS,EMA,LORETO,LORETO,-4.51301,-73.90751,M,AUTOMATICA,
104065,SANTA RITA DE CASTILLA,PE,LORETO,LORETO,-4.5922,-74.3806,M,DIFERIDO,152401
240005, PUERTO ALEGRIA,HLM,LORETO,MARISCAL RAMON CASTILLA,-4.11491,-70.05391,H,DIFERIDO,240005
103031,CABALLOCOCHA,CO,LORETO,MARISCAL RAMON CASTILLA,-3.9112,-70.5119,M,REAL,
4727547C,CABALLOCOCHA,EMA,LORETO,MARISCAL RAMON CASTILLA,-3.91125,-70.51206,M,AUTOMATICA,
103054,PEBAS,CO,LORETO,MARISCAL RAMON CASTILLA,-3.3188,-71.8588,M,REAL,
47288486,PEBAS,EAMA,LORETO,MARISCAL RAMON CASTILLA,-3.31791,-71.85962,M,AUTOMATICA,
104010,SANTA ROSA,PLU,LORETO,MARISCAL RAMON CASTILLA,-4.22636,-69.95629,M,DIFERIDO,150209
240108,SANTA ROSA,HLM,LORETO,MARISCAL RAMON CASTILLA,-4.2242,-69.9535,H,DIFERIDO,240108
240503,AMAZONAS,HLM,LORETO,MAYNAS,-3.76668,-73.25308,H,DIFERIDO,240503
103057,AMAZONAS,CO,LORETO,MAYNAS,-3.76397,-73.25492,M,DIFERIDO,000154
103065,AMAZONAS,EMA,LORETO,MAYNAS,-3.76397,-73.25492,M,AUTOMATICA,
240111,BELLAVISTA,HLM,LORETO,MAYNAS,-3.4786,-73.068,H,DIFERIDO,260102
103012,BELLAVISTA,PLU,LORETO,MAYNAS,-3.4788,-73.068,M,DIFERIDO,150205
240102,ENAPU PERU,HLM,LORETO,MAYNAS,-3.72722,-73.23694,H,DIFERIDO,240101
47252718,ENAPU PERU,EHMA,LORETO,MAYNAS,-3.72722,-73.23694,H,AUTOMATICA,
103024,FRANCISCO ORELLANA,CO,LORETO,MAYNAS,-3.42333,-72.76667,M,REAL,
103014,LA LIBERTAD,PLU,LORETO,MAYNAS,-3.4863,-73.2337,M,DIFERIDO,150207
240112,LA LIBERTAD,HLM,LORETO,MAYNAS,-3.4863,-73.2339,H,DIFERIDO,260201
103009,MANITI,PE,LORETO,MAYNAS,-3.5203,-72.8409,M,DIFERIDO,150201
103044,MAZAN,CP,LORETO,MAYNAS,-3.48817,-73.08182,M,REAL,
103023,MORALILLO,CP,LORETO,MAYNAS,-3.89967,-73.33833,M,DIFERIDO,000153
240502,PUENTE ITAYA,HLM,LORETO,MAYNAS,-4.22513,-73.48251,H,DIFERIDO,240502
240302,PUERTO ALMENDRA,HLM,LORETO,MAYNAS,-3.82743,-73.37741,H,DIFERIDO,240302
103046,PUERTO ALMENDRA,CO,LORETO,MAYNAS,-3.8286,-73.377,M,REAL,
103015,PUNCHANA,PE,LORETO,MAYNAS,-3.6903,-73.2556,M,REAL,
103052,SAN ROQUE,CP,LORETO,MAYNAS,-3.78667,-73.29333,M,DIFERIDO,000176
102009,SANTA CLOTILDE,CO,LORETO,MAYNAS,-2.48757,-73.67919,M,DIFERIDO,000177
240110,SANTA CLOTILDE,HLM,LORETO,MAYNAS,-2.487,-73.679,H,DIFERIDO,260101
103013,SANTA CRUZ,PLU,LORETO,MAYNAS,-3.5169,-73.1526,M,DIFERIDO,150206
240109,SANTA CRUZ,HLM,LORETO,MAYNAS,-3.51725,-73.15411,H,DIFERIDO,240109
240001,SANTA MARIA DE NANAY,HLM,LORETO,MAYNAS,-3.8891,-73.6961,H,DIFERIDO,240110
240304,SANTO TOMAS PUNCHANA,HLM,LORETO,MAYNAS,-3.69279,-73.25625,H,DIFERIDO,240304
240106,SEDA LORETO,HLM,LORETO,MAYNAS,-3.7528,-73.281,H,DIFERIDO,240105
103049,TAMSHIYACU,CO,LORETO,MAYNAS,-4.00356,-73.16112,M,REAL,
240103,TAMSHIYACU,HLM,LORETO,MAYNAS,-4.00316,-73.1614,H,REAL,
240202,TIMICURILLO,HLM,LORETO,MAYNAS,-3.5237,-73.0834,H,DIFERIDO,240202
240402,EL ESTRECHO,HLM,LORETO,PUTUMAYO,-2.453,-72.6812,H,DIFERIDO,240402
102006,EL ESTRECHO,CO,LORETO,PUTUMAYO,-2.4467,-72.6643,M,DIFERIDO,000110
240401,ANGAMOS,HLM,LORETO,REQUENA,-5.1512,-72.8752,H,DIFERIDO,240111
105078,ANGAMOS,CO,LORETO,REQUENA,-5.1498,-72.8771,M,DIFERIDO,000269
104067,BAGAZAN,PE,LORETO,REQUENA,-4.724,-73.5321,M,DIFERIDO,152406
105090,BRETAÑA,PE,LORETO,REQUENA,-5.2539,-74.3444,M,DIFERIDO,152402
251100,FLOR DE PUNGA,HLM,LORETO,REQUENA,-5.4077,-74.1569,H,DIFERIDO,231302
105092,FLOR DE PUNGA,PE,LORETO,REQUENA,-5.4055,-74.1591,M,DIFERIDO,152405
251104,GENARO HERRERA,HLM,LORETO,REQUENA,-4.902,-73.6715,H,DIFERIDO,231303
104071,GENARO HERRERA,CP,LORETO,REQUENA,-4.91003,-73.66944,M,REAL,
105095,REQUENA,CO,LORETO,REQUENA,-5.04308,-73.83612,M,DIFERIDO,000280
250101,REQUENA,HLM,LORETO,REQUENA,-5.0411,-73.84,H,DIFERIDO,250101
4724E0FC,REQUENA,EMA,LORETO,REQUENA,-5.0431,-73.8361,M,AUTOMATICA,
105091,TAMANCO,PLU,LORETO,REQUENA,-5.7921,-74.289,M,DIFERIDO,152403
251102,CONTAMANA,HLM,LORETO,UCAYALI,-7.3518,-75.0109,H,DIFERIDO,231301
100034,CONTAMANA,CO,LORETO,UCAYALI,-7.3526,-75.0064,M,DIFERIDO,000387
47287402,CONTAMANA,EAMA,LORETO,UCAYALI,-7.35254,-75.00632,M,AUTOMATICA,
113251,PUENTE INAMBARI,HLM,MADRE DE DIOS,MANU,-13.18638,-70.38401,H,DIFERIDO,113251
47E8201A,SALVACION,EMA,MADRE DE DIOS,MANU,-12.8312,-71.36446,M,AUTOMATICA,
110129,IÑAPARI,CO,MADRE DE DIOS,TAHUAMANU,-10.95589,-69.578,M,REAL,
472587E0,IÑAPARI,EAMA,MADRE DE DIOS,TAHUAMANU,-10.95589,-69.578,M,AUTOMATICA,
260403,CACHUELA,EHMA,MADRE DE DIOS,TAMBOPATA,-12.60442,-69.18304,H,AUTOMATICA,
47E8336C,MALINOWSKY,EMA,MADRE DE DIOS,TAMBOPATA,-12.93411,-69.5175,M,AUTOMATICA,
260402,PUENTE HERRERA,EHMA,MADRE DE DIOS,TAMBOPATA,-12.61361,-69.19413,H,AUTOMATICA,
100109,PUERTO MALDONADO,CP,MADRE DE DIOS,TAMBOPATA,-12.5873,-69.2088,M,REAL,
112279,PUERTO MALDONADO,EMA,MADRE DE DIOS,TAMBOPATA,-12.5873,-69.2088,M,AUTOMATICA,
260002,TAMBOPATA,EHA,MADRE DE DIOS,TAMBOPATA,-12.5925,-69.17529,H,AUTOMATICA,
100059,ICHUÑA,CO,MOQUEGUA,GENERAL SANCHEZ CERRO,-16.14109,-70.5427,M,DIFERIDO,158310
116023,OMATE,CO,MOQUEGUA,GENERAL SANCHEZ CERRO,-16.67531,-70.97925,M,REAL,
116021,PUQUINA,CO,MOQUEGUA,GENERAL SANCHEZ CERRO,-16.62978,-71.18476,M,REAL,
116049,QUINISTAQUILLAS,CO,MOQUEGUA,GENERAL SANCHEZ CERRO,-16.74971,-70.87858,M,REAL,
100142,UBINAS,CO,MOQUEGUA,GENERAL SANCHEZ CERRO,-16.3888,-70.8541,M,REAL,
117007,ILO,CO,MOQUEGUA,ILO,-17.62381,-71.27188,M,REAL,
117008,PUNTA COLES,CO,MOQUEGUA,ILO,-17.69862,-71.37331,M,REAL,
116051,CALACOA,CO,MOQUEGUA,MARISCAL NIETO,-16.73988,-70.68765,M,REAL,
116025,CARUMAS,CO,MOQUEGUA,MARISCAL NIETO,-16.8115,-70.6954,M,REAL,
117002,MOQUEGUA,CP,MOQUEGUA,MARISCAL NIETO,-17.17875,-70.93269,M,REAL,
4723F1BE,MOQUEGUA,EMA,MOQUEGUA,MARISCAL NIETO,-17.17874,-70.93267,M,AUTOMATICA,
214700,OTORA,HLG,MOQUEGUA,MARISCAL NIETO,-17.0073,-70.8536,H,DIFERIDO,204812
117024,OTORA,PLU,MOQUEGUA,MARISCAL NIETO,-17.0041,-70.8504,M,DIFERIDO,158302
116052,PAMPA UMALZO (TITIJONES),CO,MOQUEGUA,MARISCAL NIETO,-16.8439,-70.5494,M,DIFERIDO,158309
117031,TUMILACA,PLU,MOQUEGUA,MARISCAL NIETO,-17.1277,-70.8369,M,DIFERIDO,158314
204804,TUMILACA,HLG,MOQUEGUA,MARISCAL NIETO,-17.12838,-70.83689,H,REAL,
100150,YACANGO,CO,MOQUEGUA,MARISCAL NIETO,-17.09078,-70.86699,M,REAL,
110137,12 DE OCTUBRE,EAMA,PASCO,DANIEL ALCIDES CARRION,-10.60641,-76.52927,M,AUTOMATICA,
110007,YANAHUANCA,CO,PASCO,DANIEL ALCIDES CARRION,-10.4896,-76.5129,M,REAL,
250503,ENTAZ,HLM,PASCO,OXAPAMPA,-10.72244,-75.26238,H,DIFERIDO,250503
110028,OXAPAMPA,CO,PASCO,OXAPAMPA,-10.5642,-75.4184,M,REAL,
4725D79C,OXAPAMPA,EMA,PASCO,OXAPAMPA,-10.59417,-75.38417,M,AUTOMATICA,
109093,PUERTO BERMUDEZ,EAMA,PASCO,OXAPAMPA,-10.28619,-74.94356,M,AUTOMATICA,
110037,CERRO DE PASCO,CO,PASCO,PASCO,-10.69341,-76.26421,M,REAL,
104097,ALTO DE POCLUS,CP,PIURA,AYABACA,-4.9169,-79.89047,M,REAL,
104114,ALTO DE POCLUS,PE,PIURA,AYABACA,-4.91691,-79.89052,M,AUTOMATICA,
104058,AYABACA,CP,PIURA,AYABACA,-4.63776,-79.71077,M,REAL,
47E9177A,EL CIRUELO,EHA,PIURA,AYABACA,-4.29899,-80.1673,H,AUTOMATICA,
47E281B0,HUALCUY,EMA,PIURA,AYABACA,-4.74701,-79.60729,M,AUTOMATICA,
472FC5B8,PAIMAS,EMA,PIURA,AYABACA,-4.63439,-79.94581,M,AUTOMATICA,
47E0C74E,PUENTE MACARA,EHA,PIURA,AYABACA,-4.39338,-79.96412,H,AUTOMATICA,
104019,SAPILLICA,PLU,PIURA,AYABACA,-4.77817,-79.98178,M,REAL,
472FF022,SAPILLICA,EMA,PIURA,AYABACA,-4.79639,-79.99972,M,AUTOMATICA,
472F86B2,CANCHAQUE,EMA,PIURA,HUANCABAMBA,-5.40055,-79.6052,M,AUTOMATICA,
105024,HACIENDA SHUMAYA,PLU,PIURA,HUANCABAMBA,-5.36492,-79.36056,M,DIFERIDO,152128
105055,HUANCABAMBA,CP,PIURA,HUANCABAMBA,-5.24681,-79.45399,M,REAL,
472FE354,HUANCABAMBA,EMA,PIURA,HUANCABAMBA,-5.24681,-79.45399,M,AUTOMATICA,
105064,HUARMACA,CO,PIURA,HUANCABAMBA,-5.56479,-79.51975,M,REAL,
472761E6,HUARMACA,EAMA,PIURA,HUANCABAMBA,-5.56586,-79.52544,M,AUTOMATICA,
100105,PORCULLA,PLU,PIURA,HUANCABAMBA,-5.83964,-79.50572,M,DIFERIDO,152132
105096,SALALA,CP,PIURA,HUANCABAMBA,-5.11153,-79.46349,M,REAL,
220509,SONDORILLO,HLM,PIURA,HUANCABAMBA,-5.33922,-79.41575,H,DIFERIDO,220510
105022,SONDORILLO,CO,PIURA,HUANCABAMBA,-5.3398,-79.43137,M,REAL,
105023,TULUCE,PLU,PIURA,HUANCABAMBA,-5.47718,-79.34742,M,DIFERIDO,152127
105016,CHALACO,CP,PIURA,MORROPON,-5.03865,-79.79168,M,REAL,
472FB328,CHALACO,EMA,PIURA,MORROPON,-5.03389,-79.83,M,AUTOMATICA,
105070,CHULUCANAS,CO,PIURA,MORROPON,-5.10843,-80.16956,M,REAL,
472F6540,CHULUCANAS,EMA,PIURA,MORROPON,-5.10844,-80.16954,M,AUTOMATICA,
47E037CA,CORRAL DEL MEDIO,EHA,PIURA,MORROPON,-5.18871,-79.89148,H,AUTOMATICA,
105013,EL VIRREY,PLU,PIURA,MORROPON,-5.5337,-79.98233,M,REAL,
472F50DA,EL VIRREY,EMA,PIURA,MORROPON,-5.53579,-79.98416,M,AUTOMATICA,
47E074C0,HACIENDA BARRIOS,EHA,PIURA,MORROPON,-5.2895,-79.69909,H,AUTOMATICA,
105015,HACIENDA BIGOTE,PLU,PIURA,MORROPON,-5.3209,-79.7857,M,DIFERIDO,152111
472F95C4,HACIENDA BIGOTE ,EMA,PIURA,MORROPON,-5.32089,-79.78569,M,AUTOMATICA,
108007,MALACASI,CP,PIURA,MORROPON,-5.33977,-79.85794,M,REAL,
472FA05E,MALACASI,EMA,PIURA,MORROPON,-5.33977,-79.85794,M,AUTOMATICA,
105106,MORROPON,CO,PIURA,MORROPON,-5.19465,-79.97107,M,REAL,
472F7636,MORROPON,EMA,PIURA,MORROPON,-5.19465,-79.97107,M,AUTOMATICA,
47E0415A,PUENTE ÑACARA,EHA,PIURA,MORROPON,-5.1128,-80.17296,H,AUTOMATICA,
47E067B6,SALITRAL,EHA,PIURA,MORROPON,-5.34602,-79.83761,H,AUTOMATICA,
100126,SAN PEDRO,PLU,PIURA,MORROPON,-5.07954,-80.01621,M,REAL,
200415,SAN PEDRO,HLG,PIURA,MORROPON,-5.0796,-80.01624,H,REAL,
47E08444,SAN PEDRO,EHA,PIURA,MORROPON,-5.07954,-80.0162,H,AUTOMATICA,
100131,SANTO DOMINGO,CO,PIURA,MORROPON,-5.03825,-79.87049,M,REAL,
105145,SANTO DOMINGO,EMA,PIURA,MORROPON,-5.03827,-79.87049,M,AUTOMATICA,
104090,LA ESPERANZA,CP,PIURA,PAITA,-4.92114,-81.05969,M,REAL,
47E0B1DE,PUENTE SIMON RODRIGUEZ,EHA,PIURA,PAITA,-4.87999,-81.02038,H,AUTOMATICA,
47E0E1A2,BOCATOMA CHIPILLICO,EHA,PIURA,PIURA,-4.7142,-80.11825,H,AUTOMATICA,
47E0F2D4,LAGARTERA,EHA,PIURA,PIURA,-4.7285,-80.06956,H,AUTOMATICA,
105100,MIRAFLORES,MAP,PIURA,PIURA,-5.17528,-80.61654,M,DIFERIDO,000207
105112,MIRAFLORES,EMA,PIURA,PIURA,-5.17528,-80.61654,M,AUTOMATICA,
104084,PARTIDOR,CO,PIURA,PIURA,-4.73197,-80.27982,M,REAL,
104113,PARTIDOR,EMA,PIURA,PIURA,-4.73197,-80.27978,M,AUTOMATICA,
105063,SAN MIGUEL,MAP,PIURA,PIURA,-5.2462,-80.68436,M,REAL,
105143,SAN MIGUEL,PE,PIURA,PIURA,-5.24619,-80.68425,M,AUTOMATICA,
47E0522C,TAMBO GRANDE,EHA,PIURA,PIURA,-4.93848,-80.34703,H,AUTOMATICA,
105012,BERNAL,CO,PIURA,SECHURA,-5.4545,-80.74262,M,REAL,
105144,BERNAL,EMA,PIURA,SECHURA,-5.45449,-80.74262,M,AUTOMATICA,
105105,CHUSIS,CO,PIURA,SECHURA,-5.52756,-80.81275,M,REAL,
105120,CHUSIS,EMA,PIURA,SECHURA,-5.51694,-80.83361,M,AUTOMATICA,
104044,ALAMOR,PLU,PIURA,SULLANA,-4.47749,-80.3979,M,DIFERIDO,152153
200322,ALAMOR,HLM,PIURA,SULLANA,-4.47401,-80.39915,H,DIFERIDO,200324
47E0D438,ALAMOR,EHA,PIURA,SULLANA,-4.47749,-80.39788,H,AUTOMATICA,
47E09732,LA ARDILLA,EHA,PIURA,SULLANA,-4.49094,-80.38819,H,AUTOMATICA,
104016,LANCONES,CO,PIURA,SULLANA,-4.64288,-80.54717,M,REAL,
472FD6CE,LANCONES,EMA,PIURA,SULLANA,-4.6429,-80.54716,M,AUTOMATICA,
104079,MALLARES,CP,PIURA,SULLANA,-4.85574,-80.73556,M,REAL,
104014,PANANGA,PLU,PIURA,SULLANA,-4.51556,-80.73945,M,DIFERIDO,152101
104080,EL ALTO,CO,PIURA,TALARA,-4.26198,-81.21815,M,REAL,
115035,ARAPA,CO,PUNO,AZANGARO,-15.1786,-70.109,M,REAL,
114041,AZANGARO,CO,PUNO,AZANGARO,-14.9172,-70.19046,M,REAL,
114042,MUÑANI,CO,PUNO,AZANGARO,-14.76694,-69.95181,M,REAL,
114040,PROGRESO,CO,PUNO,AZANGARO,-14.6717,-70.3678,M,DIFERIDO,000778
210102,PUENTE  AZANGARO,HLG,PUNO,AZANGARO,-14.91975,-70.18936,H,REAL,
270202,PUENTE AZANGARO,EHMA,PUNO,AZANGARO,-14.92139,-70.18861,H,AUTOMATICA,
4721AAE4,AYMAÑA,EMA,PUNO,CARABAYA,-13.87279,-70.66759,M,AUTOMATICA,
114058,CRUCERO,CO,PUNO,CARABAYA,-14.36419,-70.02592,M,REAL,
114137,CRUCERO,EMA,PUNO,CARABAYA,-14.36416,-70.02583,M,AUTOMATICA,
114039,MACUSANI,CO,PUNO,CARABAYA,-14.06674,-70.42205,M,REAL,
114138,MACUSANI,EMA,PUNO,CARABAYA,-14.06675,-70.42206,M,AUTOMATICA,
113119,SAN GABAN,CO,PUNO,CARABAYA,-13.4609,-70.41,M,REAL,
4721B992,UPINA,EAMA,PUNO,CARABAYA,-13.88492,-70.08281,M,AUTOMATICA,
116075,CALLACAME,PLU,PUNO,CHUCUITO,-16.57225,-69.31697,M,DIFERIDO,116075
116061,JULI,CO,PUNO,CHUCUITO,-16.20378,-69.45992,M,REAL,
116029,PIZACOMA,CO,PUNO,CHUCUITO,-16.9043,-69.3695,M,REAL,
210502,PUENTE YOROHOCO CALLACAME,HLG,PUNO,CHUCUITO,-16.57065,-69.32278,H,REAL,
117041,CAPAZO,CO,PUNO,EL COLLAO,-17.1827,-69.7391,M,DIFERIDO,158326
117060,CHUAPALCA ALTERNATIVA ALTA,HLM,PUNO,EL COLLAO,-17.28727,-69.6435,H,DIFERIDO,117060
116027,ILAVE,CO,PUNO,EL COLLAO,-16.05994,-69.64039,M,REAL,
116026,MAZO CRUZ,CO,PUNO,EL COLLAO,-16.73888,-69.71544,M,REAL,
210301,PUENTE ILAVE,HLG,PUNO,EL COLLAO,-16.0882,-69.6317,H,REAL,
270503,ZAPATILLA,HLM,PUNO,EL COLLAO,-16.1386,-69.5787,H,REAL,
115053,COJATA,CO,PUNO,HUANCANE,-15.0118,-69.3612,M,DIFERIDO,000827
115037,HUANCANE,CO,PUNO,HUANCANE,-15.20687,-69.7583,M,REAL,
210003,HUANCASAYA,EHMA,PUNO,HUANCANE,-15.14308,-69.21467,H,AUTOMATICA,
210201,PUENTE CARRETERA HUANCANE,HLG,PUNO,HUANCANE,-15.21588,-69.79262,H,REAL,
210101,PUENTE CARRETERA RAMIS,HLG,PUNO,HUANCANE,-15.2553,-69.8738,H,REAL,
47251282,PUENTE CARRETERA RAMIS,EHMA,PUNO,HUANCANE,-15.25544,-69.87381,H,AUTOMATICA,
270200,RAMIS,PLU,PUNO,HUANCANE,-15.2558,-69.8739,M,DIFERIDO,157733
115047,TARACO,CO,PUNO,HUANCANE,-15.31167,-69.97247,M,DIFERIDO,000816
115044,CRUCERO ALTO,CO,PUNO,LAMPA,-15.7643,-70.9113,M,REAL,
47E3903C,CRUCERO ALTO,EMA,PUNO,LAMPA,-15.76448,-70.911,M,AUTOMATICA,
100081,LAMPA,CO,PUNO,LAMPA,-15.36109,-70.37415,M,REAL,
472E37C6,PALCA,EMA,PUNO,LAMPA,-15.2359,-70.59313,M,AUTOMATICA,
115027,PAMPAHUTA,CO,PUNO,LAMPA,-15.4837,-70.676,M,REAL,
472DE6A0,PAMPAHUTA,EMA,PUNO,LAMPA,-15.48369,-70.67599,M,AUTOMATICA,
115046,PUCARA,CO,PUNO,LAMPA,-15.04567,-70.36663,M,REAL,
270300,RIO VERDE,HLG,PUNO,LAMPA,-15.68427,-70.60002,H,REAL,
115140,SANTA LUCIA,CO,PUNO,LAMPA,-15.6941,-70.5993,M,DIFERIDO,000865
114134,ANANSAYA -PUNA,EMA,PUNO,MELGAR,-14.33386,-70.52334,M,AUTOMATICA,
114038,AYAVIRI,CO,PUNO,MELGAR,-14.8688,-70.5916,M,REAL,
114035,CHUQUIBAMBILLA,CP,PUNO,MELGAR,-14.7879,-70.7285,M,DIFERIDO,000764
114034,LLALLY,CO,PUNO,MELGAR,-14.95286,-70.88052,M,REAL,
210103,PUENTE AYAVIRI,HLM,PUNO,MELGAR,-14.89249,-70.58544,H,DIFERIDO,210103
114047,SANTA ROSA,CO,PUNO,MELGAR,-14.6178,-70.79278,M,DIFERIDO,000823
115038,HUARAYA MOHO,CO,PUNO,MOHO,-15.3881,-69.4842,M,REAL,
100021,CAPACHICA,CO,PUNO,PUNO,-15.61344,-69.84222,M,REAL,
47256412,ENAFER,EHA,PUNO,PUNO,-15.83647,-70.016,H,AUTOMATICA,
472E4156,ILLPA,EMA,PUNO,PUNO,-15.68726,-70.07988,M,AUTOMATICA,
116033,LARAQUERI,CO,PUNO,PUNO,-16.13599,-70.04587,M,REAL,
472CB426,LARAQUERI,EMA,PUNO,PUNO,-16.13592,-70.04589,M,AUTOMATICA,
115051,MAÑAZO,CO,PUNO,PUNO,-15.79944,-70.33949,M,REAL,
100110,PUNO,CP,PUNO,PUNO,-15.82625,-70.01208,M,REAL,
472DD33A,PUNO,EMA,PUNO,PUNO,-15.82625,-70.01208,M,AUTOMATICA,
115052,RINCON DE LA CRUZ,CO,PUNO,PUNO,-15.99017,-69.80961,M,REAL,
114050,ANANEA,CO,PUNO,SAN ANTONIO DE PUTINA,-14.6763,-69.5339,M,REAL,
114093,PUTINA,CO,PUNO,SAN ANTONIO DE PUTINA,-14.921,-69.8757,M,REAL,
115033,CABANILLAS,CO,PUNO,SAN ROMAN,-15.63911,-70.34661,M,REAL,
115156,CABANILLAS,EMA,PUNO,SAN ROMAN,-15.63909,-70.34661,M,AUTOMATICA,
115138,JULIACA,CO,PUNO,SAN ROMAN,-15.4441,-70.2078,M,DIFERIDO,007454
472CF72C,JULIACA,EMA,PUNO,SAN ROMAN,-15.47106,-70.17122,M,AUTOMATICA,
210405,LAMPA,HLM,PUNO,SAN ROMAN,-15.4437,-70.2092,H,DIFERIDO,210405
210406,PUENTE ISLA CABANILLAS,HLM,PUNO,SAN ROMAN,-15.4718,-70.224,H,DIFERIDO,210406
210407,PUENTE UNOCOLLA COATA,HLG,PUNO,SAN ROMAN,-15.45085,-70.19133,H,REAL,
114096,CUYO CUYO,CO,PUNO,SANDIA,-14.4888,-69.55,M,DIFERIDO,157418
114049,LIMBANI,CO,PUNO,SANDIA,-14.1397,-69.687,M,DIFERIDO,000825
260501,LIMBANI,HLG,PUNO,SANDIA,-14.1481,-69.6902,H,DIFERIDO,260501
114043,TAMBOPATA,CO,PUNO,SANDIA,-14.22529,-69.16178,M,DIFERIDO,000790
116009,ISLA SUANA,CO,PUNO,YUNGUYO,-16.3299,-68.85034,M,DIFERIDO,000822
107012,BELLAVISTA,CO,SAN MARTIN,BELLAVISTA,-7.05517,-76.55836,M,REAL,
107142,BELLAVISTA,PE,SAN MARTIN,BELLAVISTA,-7.05517,-76.55836,M,AUTOMATICA,
221804,BIAVO,HLG,SAN MARTIN,BELLAVISTA,-7.25497,-76.47778,H,DIFERIDO,221804
107095,CUZCO-BIAVO,PLU,SAN MARTIN,BELLAVISTA,-7.25442,-76.4771,M,DIFERIDO,153345
107069,JOSE OLAYA,CO,SAN MARTIN,BELLAVISTA,-7.40711,-76.41389,M,DIFERIDO,153225
107013,LA UNION,CO,SAN MARTIN,BELLAVISTA,-7.16319,-76.49275,M,DIFERIDO,000384
107089,NUEVO LIMA,CO,SAN MARTIN,BELLAVISTA,-7.09628,-76.47233,M,DIFERIDO,153312
106091,SAN PABLO,CO,SAN MARTIN,BELLAVISTA,-6.80956,-76.57625,M,REAL,
106092,ALAO,CO,SAN MARTIN,EL DORADO,-6.517,-76.73806,M,REAL,
106032,SAPOSOA,CO,SAN MARTIN,HUALLAGA,-6.94313,-76.76823,M,REAL,
106094,CUÑUMBUQUE,PLU,SAN MARTIN,LAMAS,-6.50825,-76.48075,M,DIFERIDO,153311
106016,LAMAS,CO,SAN MARTIN,LAMAS,-6.41874,-76.52794,M,REAL,
110127,PACAYZAPA,CO,SAN MARTIN,LAMAS,-6.2818,-76.76171,M,DIFERIDO,110127
100104,PONGO DE CAYNARACHI,CO,SAN MARTIN,LAMAS,-6.33047,-76.28175,M,REAL,
106115,SHANAO,PLU,SAN MARTIN,LAMAS,-6.41312,-76.60028,M,DIFERIDO,153328
221802,SHANAO,HLG,SAN MARTIN,LAMAS,-6.41291,-76.60001,H,DIFERIDO,221802
210006,SHANAO,EHA,SAN MARTIN,LAMAS,-6.41291,-76.60001,H,AUTOMATICA,
106043,TABALOSOS,CO,SAN MARTIN,LAMAS,-6.39533,-76.62533,M,REAL,
100019,CAMPANILLA,CO,SAN MARTIN,MARISCAL CACERES,-7.48434,-76.65311,M,DIFERIDO,003304
107101,HUAYABAMBA,PLU,SAN MARTIN,MARISCAL CACERES,-7.26356,-76.73494,M,DIFERIDO,153350
230504,HUAYABAMBA,HLG,SAN MARTIN,MARISCAL CACERES,-7.26871,-76.73701,H,REAL,
107010,PACHIZA,CO,SAN MARTIN,MARISCAL CACERES,-7.29322,-76.77092,M,REAL,
106088,JEPELACIO,CO,SAN MARTIN,MOYOBAMBA,-6.11275,-76.90761,M,REAL,
106144,JEPELACIO,PE,SAN MARTIN,MOYOBAMBA,-6.11275,-76.90761,M,AUTOMATICA,
106014,MOYOBAMBA,CO,SAN MARTIN,MOYOBAMBA,-6.04481,-76.96822,M,REAL,
106083,SORITOR,CO,SAN MARTIN,MOYOBAMBA,-6.142,-77.09179,M,REAL,
106095,PICOTA,PLU,SAN MARTIN,PICOTA,-6.91989,-76.33022,M,DIFERIDO,153313
230715,PICOTA,HLG,SAN MARTIN,PICOTA,-6.91949,-76.3272,H,REAL,
106098,PILLUANA,CO,SAN MARTIN,PICOTA,-6.77631,-76.29056,M,REAL,
107091,SHAMBOYACU,PLU,SAN MARTIN,PICOTA,-7.0223,-76.12911,M,REAL,
221813,SHAMBOYACU,HLG,SAN MARTIN,PICOTA,-7.02302,-76.12952,H,REAL,
106119,TINGO DE PONAZA,CO,SAN MARTIN,PICOTA,-6.93722,-76.25267,M,REAL,
106145,TINGO DE PONAZA,PE,SAN MARTIN,PICOTA,-6.93722,-76.25267,M,AUTOMATICA,
105103,NARANJILLO,CO,SAN MARTIN,RIOJA,-5.80964,-77.39264,M,DIFERIDO,000219
4724851A,NARANJILLO,EAMA,SAN MARTIN,RIOJA,-5.80962,-77.39321,M,AUTOMATICA,
106013,RIOJA,CO,SAN MARTIN,RIOJA,-6.04728,-77.17197,M,REAL,
106101,CHAZUTA,CO,SAN MARTIN,SAN MARTIN,-6.57119,-76.1315,M,REAL,
221801,CUMBAZA,HLG,SAN MARTIN,SAN MARTIN,-6.47251,-76.38199,H,DIFERIDO,221801
106040,EL PORVENIR,MAP,SAN MARTIN,SAN MARTIN,-6.58903,-76.31825,M,REAL,
4723013A,EL PORVENIR,EAMA,SAN MARTIN,SAN MARTIN,-6.58906,-76.31824,M,AUTOMATICA,
106112,PELEJO,CO,SAN MARTIN,SAN MARTIN,-6.21531,-75.8025,M,DIFERIDO,153322
106110,PUCALLPA - HUIMBAYOC,PLU,SAN MARTIN,SAN MARTIN,-6.45278,-75.84556,M,DIFERIDO,153320
106096,SAN ANTONIO,CO,SAN MARTIN,SAN MARTIN,-6.41274,-76.4072,M,DIFERIDO,153314
100138,TARAPOTO,CO,SAN MARTIN,SAN MARTIN,-6.47597,-76.37039,M,REAL,
230700,PUENTE TOCACHE,HLG,SAN MARTIN,TOCACHE,-8.18475,-76.50789,H,REAL,
100137,TANANTA,CP,SAN MARTIN,TOCACHE,-8.11524,-76.58049,M,REAL,
47E2E456,TOCACHE,EHMA,SAN MARTIN,TOCACHE,-8.18475,-76.50789,H,AUTOMATICA,
117054,ARICOTA,CO,TACNA,CANDARAVE,-17.32913,-70.23731,M,DIFERIDO,117054
117030,CAIRANI,CO,TACNA,CANDARAVE,-17.28121,-70.36269,M,DIFERIDO,158313
117019,CANDARAVE,CO,TACNA,CANDARAVE,-17.26776,-70.25537,M,REAL,
47E2C2BA,CANDARAVE,EMA,TACNA,CANDARAVE,-17.268,-70.25409,M,AUTOMATICA,
47E1654C,CORACHAY II,EHA,TACNA,CANDARAVE,-17.11435,-70.28838,H,AUTOMATICA,
47E12646,LAGUNA ARICOTA,EHA,TACNA,CANDARAVE,-17.37093,-70.30847,H,AUTOMATICA,
117016,ILABAYA,CO,TACNA,JORGE BASADRE,-17.41783,-70.51281,M,REAL,
117012,ITE,CO,TACNA,JORGE BASADRE,-17.86008,-70.95169,M,REAL,
205010,LOCUMBA,HLM,TACNA,JORGE BASADRE,-17.6179,-70.761,H,REAL,
47E186BE,PUENTE VIEJO,EHA,TACNA,JORGE BASADRE,-17.61756,-70.76097,H,AUTOMATICA,
214800,TICAPAMPA,EHA,TACNA,JORGE BASADRE,-17.47659,-70.54263,H,AUTOMATICA,
100016,BOCATOMA,CO,TACNA,TACNA,-17.5802,-69.62672,M,DIFERIDO,008331
47E2B42A,BOCATOMA EL AYRO,EMA,TACNA,TACNA,-17.58019,-69.62673,M,AUTOMATICA,
117003,CALANA,CP,TACNA,TACNA,-17.97458,-70.1932,M,REAL,
117015,CALIENTES,CO,TACNA,TACNA,-17.884,-70.1425,M,REAL,
215000,CANAL UCHUSUMA,HLG,TACNA,TACNA,-17.5807,-69.6264,H,DIFERIDO,205206
47E143A0,CAPLINA,EHA,TACNA,TACNA,-17.6921,-69.92511,H,AUTOMATICA,
47E13530,CERRO BLANCO,EHA,TACNA,TACNA,-17.96873,-70.15231,H,AUTOMATICA,
47E195C8,CHALLATA,EHA,TACNA,TACNA,-17.81542,-70.09896,H,AUTOMATICA,
214901,CORUCA,HLG,TACNA,TACNA,-17.63312,-70.45456,H,REAL,
118004,JORGE BASADRE,MAP,TACNA,TACNA,-18.02689,-70.25153,M,REAL,
4722F344,LA TRANCA,EHA,TACNA,TACNA,-17.74313,-70.47178,H,AUTOMATICA,
118002,LA YARADA,CP,TACNA,TACNA,-18.2107,-70.5259,M,REAL,
117037,PALCA,CO,TACNA,TACNA,-17.77795,-69.95864,M,REAL,
117043,PAUCARANI,CO,TACNA,TACNA,-17.53291,-69.78039,M,DIFERIDO,158328
47E113DC,REPRESA PAUCARANI,EHA,TACNA,TACNA,-17.53436,-69.76499,H,AUTOMATICA,
117018,SAMA GRANDE,CO,TACNA,TACNA,-17.78758,-70.48962,M,REAL,
117059,ANCOAQUE,EHA,TACNA,TARATA,-17.19972,-69.93917,H,AUTOMATICA,
270900,CHUAPALCA,HLM,TACNA,TARATA,-17.2981,-69.6468,H,DIFERIDO,211706
117013,CHUAPALCA,CO,TACNA,TARATA,-17.3088,-69.6618,M,DIFERIDO,000860
47E292C6,CHUAPALCA,EMA,TACNA,TARATA,-17.30882,-69.66179,M,AUTOMATICA,
117049,LA FRONTERA,CO,TACNA,TARATA,-17.3824,-69.4864,M,DIFERIDO,158332
47E150D6,PUENTE TALAPALCA,EHA,TACNA,TARATA,-17.47487,-70.17265,H,AUTOMATICA,
47E1B324,REPRESA JARUMAS,EHA,TACNA,TARATA,-17.3692,-69.94863,H,AUTOMATICA,
47E1763A,SALIDA TUNEL KOVIRE,EHA,TACNA,TARATA,-17.23804,-70.00854,H,AUTOMATICA,
117033,SUSAPAYA,CO,TACNA,TARATA,-17.34771,-70.13472,M,REAL,
117039,TALABAYA,CO,TACNA,TARATA,-17.5526,-69.9868,M,DIFERIDO,158323
117020,TARATA,CO,TACNA,TARATA,-17.47935,-70.03663,M,REAL,
47E2D1CC,TARATA,EMA,TACNA,TARATA,-17.47937,-70.03665,M,AUTOMATICA,
117014,VILACOTA,CO,TACNA,TARATA,-17.07906,-70.04302,M,DIFERIDO,000861
211705,VILACOTA,HLM,TACNA,TARATA,-17.0786,-70.0424,H,DIFERIDO,211707
47E2A75C,VILACOTA,EMA,TACNA,TARATA,-17.07909,-70.04302,M,AUTOMATICA,
103042,CAÑAVERAL,CO,TUMBES,CONTRALMIRANTE VILLAR,-3.9391,-80.65058,M,REAL,
472F13D0,CAÑAVERAL,EMA,TUMBES,CONTRALMIRANTE VILLAR,-3.93905,-80.65055,M,AUTOMATICA,
103043,CABO INGA,CO,TUMBES,TUMBES,-3.97594,-80.40182,M,DIFERIDO,000139
47E01126,CABO INGA H,EHA,TUMBES,TUMBES,-3.97873,-80.39938,H,AUTOMATICA,
472F00A6,CABO INGA M,EMA,TUMBES,TUMBES,-3.97594,-80.40182,M,AUTOMATICA,
472EF2D8,CAMPAMENTO SEDE,EMA,TUMBES,TUMBES,-3.55115,-80.42962,M,AUTOMATICA,
200202,EL TIGRE,HLG,TUMBES,TUMBES,-3.76848,-80.45685,H,REAL,
4724A3F6,EL TIGRE,EHMA,TUMBES,TUMBES,-3.7687,-80.45689,H,AUTOMATICA,
472F43AC,HUASIMO,EMA,TUMBES,TUMBES,-3.99815,-80.50392,M,AUTOMATICA,
100072,LA CRUZ,CP,TUMBES,TUMBES,-3.62829,-80.56927,M,REAL,
47E024BC,PUENTE TUMBES,EHA,TUMBES,TUMBES,-3.5709,-80.4609,H,AUTOMATICA,
103038,PUERTO PIZARRO,CO,TUMBES,TUMBES,-3.5038,-80.39504,M,REAL,
103068,PUERTO PIZARRO,EMA,TUMBES,TUMBES,-3.50396,-80.39538,M,AUTOMATICA,
103036,RICA PLAYA,CO,TUMBES,TUMBES,-3.8119,-80.50546,M,REAL,
472F264A,RICA PLAYA,EMA,TUMBES,TUMBES,-3.81333,-80.4575,M,AUTOMATICA,
103041,EL SALTO,CO,TUMBES,ZARUMILLA,-3.45171,-80.2802,M,DIFERIDO,000135
103008,MATAPALO,PLU,TUMBES,ZARUMILLA,-3.68277,-80.19857,M,DIFERIDO,150112
472F353C,MATAPALO,EMA,TUMBES,ZARUMILLA,-3.68276,-80.19851,M,AUTOMATICA,
103040,PAPAYAL,CO,TUMBES,ZARUMILLA,-3.56732,-80.23324,M,REAL,
47E86310,CALLERIA,EMA,UCAYALI,CORONEL PORTILLO,-7.89825,-74.49886,M,AUTOMATICA,
108021,PUCALLPA,CP,UCAYALI,CORONEL PORTILLO,-8.41323,-74.57185,M,DIFERIDO,000449
108028,AGUAYTIA,CO,UCAYALI,PADRE ABAD,-9.04225,-75.50624,M,REAL,
108027,EL MARONAL,CP,UCAYALI,PADRE ABAD,-8.44999,-75.09681,M,DIFERIDO,000459
231201,PUENTE AGUAYTIA,HLG,UCAYALI,PADRE ABAD,-9.03738,-75.50449,H,REAL,
100121,SAN ALEJANDRO,CO,UCAYALI,PADRE ABAD,-8.83444,-75.21639,M,REAL,
250103,SAN ALEJANDRO,HLM,UCAYALI,PADRE ABAD,-8.83091,-75.21281,H,REAL,
47E87066,PUERTO ESPERANZA,EMA,UCAYALI,PURUS,-9.77083,-70.70666,M,AUTOMATICA,
116060,DESAGUADERO,CO,PUNO,CHUCUITO,-16.56327,-69.03682,M,DIFERIDO,000883
270001,DESAGUADERO,EHA,PUNO,CHUCUITO,-16.56364,-69.03667,H,AUTOMATICA,
101004,GUEPPI,EMA,LORETO,PUTUMAYO,0.1172,-75.2503,M,AUTOMATICA,
100065,ISLA SOTO,CO,PUNO,MOHO,-15.56221,-69.48898,M,DIFERIDO,000817
115049,ISLA TAQUILE,CO,PUNO,PUNO,-15.77019,-69.69107,M,REAL,
100088,LOS UROS,CO,PUNO,PUNO,-15.82039,-69.97413,M,REAL,
270500,MUELLE LAGO,HLM,PUNO,PUNO,-15.83361,-70.01694,H,DIFERIDO,210902
270700,PUENTE INTERNACIONAL DESAGUADERO,HLG,PUNO,CHUCUITO,-16.5638,-69.0363,H,REAL,
