codigo,estacion,categoria,departamento,provincia,latitud,longitud,icono,estado,codigo_antiguo,2026092018,2026092100,2026092106,2026092112,2026092118,2026092200,2026092206,2026092212,2026092218,2026092300,2026092306,2026092312,2026092318,2026092400,2026092406,2026092412,2026092418,2026092500,2026092506,2026092512
472B55E0,PUENTE SALINAS AMOJAO,EHA,AMAZONAS,BAGUA,-5.45096,-78.4894,H,AUTOMATICA,,,,,,,,,,,,,,,,,,,,,0.0
472C57D4,BAGUA,EAMA,AMAZONAS,UTCUBAMBA,-5.66145,-78.53403,M,AUTOMATICA,,,0.0,0.0,0.0,0.0,0.0,0.0,0.0,0.0,0.0,0.0,0.0,0.0,5.4,0.0,0.0,0.0,0.0,0.0,0.0
472B607A,CORRAL QUEMADO,EHA,AMAZONAS,UTCUBAMBA,-5.75461,-78.69208,H,AUTOMATICA,,,0.0,0.0,0.0,0.0,0.0,0.0,0.0,0.0,0.0,0.0,0.0,0.0,0.5,0.0,0.0,0.0,0.0,0.0,0.0
472B2370,MAGUNCHAL,EHA,AMAZONAS,UTCUBAMBA,-5.88987,-78.18876,H,AUTOMATICA,,,0.0,0.0,0.0,0.0,0.0,0.0,0.0,0.0,0.0,,0.0,0.7,0.0,0.0,0.0,0.0,0.0,0.0,0.0
220907,NARANJITO,EHA,AMAZONAS,UTCUBAMBA,-5.81968,-78.27598,H,AUTOMATICA,,,0.0,0.0,0.0,0.0,0.0,0.0,0.0,0.0,0.0,0.0,0.0,0.9,0.0,0.0,0.0,0.0,0.0,0.0,0.0
109096,BUENA VISTA,EMA,ANCASH,CASMA,-9.43372,-78.20828,M,AUTOMATICA,,,0.0,0.0,0.0,0.0,0.0,0.0,0.0,0.0,0.0,0.0,0.0,0.0,0.0,0.0,0.0,0.0,0.0,0.0,0.0
4725A10C,CHAVIN,EAMA,ANCASH,HUARI,-9.58598,-77.17529,M,AUTOMATICA,,,0.0,0.0,,0.0,0.0,0.0,0.0,0.0,0.0,0.0,0.0,0.0,0.0,0.0,0.0,0.0,0.0,0.0,0.0
109091,SAUCEPAMPA,EMA,ANCASH,HUAYLAS,-9.0309,-77.7763,M,AUTOMATICA,,,0.0,0.0,0.0,0.0,0.0,0.0,0.0,0.0,0.0,0.0,0.0,0.0,0.0,0.6,0.0,0.0,0.0,0.0,0.0
472182DA,PUENTE CAHUA,EHA,ANCASH,OCROS,-10.60597,-77.34388,H,AUTOMATICA,,,,,,,,,,,,,,,,,,,,,
47E89394,PACHACOTO,EMA,ANCASH,RECUAY,-9.85243,-77.40607,M,AUTOMATICA,,,0.0,0.0,0.0,0.0,0.0,0.0,0.0,0.0,0.0,0.5,0.0,0.0,11.1,0.1,0.1,0.1,0.0,0.0,0.0
47259496,RECUAY,EMA,ANCASH,RECUAY,-9.72919,-77.45365,M,AUTOMATICA,,,0.0,0.0,,0.0,0.0,0.0,0.0,0.0,0.0,0.0,0.0,0.0,0.0,0.0,0.0,0.0,0.1,0.0,0.0
110138,SHAQUEK,EMA,ANCASH,RECUAY,-10.07116,-77.52504,M,AUTOMATICA,,,0.0,0.0,0.0,0.0,0.0,0.0,0.0,0.0,,0.0,0.0,0.0,0.0,0.0,0.0,0.0,0.0,0.0,0.0
211601,SAN JACINTO,EHA,ANCASH,SANTA,-9.141,-78.2023,H,AUTOMATICA,,,,,,,,,,,,,,,,,,,,,
113253,CURAHUASI,EMA,APURIMAC,ABANCAY,-13.5526,-72.7349,M,AUTOMATICA,,,0.0,0.0,0.0,0.0,0.0,0.0,0.0,0.0,0.0,0.0,0.0,0.0,,0.0,0.0,0.0,0.9,0.0,0.0
47263360,GRANJA SAN ANTONIO,EAMA,APURIMAC,ABANCAY,-13.60492,-72.85693,M,AUTOMATICA,,,0.0,0.0,,0.0,0.0,0.0,0.0,0.0,0.0,0.0,0.0,0.0,0.0,0.0,0.0,3.8,0.0,0.0,0.0
472B16EA,HUACULLO,EMA,APURIMAC,ANTABAMBA,-14.65289,-72.57275,M,AUTOMATICA,,,0.0,0.0,0.0,0.0,0.0,0.0,0.0,0.0,0.0,0.0,0.0,0.0,0.0,0.0,0.0,0.0,0.0,0.0,0.0
113246,TANCAYLLO,EMA,APURIMAC,CHINCHEROS,-13.63523,-73.69004,M,AUTOMATICA,,,0.0,0.0,0.0,0.0,0.0,0.0,0.0,0.0,0.0,0.0,0.0,0.0,0.0,0.0,0.0,0.0,0.0,0.0,0.0
472A1410,CASACCANCHA,EMA,APURIMAC,COTABAMBAS,-13.98923,-72.29832,M,AUTOMATICA,,,0.0,0.0,0.0,0.0,0.0,0.0,0.0,0.0,2.4,0.0,0.0,0.0,0.0,0.0,0.0,0.0,0.0,0.0,0.0
116085,AREQUIPA UV,EMA,AREQUIPA,AREQUIPA,-16.4042,-71.55155,M,AUTOMATICA,,,,0.0,,,,,0.0,,,,0.0,,,,,,0.0,,
47E26242,BOYADERO,EHA,AREQUIPA,AREQUIPA,-16.58989,-72.00886,H,AUTOMATICA,,,0.0,0.0,0.0,0.0,0.0,0.0,0.0,0.0,0.0,0.0,0.0,0.0,0.0,0.0,0.0,0.0,0.0,0.0,0.0
116083,CAYMA,PLU,AREQUIPA,AREQUIPA,-16.31689,-71.57919,M,AUTOMATICA,,,0.0,0.0,0.0,0.0,0.0,0.0,0.0,0.0,0.0,0.0,0.0,0.0,0.0,0.0,0.0,0.0,0.0,0.0,0.0
472147C4,CHARCANI,EHA,AREQUIPA,AREQUIPA,-16.31086,-71.49511,H,AUTOMATICA,,,0.0,0.0,0.0,0.0,0.0,0.0,0.0,0.0,0.0,0.0,0.0,0.0,0.0,0.0,0.0,0.0,0.0,0.0,0.0
116077,CHIGUATA,PLU,AREQUIPA,AREQUIPA,-16.40645,-71.40914,M,AUTOMATICA,,,0.0,0.0,0.0,0.0,0.0,0.0,0.0,0.0,0.0,0.0,0.0,0.0,0.0,0.0,0.0,0.0,0.0,0.0,0.0
116079,HUASACACHE,EMA,AREQUIPA,AREQUIPA,-16.45774,-71.56635,M,AUTOMATICA,,,0.0,0.0,0.0,0.0,0.0,0.0,,,,,,,,,,,,,
116065,LA PAMPILLA,EMA,AREQUIPA,AREQUIPA,-16.41384,-71.53452,M,AUTOMATICA,,,0.0,0.0,0.0,0.0,0.0,0.0,0.0,0.0,0.0,0.0,0.0,0.0,0.0,0.0,0.0,0.0,0.0,0.0,0.0
116086,LAS SALINAS,EMA,AREQUIPA,AREQUIPA,-16.32064,-71.15212,M,AUTOMATICA,,,0.0,0.0,0.0,0.0,0.0,0.0,,,,,,,,,,,,,
47E360B8,PATAHUASI,EMA,AREQUIPA,AREQUIPA,-16.05542,-71.41481,M,AUTOMATICA,,,0.0,0.0,0.0,0.0,0.0,0.0,0.0,0.0,0.0,0.0,0.0,0.0,0.0,,0.0,0.0,0.0,0.0,0.0
4722E032,PUENTE DEL DIABLO,EHA,AREQUIPA,AREQUIPA,-16.42665,-71.67507,H,AUTOMATICA,,,0.0,0.0,0.0,0.0,0.0,,0.0,0.0,0.0,,0.0,0.0,0.0,0.0,0.0,0.0,0.0,0.0,
116082,SAN FRANCISCO,PLU,AREQUIPA,AREQUIPA,-16.38519,-71.49044,M,AUTOMATICA,,,0.0,0.0,0.0,0.0,0.0,0.0,0.0,0.0,0.0,0.0,0.0,0.0,0.0,0.0,0.0,0.0,0.0,0.0,0.0
47E3B6D0,SAN JOSE DE UZUNA,EMA,AREQUIPA,AREQUIPA,-16.58103,-71.32836,M,AUTOMATICA,,,0.0,0.0,0.0,0.0,0.0,0.0,0.0,0.0,0.0,0.0,0.0,0.0,0.0,0.0,0.0,0.0,0.0,0.0,0.0
47E27134,SOCOSANI,EHA,AREQUIPA,AREQUIPA,-16.25944,-71.72056,H,AUTOMATICA,,,0.0,0.0,,0.0,0.0,0.0,,0.0,0.0,0.0,0.0,0.0,,0.0,0.0,0.0,0.0,0.0,0.0
472EE1AE,TINGO GRANDE,EHA,AREQUIPA,AREQUIPA,-16.45992,-71.57431,H,AUTOMATICA,,,,0.0,,,,,0.0,,,,0.0,,,,,,0.0,,
116078,TUCTUMPAYA,PLU,AREQUIPA,AREQUIPA,-16.48827,-71.33463,M,AUTOMATICA,,,0.0,0.0,0.0,0.0,0.0,0.0,0.0,0.0,0.0,0.0,0.0,0.0,0.0,0.0,0.0,0.0,0.0,0.0,0.0
116081,YURA,PLU,AREQUIPA,AREQUIPA,-16.30271,-71.62395,M,AUTOMATICA,,,,,,,,,,,,,,,,,,,,,
116084,CAMANA,PE,AREQUIPA,CAMANA,-16.64395,-72.70432,M,AUTOMATICA,,,,,,,,,,,,,0.0,,,,,,0.0,,
472D23BE,OCOÑA,EHMA,AREQUIPA,CAMANA,-16.427,-73.1145,H,AUTOMATICA,,,0.0,0.8,0.0,0.8,0.0,0.0,0.2,0.0,0.0,0.0,0.0,0.0,0.2,0.0,,0.0,0.0,0.0,0.0
214400,HUATIAPA,EHA,AREQUIPA,CASTILLA,-16.00806,-72.48355,H,AUTOMATICA,,,,,,,,,,,,,,,,,,,,,
4723D752,CHIVAY,EAMA,AREQUIPA,CAYLLOMA,-15.64163,-71.60169,M,AUTOMATICA,,,0.0,0.0,0.0,0.0,0.0,0.0,0.0,0.0,0.0,0.0,0.0,0.0,0.0,0.0,0.0,0.0,0.0,0.0,0.0
47E8A60E,COTACOTA,EMA,AREQUIPA,CAYLLOMA,-15.21331,-71.38955,M,AUTOMATICA,,,0.0,0.0,0.0,0.0,0.0,,0.0,0.0,0.0,0.0,0.0,0.0,0.0,0.0,0.0,0.0,0.0,0.0,0.0
47E3A5A6,HUANCA,EMA,AREQUIPA,CAYLLOMA,-16.03458,-71.88108,M,AUTOMATICA,,,0.0,0.0,0.0,0.0,0.0,0.0,0.0,0.0,0.0,0.0,0.0,0.0,0.0,0.0,0.0,0.0,0.0,0.0,0.0
47E3834A,IMATA,EMA,AREQUIPA,CAYLLOMA,-15.84266,-71.09062,M,AUTOMATICA,,,0.0,0.0,0.0,0.0,0.0,0.0,0.0,0.0,0.0,0.0,0.0,0.0,0.0,0.0,0.0,0.0,0.0,0.0,
4729E39A,PAMPA DE MAJES,EMA,AREQUIPA,CAYLLOMA,-16.33565,-72.15266,M,AUTOMATICA,,,0.0,0.0,0.0,0.0,0.0,0.0,0.1,0.0,0.0,0.0,0.0,0.0,,0.0,0.0,0.0,0.0,0.0,0.0
47E373CE,PILLONES,EMA,AREQUIPA,CAYLLOMA,-15.97861,-71.21333,M,AUTOMATICA,,,0.0,0.0,0.0,0.0,0.0,0.0,0.0,0.0,0.0,0.0,,0.0,0.0,0.0,0.0,0.0,0.0,0.0,0.0
47265686,SIBAYO,EHA,AREQUIPA,CAYLLOMA,-15.49422,-71.4638,H,AUTOMATICA,,,,,,,,,,,,,,,,,,,,,
472ED434,SUMBAY,EHA,AREQUIPA,CAYLLOMA,-15.81667,-71.11667,H,AUTOMATICA,,,0.0,0.0,0.0,0.0,0.0,0.0,0.0,0.0,0.0,0.0,0.0,0.0,0.0,0.0,0.0,0.0,0.0,0.0,0.0
115150,COROPUNA,EMA,AREQUIPA,CONDESUYOS,-15.53597,-72.61056,M,AUTOMATICA,,,,,,,,,,,,,,,,,,,,,
114119,VISCA VISCA,EMA,AREQUIPA,CONDESUYOS,-14.7228,-71.9787,M,AUTOMATICA,,,0.0,0.0,0.0,0.0,0.0,0.0,0.0,0.0,0.0,0.0,0.0,0.0,0.0,0.0,0.0,0.0,0.0,0.0,0.0
47280292,COTAHUASI,EAMA,AREQUIPA,LA UNION,-15.21134,-72.89331,M,AUTOMATICA,,,0.0,,,,,,0.0,7.4,22.5,,,0.0,0.0,0.0,0.0,0.0,0.0,,0.0
115151,CUYAU,EHA,AREQUIPA,LA UNION,-15.21794,-72.93564,H,AUTOMATICA,,,0.0,0.0,0.0,0.0,0.0,0.0,0.0,0.0,0.0,0.0,0.0,0.0,0.0,0.0,0.0,0.0,0.0,0.0,0.0
4729D600,PAMPA CANGALLO,EMA,AYACUCHO,CANGALLO,-13.56184,-74.19889,M,AUTOMATICA,,,0.0,0.0,0.0,0.0,0.0,0.0,0.0,0.0,0.0,0.0,0.0,0.0,0.0,0.0,0.0,0.0,0.0,0.0,0.0
113248,SANTA CRUZ DE HOSPICIO,EAMA,AYACUCHO,CANGALLO,-13.4383,-74.7993,M,AUTOMATICA,,,0.0,0.0,0.0,0.0,0.0,0.0,0.0,0.0,0.0,0.0,0.0,0.0,0.0,0.0,0.0,0.0,0.0,0.0,0.0
250900,PUENTE PAMPAS GORE APU,EHA,AYACUCHO,HUAMANGA,-13.43493,-73.82737,H,AUTOMATICA,,,0.0,0.0,0.0,0.0,0.0,0.0,0.0,0.0,0.0,0.0,0.0,0.0,0.0,0.0,0.0,0.0,0.0,0.0,0.0
114122,CCONTACC,EMA,AYACUCHO,LUCANAS,-14.5423,-74.2642,M,AUTOMATICA,,,0.0,0.0,0.0,0.0,0.0,0.0,0.0,0.0,0.0,0.0,0.0,0.0,0.0,0.0,0.0,0.0,0.0,0.0,0.0
47290068,HUAC-HUAS,EMA,AYACUCHO,LUCANAS,-14.12861,-74.94583,M,AUTOMATICA,,,0.0,0.0,0.0,0.0,0.0,0.0,0.0,0.0,0.0,0.0,0.0,0.0,0.0,0.0,0.0,0.0,0.0,0.0,0.0
114127,PAMPA GALERAS,EMA,AYACUCHO,LUCANAS,-14.66917,-74.40361,M,AUTOMATICA,,,0.0,0.0,0.0,0.0,0.0,0.0,0.0,0.0,0.0,0.0,0.0,0.0,0.0,0.0,0.0,0.0,0.0,0.0,0.0
114121,HURAY HUMA,EMA,AYACUCHO,PARINACOCHAS,-14.564,-73.5558,M,AUTOMATICA,,,0.0,0.0,,0.0,0.0,,0.0,0.0,0.0,,0.0,0.0,0.0,0.0,0.0,0.0,0.0,0.0,0.0
115155,PAUZA,PE,AYACUCHO,PAUCAR DEL SARA SARA,-15.275,-73.34083,M,AUTOMATICA,,,,,,,,,,,,,,,,,,,,,
4725B27A,PAUCARAY,EAMA,AYACUCHO,SUCRE,-14.04361,-73.63833,M,AUTOMATICA,,,,,,,,,,,,,,,,,,,,,
4729F0EC,CAJABAMBA,EMA,CAJAMARCA,CAJABAMBA,-7.62167,-78.05111,M,AUTOMATICA,,,0.0,0.0,0.0,0.0,3.7,0.0,0.0,0.0,0.0,0.0,0.0,0.0,0.0,0.0,0.0,0.0,19.3,0.0,0.2
472A32FC,CRISNEJAS,EHA,CAJAMARCA,CAJABAMBA,-7.4639,-78.1131,H,AUTOMATICA,,,0.0,0.0,0.0,0.0,0.0,0.0,0.0,0.0,0.0,0.0,0.0,0.0,0.0,0.0,0.0,0.0,0.0,0.0,0.0
472645F0,UNC CAJAMARCA,EMA,CAJAMARCA,CAJAMARCA,-7.16747,-78.49307,M,AUTOMATICA,,,0.2,0.0,,0.0,0.4,0.0,4.0,0.0,0.0,0.2,0.2,0.0,0.0,0.9,0.0,0.5,0.5,0.0,0.0
472501F4,BALSAS,EHMA,CAJAMARCA,CELENDIN,-6.84461,-78.03025,H,AUTOMATICA,,,,,,,,,,,,,,,,,,,,,
4726631C,CELENDIN,EMA,CAJAMARCA,CELENDIN,-6.85303,-78.14487,M,AUTOMATICA,,,0.2,0.2,0.2,0.0,0.0,0.2,,0.0,0.0,0.0,0.0,0.0,0.0,0.2,0.0,0.2,0.0,0.2,0.0
4726C3E4,CHOTA,EMA,CAJAMARCA,CHOTA,-6.55405,-78.67588,M,AUTOMATICA,,,3.4,0.0,0.0,0.0,0.0,6.9,0.0,,0.0,0.0,1.0,0.0,,0.0,0.0,,0.0,0.0,1.4
47E94706,HUAMBOS,EMA,CAJAMARCA,CHOTA,-6.45364,-78.96319,M,AUTOMATICA,,,0.0,0.0,0.0,0.0,0.0,0.0,0.0,0.0,0.0,0.0,0.0,0.0,0.0,0.0,0.0,0.0,0.0,0.0,0.0
47E1D6C2,PUENTE SAN CARLOS,EHMA,CAJAMARCA,CHOTA,-6.61515,-79.27136,H,AUTOMATICA,,,0.0,0.0,0.0,0.0,0.0,0.0,0.0,0.0,0.0,0.0,0.0,0.0,0.0,,0.0,0.0,0.0,,0.0
47E1F02E,TUNEL CHOTANO,EHMA,CAJAMARCA,CHOTA,-6.54049,-78.78432,H,AUTOMATICA,,,0.0,0.0,0.0,0.0,0.0,0.0,0.0,0.0,0.0,0.0,0.3,0.0,1.6,0.3,0.1,0.1,0.2,0.0,0.0
472C92CA,CASCABAMBA,EMA,CAJAMARCA,CONTUMAZA,-7.38407,-78.72682,M,AUTOMATICA,,,0.0,0.0,0.0,0.0,0.0,0.0,0.0,0.0,0.0,0.0,0.0,0.0,0.2,0.1,0.1,0.0,1.2,0.0,0.0
472C81BC,GUZMANGO,EMA,CAJAMARCA,CONTUMAZA,-7.38133,-78.9033,M,AUTOMATICA,,,0.0,0.0,0.0,0.0,0.0,0.0,0.0,0.0,0.0,0.0,0.0,0.0,0.4,0.0,0.0,0.0,0.0,0.0,0.0
4727470A,PUENTE CHILETE,EHMA,CAJAMARCA,CONTUMAZA,-7.21968,-78.83798,H,AUTOMATICA,,,0.0,0.0,0.0,0.0,0.0,0.0,,0.0,0.0,0.0,0.0,0.0,0.0,0.0,0.0,0.0,0.0,0.0,0.0
4726E508,YONAN GORE,EHA,CAJAMARCA,CONTUMAZA,-7.25592,-79.09909,H,AUTOMATICA,,,0.0,0.0,0.0,0.0,0.0,0.0,,0.0,0.0,0.0,0.0,0.0,0.0,0.0,0.0,0.0,0.0,0.0,0.0
472B3006,CUMBA,EHA,CAJAMARCA,CUTERVO,-5.94135,-78.66413,H,AUTOMATICA,,,0.0,0.0,0.0,0.0,0.0,0.0,2.3,0.0,0.0,,0.0,0.0,0.7,0.0,0.0,0.0,0.0,0.0,0.0
4726A602,CUTERVO,EMA,CAJAMARCA,CUTERVO,-6.37914,-78.81339,M,AUTOMATICA,,,0.0,,0.0,0.0,0.0,0.0,0.0,0.0,0.0,,1.7,0.0,,,,,,0.0,0.0
4726D092,BAMBAMARCA H,EHA,CAJAMARCA,HUALGAYOC,-6.66975,-78.54119,H,AUTOMATICA,,,,,,,,,,,,,,,,,,,,,
472680EE,BAMBAMARCA M,EMA,CAJAMARCA,HUALGAYOC,-6.67981,-78.52346,M,AUTOMATICA,,,2.4,0.0,0.0,0.0,2.4,0.2,0.0,0.0,0.0,0.7,0.4,0.2,0.6,0.0,0.0,0.0,0.0,0.0,1.4
4727F484,CHUGUR,EMA,CAJAMARCA,HUALGAYOC,-6.66878,-78.738,M,AUTOMATICA,,,0.0,,0.0,0.0,0.0,0.0,0.0,0.0,0.0,0.0,0.0,0.0,0.0,0.0,0.0,0.0,0.0,0.0,
472A571A,HUALLAPE,EHA,CAJAMARCA,JAEN,-5.45077,-78.69579,H,AUTOMATICA,,,0.0,0.0,0.0,0.0,0.0,0.0,0.0,0.0,0.0,0.0,0.0,8.1,0.5,0.1,0.0,0.1,0.0,0.0,0.0
47269398,JAEN,EMA,CAJAMARCA,JAEN,-5.67667,-78.77418,M,AUTOMATICA,,,0.0,0.0,0.0,0.0,0.0,0.0,,0.0,0.0,0.0,0.0,0.0,2.2,0.0,0.0,0.0,0.0,0.0,0.0
105136,SAUZAL,EHMA,CAJAMARCA,JAEN,-5.77168,-79.39769,H,AUTOMATICA,,,0.0,0.0,,0.0,0.0,0.0,0.0,0.0,0.0,0.0,0.0,0.0,0.4,0.0,0.0,0.0,0.0,0.0,0.0
4725E206,SAN MARCOS,EAMA,CAJAMARCA,SAN MARCOS,-7.32249,-78.17269,M,AUTOMATICA,,,0.1,0.0,,0.0,0.0,0.0,0.0,0.0,0.0,0.0,0.0,0.0,0.0,0.0,0.0,0.0,0.3,0.0,0.0
47E207A4,TONGOD,EHMA,CAJAMARCA,SAN MIGUEL,-6.74456,-78.81392,H,AUTOMATICA,,,20.9,0.0,0.0,0.0,8.6,0.1,0.0,0.0,0.0,0.0,1.2,,10.9,0.0,0.1,0.0,1.8,0.1,0.0
47E1C5B4,CAÑAD,EHMA,CAJAMARCA,SANTA CRUZ,-6.64934,-78.99733,H,AUTOMATICA,,,0.0,0.0,0.0,0.0,0.0,0.0,0.0,0.0,0.0,0.0,0.0,0.0,0.21,0.0,,0.0,0.0,0.0,0.0
47E3055E,CHANCAY BAÑOS,EMA,CAJAMARCA,SANTA CRUZ,-6.57489,-78.86721,M,AUTOMATICA,,,0.0,0.0,0.0,0.0,0.0,0.0,0.0,0.0,0.0,0.0,0.1,0.0,3.0,0.1,0.2,0.0,0.0,0.0,0.0
47E1E358,PUENTE AMBAN,EHMA,CAJAMARCA,SANTA CRUZ,-6.58271,-78.91262,H,AUTOMATICA,,,0.0,0.0,0.0,0.0,0.0,0.0,0.0,0.0,0.0,0.0,0.9,0.0,2.0,0.1,0.0,0.1,0.0,0.0,0.0
114132,POMACANCHI,EMA,CUSCO,ACOMAYO,-14.0278,-71.5726,M,AUTOMATICA,,,0.0,0.0,0.0,0.0,0.0,0.0,0.0,0.0,0.0,0.0,0.0,0.0,0.0,0.0,0.0,0.0,0.0,0.0,0.0
113252,ANCACHURO,EMA,CUSCO,ANTA,-13.4724,-72.2188,M,AUTOMATICA,,,0.0,0.0,0.0,0.0,0.0,,0.0,0.0,0.0,0.0,0.0,0.0,0.0,0.0,0.0,0.0,0.1,0.0,0.0
47294362,SORAYPAMPA,EMA,CUSCO,ANTA,-13.3955,-72.5736,M,AUTOMATICA,,,,,,,,,,,,,,,,,,,,,
472976F8,CALCA,EMA,CUSCO,CALCA,-13.33333,-71.95524,M,AUTOMATICA,,,0.0,0.0,0.0,0.0,,0.0,0.0,0.0,0.0,0.0,0.0,0.0,,0.0,0.0,0.0,0.0,0.0,0.0
472A6280,NUEVO PISAC,EHMA,CUSCO,CALCA,-13.42264,-71.85388,H,AUTOMATICA,,,,,,,,,,,,,,,,,,,,,
114126,PAYAPUNKU,EMA,CUSCO,CANAS,-14.4261,-71.28145,M,AUTOMATICA,,,0.0,0.0,0.0,0.0,0.0,0.0,0.0,0.0,0.0,0.0,0.0,0.0,0.0,0.0,0.0,0.0,0.0,0.0,0.0
114125,SAUSAYA,EMA,CUSCO,CANAS,-14.52931,-71.35831,M,AUTOMATICA,,,0.0,0.0,,0.0,0.0,0.0,0.0,0.0,0.0,0.0,0.0,0.0,0.0,0.0,0.0,0.0,0.0,0.0,0.0
472E025C,QUISOQUEPINA,EMA,CUSCO,CANCHIS,-13.79505,-70.88622,M,AUTOMATICA,,,,,,,,,,,,,,,,,,,,,
114118,SALCCA,EHA,CUSCO,CANCHIS,-14.16991,-71.23186,H,AUTOMATICA,,,0.0,0.0,0.0,0.0,0.0,0.0,0.0,0.0,0.0,0.0,0.0,0.0,0.0,0.0,0.0,0.0,0.0,0.0,0.0
47E8B578,SIBINACOCHA,EMA,CUSCO,CANCHIS,-13.92214,-71.01823,M,AUTOMATICA,,,0.0,0.0,0.0,0.0,0.0,0.0,0.0,0.0,2.4,0.0,0.0,0.0,0.0,0.0,0.0,0.0,0.0,0.0,0.0
4726158C,SICUANI,EAMA,CUSCO,CANCHIS,-14.23736,-71.23669,M,AUTOMATICA,,,0.0,0.0,,0.0,0.0,0.0,0.0,0.0,0.0,0.0,0.0,0.0,0.0,0.0,,0.0,0.0,0.0,0.0
114123,MARCA CUNKA,EMA,CUSCO,CHUMBIVILCAS,-14.49847,-72.08952,M,AUTOMATICA,,,0.0,0.0,0.0,0.0,0.0,0.0,0.0,0.0,0.0,0.0,0.0,0.0,0.0,0.0,0.0,0.0,0.0,0.0,0.0
4729A090,SANTO TOMAS,EMA,CUSCO,CHUMBIVILCAS,-14.44896,-72.09645,M,AUTOMATICA,,,0.0,0.0,0.0,0.0,,0.0,0.0,0.0,,0.0,0.0,0.0,,0.0,0.0,0.0,,0.0,0.0
114124,HUAYHUAHUASI,EAMA,CUSCO,ESPINAR,-14.67242,-71.51991,M,AUTOMATICA,,,0.0,0.0,0.0,0.0,0.0,0.0,0.0,0.0,0.0,0.0,0.0,0.0,0.0,0.0,0.0,0.0,0.0,0.0,0.0
47E880E2,PICHARI,EMA,CUSCO,LA CONVENCION,-12.52296,-73.83956,M,AUTOMATICA,,,0.0,0.0,0.0,0.0,0.0,0.0,0.0,0.0,0.0,0.0,0.0,0.0,0.0,0.0,0.0,0.0,0.0,0.0,0.0
112264,PONGO DE MAINIQUE,EMA,CUSCO,LA CONVENCION,-12.24986,-72.82447,M,AUTOMATICA,,,0.0,0.0,0.0,0.0,0.0,0.0,17.2,0.2,0.0,0.0,0.0,0.0,0.0,0.0,46.6,1.0,0.0,0.0,0.2
4729658E,SAN PABLO,EMA,CUSCO,LA CONVENCION,-13.02506,-72.61988,M,AUTOMATICA,,,0.0,0.0,0.0,0.0,0.0,0.0,0.0,0.0,0.0,0.0,0.0,0.0,0.0,0.0,0.0,0.0,0.0,0.0,0.0
4722A338,ACJANACO ,EMA,CUSCO,PAUCARTAMBO,-13.19672,-71.61941,M,AUTOMATICA,,,0.0,0.0,0.0,0.0,0.0,0.0,0.0,0.0,0.0,0.0,0.0,0.0,0.2,1.2,0.0,0.0,0.0,0.0,0.0
210007,PAUCARTAMBO,EHA,CUSCO,PAUCARTAMBO,-13.3177,-71.59741,H,AUTOMATICA,,,,,,,,,,,,,,,,,,,,,
113247,ASHANAKU,EMA,CUSCO,QUISPICANCHI,-13.58048,-71.58878,M,AUTOMATICA,,,0.0,0.0,0.0,0.0,0.0,,0.0,0.0,0.0,0.0,0.0,0.0,0.0,0.0,0.2,0.0,0.0,0.0,0.0
113254,QUINCEMIL,EMA,CUSCO,QUISPICANCHI,-13.2289,-70.7544,M,AUTOMATICA,,,0.0,0.0,0.0,0.0,0.0,0.0,0.0,0.0,0.0,0.0,0.0,0.0,0.0,0.0,0.0,0.0,0.0,0.0,0.0
472A9204,CHILCA,EHA,CUSCO,URUBAMBA,-13.2235,-72.34056,H,AUTOMATICA,,,0.0,0.0,0.0,0.0,0.0,0.0,0.0,0.0,0.0,0.0,0.0,0.0,0.0,0.0,0.0,0.0,0.0,0.0,0.0
4727C11E,HUAYLLABAMBA,EMA,CUSCO,URUBAMBA,-13.26581,-72.44881,M,AUTOMATICA,,,,,,,,,,,,,,,,,,,,,
472935F2,INTIHUATANA H,EHA,CUSCO,URUBAMBA,-13.18517,-72.52319,H,AUTOMATICA,,,,,,,,,,,,,,,,,,,,,
472852EE,INTIHUATANA M,EMA,CUSCO,URUBAMBA,-13.17418,-72.56036,M,AUTOMATICA,,,0.0,0.0,0.0,0.0,0.0,0.0,0.2,1.2,0.0,0.0,0.0,0.0,0.0,0.0,0.0,0.0,0.0,0.2,0.0
472897F0,MACHUPICCHU,EMA,CUSCO,URUBAMBA,-13.16655,-72.54585,M,AUTOMATICA,,,0.0,0.0,0.0,0.0,0.0,0.0,8.6,3.2,,0.0,0.0,0.0,,0.0,0.0,0.0,,0.0,0.0
4729950A,PACAYMAYO,EMA,CUSCO,URUBAMBA,-13.23419,-72.49841,M,AUTOMATICA,,,,,,,,,,,,,,,,,,,,,
113255,URUBAMBA,EMA,CUSCO,URUBAMBA,-13.3052,-72.1246,M,AUTOMATICA,,,,,,,,,,,,,,,,,,,,,
4720CDF8,COCHAMARCA,EAMA,HUANCAVELICA,CASTROVIRREYNA,-12.99,-75.51019,M,AUTOMATICA,,,,,,,,,,,,,,,,,,,,,
47292684,HUACHOS,EMA,HUANCAVELICA,CASTROVIRREYNA,-13.21667,-75.53333,M,AUTOMATICA,,,0.0,0.0,0.0,0.0,0.0,0.0,0.0,0.0,0.0,0.0,0.0,0.0,0.0,0.0,0.0,0.0,0.0,0.0,0.0
472722EC,HUANCAVELICA,EMA,HUANCAVELICA,HUANCAVELICA,-12.77163,-75.01237,M,AUTOMATICA,,,0.0,0.0,0.0,0.0,0.0,0.0,0.0,0.0,3.9,0.0,0.1,0.0,0.0,0.0,0.0,0.0,0.0,0.0,0.0
47284198,CHALLACA,EHMA,HUANCAVELICA,HUAYTARA,-13.7898,-75.417,H,AUTOMATICA,,,0.0,0.0,0.0,0.0,0.0,0.0,0.0,0.0,0.0,0.0,0.0,0.0,0.0,0.0,0.0,0.0,0.0,0.0,
472811E4,CHALLACA M,EMA,HUANCAVELICA,HUAYTARA,-13.7905,-75.3821,M,AUTOMATICA,,,0.0,0.0,0.0,0.0,0.0,0.0,0.0,0.0,0.0,0.0,0.0,0.0,0.0,0.0,0.0,0.0,0.0,0.0,0.0
4728F216,CORDOVA,EMA,HUANCAVELICA,HUAYTARA,-14.03333,-75.16667,M,AUTOMATICA,,,0.0,0.0,0.0,0.0,0.0,0.0,0.0,0.0,0.0,0.0,0.0,0.0,0.0,0.0,0.0,0.0,0.0,0.0,0.0
4728C78C,CUSICANCHA,EMA,HUANCAVELICA,HUAYTARA,-13.48333,-75.3,M,AUTOMATICA,,,0.0,0.0,0.0,0.0,0.0,0.0,0.0,0.0,0.0,0.0,0.0,0.0,0.0,0.0,0.0,0.0,0.0,0.0,0.0
213507,RAMADILLAS,EHA,HUANCAVELICA,HUAYTARA,-13.80857,-75.50129,H,AUTOMATICA,,,,,,,,,,,,,,,,,,,,,
4729131E,SANTIAGO DE CHOCORVOS,EMA,HUANCAVELICA,HUAYTARA,-13.83333,-75.25,M,AUTOMATICA,,,0.0,0.0,0.0,0.0,0.0,0.0,0.0,0.0,0.0,0.0,0.0,0.0,0.0,0.0,0.0,0.0,0.0,0.0,0.0
112269,COCHABAMBA GRANDE,EMA,HUANCAVELICA,TAYACAJA,-12.19238,-74.51493,M,AUTOMATICA,,,0.0,0.0,0.0,0.0,0.0,0.0,0.0,0.0,0.0,0.0,0.0,0.0,0.0,0.0,0.0,0.0,0.0,0.0,0.0
110146,QUISCA,EMA,HUANUCO,AMBO,-10.08922,-76.21556,M,AUTOMATICA,,,,,,,,,,,,,,,,,,,,,
47E845FC,CACHICOTO,EMA,HUANUCO,HUAMALIES,-9.21931,-76.21294,M,AUTOMATICA,,,0.0,0.0,0.0,0.0,0.0,0.0,0.0,62.8,0.0,0.0,0.0,0.0,0.0,0.0,0.0,0.0,0.0,0.0,2.3
4720EB14,SAN MARTIN,EMA,HUANUCO,HUAMALIES,-9.40385,-76.76482,M,AUTOMATICA,,,0.0,0.0,0.1,0.0,0.0,0.0,0.0,0.0,0.0,0.0,0.0,0.0,0.0,0.0,0.0,0.0,0.0,0.0,0.0
472D0552,CHINCHAVITO,EHA,HUANUCO,HUANUCO,-9.515,-75.9425,H,AUTOMATICA,,,0.0,0.0,2.9,0.4,0.0,3.8,15.8,33.2,0.1,0.0,0.0,0.1,0.0,0.0,0.0,0.0,0.0,0.0,2.2
472B730C,PUENTE TARUCA,EHA,HUANUCO,HUANUCO,-9.85056,-76.1519,H,AUTOMATICA,,,0.0,0.0,0.0,0.0,0.0,0.0,0.0,0.0,0.3,0.0,0.0,0.0,0.0,0.0,0.0,0.0,0.0,0.0,0.0
110140,JESUS DE LAURICOCHA,EMA,HUANUCO,LAURICOCHA,-10.07819,-76.63119,M,AUTOMATICA,,,0.0,0.0,0.0,0.0,0.0,0.0,0.0,0.0,0.0,0.0,0.0,0.0,0.0,0.0,0.0,0.0,0.0,0.0,0.0
472DA5AA,PUENTE BELLA,EHA,HUANUCO,LEONCIO PRADO,-9.32411,-76.02935,H,AUTOMATICA,,,0.0,0.0,0.0,0.0,0.0,0.0,0.0,9.2,0.0,0.0,0.0,0.0,0.0,0.0,0.0,0.0,0.0,0.0,1.9
47270400,TINGO MARIA,EHMA,HUANUCO,LEONCIO PRADO,-9.29601,-76.00207,H,AUTOMATICA,,,0.0,0.0,0.0,0.0,0.0,0.0,0.0,10.6,0.0,0.0,0.0,0.0,0.0,0.0,0.0,0.0,0.0,0.0,2.2
4727A4F8,PUERTO INCA,EAMA,HUANUCO,PUERTO INCA,-9.3851,-74.96376,M,AUTOMATICA,,,0.0,0.0,0.0,0.0,0.0,0.0,0.0,0.0,0.0,0.0,0.0,0.0,0.0,0.0,0.0,0.0,0.0,0.0,0.0
109094,PUCA PUCA,EAMA,HUANUCO,YAROWILCA,-9.87895,-76.5909,M,AUTOMATICA,,,0.0,0.0,,0.0,0.0,0.0,0.0,0.0,0.0,0.0,0.0,0.0,0.0,0.0,,0.0,0.0,0.0,
4728A26A,CONTA M,EMA,ICA,CHINCHA,-13.43936,-75.97517,M,AUTOMATICA,,,0.0,,,,0.0,0.0,,,0.0,0.0,0.0,,0.0,0.0,0.0,,0.0,0.0,0.0
4728B11C,FONAGRO,EAMA,ICA,CHINCHA,-13.45944,-76.15167,M,AUTOMATICA,,,0.0,0.0,0.0,0.0,0.0,0.0,0.0,0.0,0.0,0.0,0.0,0.0,0.0,0.0,0.0,0.0,0.0,0.0,0.0
4728E160,SAN PEDRO DE HUACARPANA,EMA,ICA,CHINCHA,-13.04889,-75.64806,M,AUTOMATICA,,,0.0,0.0,0.0,0.0,,0.0,,,0.0,0.0,0.0,0.0,0.0,0.0,0.0,0.0,0.0,0.0,0.0
472A446C,BETA SANTIAGO,EMA,ICA,ICA,-14.23739,-75.67022,M,AUTOMATICA,,,0.0,0.1,,0.1,0.0,0.0,,0.0,0.0,0.0,,0.0,0.0,0.0,,0.0,0.0,0.0,
213503,HUAMANI EL TAMBO,EHMA,ICA,ICA,-13.84386,-75.58944,H,AUTOMATICA,,,,,,,,,,,,,,,,,,,,,
213506,LOS MOLINOS,EHA,ICA,ICA,-13.9102,-75.66696,H,AUTOMATICA,,,,,,,,,,,,,,,,,,,,,
114139,COPARA,EMA,ICA,NASCA,-14.975,-74.89056,M,AUTOMATICA,,,,,,,,,,,,,,,,,,,,,
114136,PALPA,PE,ICA,PALPA,-14.54935,-75.18921,M,AUTOMATICA,,,,,,,,,,,,,,,,,,,,,
114140,PAMPA BLANCA,EMA,ICA,PALPA,-14.23722,-75.10389,M,AUTOMATICA,,,,0.0,,,,,0.0,,,,0.0,,,,,0.0,,,
213403,LETRAYOC,EHA,ICA,PISCO,-13.65773,-75.74496,H,AUTOMATICA,,,,,,,,,,,,,,,,,,,,,
472DF5D6,HUAYTAPALLANA,EMA,JUNIN,HUANCAYO,-11.92717,-75.06186,M,AUTOMATICA,,,0.0,0.0,0.0,0.0,0.0,0.0,0.0,0.0,0.0,0.0,0.0,0.0,0.0,0.0,0.0,0.0,0.0,0.0,0.0
111288,CHACAPALPA,EMA,JUNIN,JAUJA,-11.7525,-75.74226,M,AUTOMATICA,,,,,,,,,,,,,,,,,,,,,
111299,POTSOTENI,EMA,JUNIN,SATIPO,-11.41316,-74.14723,M,AUTOMATICA,,,0.0,0.0,0.0,0.0,0.0,0.0,0.0,2.6,0.2,0.0,0.0,0.0,0.0,0.0,0.0,0.0,0.0,0.0,0.0
4725C4EA,SATIPO,EMA,JUNIN,SATIPO,-11.2247,-74.6087,M,AUTOMATICA,,,0.0,0.0,0.0,0.0,0.0,0.0,0.0,0.0,0.0,0.0,0.0,0.0,0.0,0.0,0.0,0.0,0.0,0.0,0.0
47257764,TARMA,EAMA,JUNIN,TARMA,-11.3967,-75.6899,M,AUTOMATICA,,,0.0,0.0,,0.0,0.0,0.0,0.0,0.0,0.0,0.0,0.0,0.0,0.0,0.0,0.0,0.0,0.0,0.0,0.0
472D9030,MARCAPOMACOCHA,EMA,JUNIN,YAULI,-11.40443,-76.32508,M,AUTOMATICA,,,0.0,0.0,0.0,0.0,0.0,0.0,0.0,0.0,2.4,0.0,0.0,0.0,0.0,0.0,0.0,0.0,0.0,0.0,0.0
472D30C8,CASAGRANDE,EMA,LA LIBERTAD,ASCOPE,-7.75031,-79.18869,M,AUTOMATICA,,,0.0,0.0,0.0,0.0,0.0,0.0,0.0,0.0,0.0,,,0.0,0.0,0.0,0.0,0.0,0.0,0.0,0.0
211001,SALINAR,EHA,LA LIBERTAD,ASCOPE,-7.66069,-78.96109,H,AUTOMATICA,,,0.0,0.0,0.0,0.0,0.0,0.0,0.0,0.0,0.0,0.0,0.0,0.0,0.0,0.0,0.0,0.0,0.0,0.0,0.0
472EA2A4,CASCAS,EMA,LA LIBERTAD,GRAN CHIMU,-7.47987,-78.82367,M,AUTOMATICA,,,0.0,0.0,0.0,0.0,0.0,0.0,0.0,0.0,0.0,0.0,0.0,0.0,0.0,0.0,0.0,0.0,0.0,0.0,0.0
47E0A2A8,EL TAMBO,EHMA,LA LIBERTAD,GRAN CHIMU,-7.57398,-78.70655,H,AUTOMATICA,,,0.0,0.0,0.0,0.0,0.0,0.0,0.0,0.0,0.0,0.0,0.0,0.0,0.0,0.0,0.0,0.0,0.0,0.0,0.0
472D552E,LUCMA,EMA,LA LIBERTAD,GRAN CHIMU,-7.64333,-78.55135,M,AUTOMATICA,,,0.0,0.0,0.0,0.0,0.0,0.0,0.0,0.0,0.0,0.0,0.0,0.0,0.0,0.0,0.0,0.0,0.0,0.0,0.0
472CC2B6,MARMOT,EMA,LA LIBERTAD,GRAN CHIMU,-7.7635,-78.66725,M,AUTOMATICA,,,,,,,,,,,,,,,,,,,,,
472E5220,PUENTE PALMIRA,EHMA,LA LIBERTAD,GRAN CHIMU,-7.54919,-78.81051,H,AUTOMATICA,,,0.0,0.0,0.0,0.0,0.0,0.0,0.0,0.0,0.0,0.0,0.0,0.0,0.0,0.0,0.0,0.0,0.0,0.0,0.0
472D8346,CALLANCAS,EMA,LA LIBERTAD,OTUZCO,-7.7675,-78.47729,M,AUTOMATICA,,,0.0,0.0,0.0,0.0,0.0,0.0,0.0,0.0,0.0,0.0,0.1,0.1,0.0,0.0,0.0,0.0,0.0,0.0,0.0
472EB1D2,CAPACHIQUE,EMA,LA LIBERTAD,OTUZCO,-7.85642,-78.31184,M,AUTOMATICA,,,0.0,0.0,0.0,1.0,0.0,0.0,0.0,0.0,0.0,0.0,0.0,0.0,0.0,0.0,0.0,0.0,0.0,1.8,0.2
107131,LA FORTUNA,EMA,LA LIBERTAD,OTUZCO,-7.67042,-78.40242,M,AUTOMATICA,,,0.0,0.0,0.0,0.0,0.0,0.0,0.0,0.0,0.0,0.1,0.0,0.0,0.1,1.4,0.0,0.0,3.8,0.1,0.0
472E74CC,PUENTE COINA,EHMA,LA LIBERTAD,OTUZCO,-7.79636,-78.38012,H,AUTOMATICA,,,0.0,0.0,0.0,0.0,0.0,0.0,0.0,0.0,0.0,0.0,0.0,0.0,0.0,0.0,0.0,0.0,0.0,0.0,0.0
472D60B4,USQUIL,EMA,LA LIBERTAD,OTUZCO,-7.8186,-78.41497,M,AUTOMATICA,,,0.0,0.0,0.0,0.0,0.5,0.0,0.0,0.0,0.0,0.0,0.0,0.0,0.4,0.1,0.0,0.0,0.0,0.0,0.0
107130,TICAPAMPA,EMA,LA LIBERTAD,SANCHEZ CARRION,-7.91641,-77.90148,M,AUTOMATICA,,,3.6,0.0,,0.0,0.0,0.0,0.0,0.0,0.0,0.0,0.0,0.0,0.1,0.0,,0.0,,0.9,0.0
4727319A,QUIRUVILCA,EMA,LA LIBERTAD,SANTIAGO DE CHUCO,-8.00419,-78.3079,M,AUTOMATICA,,,0.0,0.0,0.0,0.0,0.9,0.0,,0.0,0.0,0.0,0.0,,0.0,0.0,0.0,0.0,0.0,0.0,0.0
211408,CONDORCERRO,EHA,LA LIBERTAD,VIRU,-8.65793,-78.26172,H,AUTOMATICA,,,,,,,,,,,,,,,,,,,,,
47E2F720,TINAJONES,EMA,LAMBAYEQUE,CHICLAYO,-6.65489,-79.42792,M,AUTOMATICA,,,0.0,0.0,0.0,0.0,0.0,0.0,0.0,0.0,0.0,0.0,0.0,0.0,0.0,0.0,0.0,0.0,0.0,0.0,0.0
106140,VISTA FLORIDA,EMA,LAMBAYEQUE,CHICLAYO,-6.72775,-79.78088,M,AUTOMATICA,,,0.0,0.0,0.0,0.0,0.0,0.0,0.0,0.0,0.0,0.0,0.0,0.0,0.0,0.0,0.0,0.0,0.0,,0.0
106138,PUCHACA,EHA,LAMBAYEQUE,FERREÑAFE,-6.37353,-79.46673,H,AUTOMATICA,,,0.0,0.0,0.0,0.0,0.0,0.0,0.0,0.0,0.0,0.0,0.0,0.0,0.0,0.0,0.0,0.0,0.0,0.0,0.0
4726F67E,PASABAR,EAMA,LAMBAYEQUE,LAMBAYEQUE,-5.83714,-79.81911,M,AUTOMATICA,,,,0.0,0.0,0.0,0.0,0.0,0.0,0.0,0.0,0.0,0.0,,0.1,0.1,0.0,0.0,0.0,,0.0
47201542,TONGORRAPE,EMA,LAMBAYEQUE,LAMBAYEQUE,-6.06692,-79.68203,M,AUTOMATICA,,,0.0,0.0,0.0,0.0,0.0,0.0,0.0,0.0,0.0,0.0,0.0,0.0,0.0,0.0,0.0,0.0,0.0,0.0,0.0
4725F170,HUAROS,EAMA,LIMA,CANTA,-11.40744,-76.57584,M,AUTOMATICA,,,0.0,0.0,,0.0,0.0,0.0,0.0,0.0,0.0,0.0,0.0,0.0,0.0,0.0,0.0,0.0,0.0,0.0,0.0
113249,CAÑETE,EMA,LIMA,CAÑETE,-13.07475,-76.33042,M,AUTOMATICA,,,0.0,0.0,0.0,0.0,0.0,0.0,0.0,0.0,0.0,0.0,0.0,0.0,0.0,,0.0,0.0,0.0,0.0,0.0
212900,LA CAPILLA SENAMHI,EHA,LIMA,CAÑETE,-12.52183,-76.49658,H,AUTOMATICA,,,,,,,,,,,,,,,,,,,,,
472191AC,SOCSI,EHA,LIMA,CAÑETE,-13.02825,-76.1945,H,AUTOMATICA,,,,,,,,,,,,,,,,,,,,,
47E323B2,CARAC,EMA,LIMA,HUARAL,-11.19005,-76.77937,M,AUTOMATICA,,,,,,,0.0,0.0,0.0,0.0,0.0,0.0,0.0,0.0,0.2,0.2,0.0,0.0,0.1,0.0,0.0
47E2323E,CUCHUANCA,EHA,LIMA,HUARAL,-11.20158,-76.7881,H,AUTOMATICA,,,0.0,0.0,0.0,0.0,0.0,0.0,0.0,0.0,0.0,0.0,0.0,0.0,0.3,0.2,0.0,0.0,0.0,0.0,0.0
47E330C4,SANTA CRUZ,EMA,LIMA,HUARAL,-11.19827,-76.63487,M,AUTOMATICA,,,2.4,0.0,0.0,0.0,0.0,0.0,0.0,0.0,0.0,0.0,0.0,0.0,2.2,0.0,0.0,0.0,0.0,0.0,0.0
47E214D2,SANTO DOMINGO,EHMA,LIMA,HUARAL,-11.37,-77.02833,H,AUTOMATICA,,,0.0,0.0,0.4,0.0,0.0,0.0,0.0,0.0,0.0,0.0,0.0,0.0,0.0,0.0,0.0,0.0,0.0,0.0,0.0
47E257D8,VICHAYCOCHA,EHA,LIMA,HUARAL,-11.13916,-76.62455,H,AUTOMATICA,,,0.0,0.0,0.0,0.0,0.0,0.0,0.0,0.0,0.0,0.0,0.0,0.0,1.3,0.4,0.2,0.9,0.0,0.0,0.0
472D73C2,CASAPALCA,EMA,LIMA,HUAROCHIRI,-11.638,-76.23325,M,AUTOMATICA,,,0.0,0.0,0.0,0.0,0.0,0.0,0.0,0.0,0.0,0.0,0.0,0.0,0.9,0.0,0.0,0.1,0.0,0.0,0.0
472CE45A,MATUCANA,EMA,LIMA,HUAROCHIRI,-11.83911,-76.378,M,AUTOMATICA,,,0.0,0.0,0.0,0.0,0.0,0.0,0.0,0.0,0.0,0.0,0.0,0.0,0.6,0.0,0.0,0.0,0.0,0.0,0.0
212700,PUENTE ANTAPUCRO,EHA,LIMA,HUAROCHIRI,-12.0333,-76.6333,H,AUTOMATICA,,,,,,,,,,,,,,,,,,,,,
212605,SAN MATEO ,EHA,LIMA,HUAROCHIRI,-11.76012,-76.30111,H,AUTOMATICA,,,,,,,,,,,,,,,,,,,,,
472EC742,SAN MATEO DE OTAO,EMA,LIMA,HUAROCHIRI,-11.847,-76.56359,M,AUTOMATICA,,,0.0,0.0,0.0,0.0,0.0,0.0,0.0,0.0,0.0,0.0,0.0,0.0,0.0,0.0,0.0,0.0,0.0,0.0,0.0
472E24B0,SANTA EULALIA,EHMA,LIMA,HUAROCHIRI,-11.92,-76.66664,H,AUTOMATICA,,,0.0,,,0.0,0.0,0.0,,0.0,0.0,0.0,0.0,0.0,0.0,,0.0,0.0,0.0,0.0,0.0
472CA750,SANTIAGO DE TUNA,EMA,LIMA,HUAROCHIRI,-11.9832,-76.5242,M,AUTOMATICA,,,0.0,0.0,0.0,0.0,0.0,0.0,0.0,0.0,0.0,0.0,0.0,0.0,0.0,0.0,0.0,0.0,0.0,0.0,0.0
4724966C,SAYAN,EHMA,LIMA,HUAURA,-11.13472,-77.19833,H,AUTOMATICA,,,0.0,0.0,,0.0,0.0,0.0,0.0,0.0,0.0,0.0,0.0,0.0,0.0,0.0,0.0,0.0,0.0,0.0,0.0
212500,AGUA AZUL BOCATOMA,EHA,LIMA,LIMA,-11.80778,-76.99766,H,AUTOMATICA,,,,,,,,,,,,,,,,,,,,,
472A218A,ANTONIO RAYMONDI,EMA,LIMA,LIMA,-11.77606,-77.15139,M,AUTOMATICA,,,0.0,0.0,0.0,0.0,0.0,0.0,0.0,0.0,0.0,0.0,0.0,0.0,0.0,0.0,0.0,0.0,0.0,0.0,0.0
112181,CAMPO DE MARTE,EMA,LIMA,LIMA,-12.07056,-77.04314,M,AUTOMATICA,,,0.0,0.0,0.0,,0.0,0.0,0.0,0.0,0.0,0.0,,,,0.0,0.0,,0.0,0.0,
111286,CARABAYLLO,EMA,LIMA,LIMA,-11.90219,-77.03364,M,AUTOMATICA,,,,,,,,,,,,,,,,,,,,,
112278,CERES,EMA,LIMA,LIMA,-12.02867,-76.92711,M,AUTOMATICA,,,,,,,,,,,,,,,,,,,,,
47278214,CHOSICA,EHMA,LIMA,LIMA,-11.92986,-76.68964,H,AUTOMATICA,,,,,,,,,,,,,,,,,,,,,
112281,LAS PALMAS,EMA,LIMA,LIMA,-12.15675,-77.01303,M,AUTOMATICA,,,0.0,0.0,0.0,0.0,0.0,0.0,0.0,0.1,0.0,0.0,0.0,0.1,0.0,0.0,0.0,0.0,0.0,0.0,0.0
112193,SAN BORJA,EMA,LIMA,LIMA,-12.10859,-77.00769,M,AUTOMATICA,,,0.0,0.0,0.0,0.0,0.0,0.0,0.0,0.0,0.0,0.0,0.0,,0.0,0.0,0.0,,0.0,0.0,0.0
112267,SAN JUAN DE LURIGANCHO,EMA,LIMA,LIMA,-11.98164,-76.99925,M,AUTOMATICA,,,0.0,0.0,0.4,0.0,0.0,0.0,0.0,0.0,0.0,0.0,0.0,0.0,0.0,0.0,0.0,0.0,0.0,0.0,0.0
112265,SAN MARTIN DE PORRES,EAA,LIMA,LIMA,-12.00889,-77.08447,M,AUTOMATICA,,,0.0,0.0,0.0,0.0,0.0,0.0,0.0,0.0,0.0,0.0,0.0,0.0,0.0,0.0,0.0,0.0,0.0,0.0,0.0
112208,SANTA ANITA,EMA,LIMA,LIMA,-12.04302,-76.97144,M,AUTOMATICA,,,,,,,,,,,,,,,,,,,,,
472AC278,VON HUMBOLDT,EMA,LIMA,LIMA,-12.08221,-76.93944,M,AUTOMATICA,,,0.0,0.0,0.2,0.0,0.0,0.0,,,,,,,,,,0.0,0.0,0.0,0.0
111290,ÑAÑA,EMA,LIMA,LIMA,-11.98744,-76.84194,M,AUTOMATICA,,,0.0,0.0,0.1,0.0,0.0,0.0,0.0,0.0,0.0,0.0,0.0,0.0,0.0,0.0,0.0,0.0,0.0,0.0,0.0
110139,PICOY,EHA,LIMA,OYON,-10.92159,-76.73703,H,AUTOMATICA,,,0.0,0.0,0.0,0.0,0.0,0.0,0.0,0.0,0.0,0.0,0.0,0.0,0.0,0.0,0.0,0.0,0.0,0.0,0.0
472364DC,CARANIA,EAMA,LIMA,YAUYOS,-12.3444,-75.87215,M,AUTOMATICA,,,0.0,0.0,,0.0,0.0,0.0,0.0,0.0,0.0,0.0,0.0,0.0,0.0,0.0,0.0,0.0,0.0,0.0,0.0
104112,SAN REGIS,EMA,LORETO,LORETO,-4.51301,-73.90751,M,AUTOMATICA,,,,,,0.0,,,,,,,0.0,,,,,,,,
4727547C,CABALLOCOCHA,EMA,LORETO,MARISCAL RAMON CASTILLA,-3.91125,-70.51206,M,AUTOMATICA,,,,,,,,,,,,,,,,,,,,,
47288486,PEBAS,EAMA,LORETO,MARISCAL RAMON CASTILLA,-3.31791,-71.85962,M,AUTOMATICA,,,,,,,,,,,,,,,,,,,,,
103065,AMAZONAS,EMA,LORETO,MAYNAS,-3.76397,-73.25492,M,AUTOMATICA,,,,,,,,,,,,,,,,,,,,,
47252718,ENAPU PERU,EHMA,LORETO,MAYNAS,-3.72722,-73.23694,H,AUTOMATICA,,,0.0,0.0,,0.0,0.0,0.0,0.0,0.0,0.0,0.0,0.0,0.0,0.0,0.0,0.0,0.0,0.0,0.0,0.0
47287402,CONTAMANA,EAMA,LORETO,UCAYALI,-7.35254,-75.00632,M,AUTOMATICA,,,,,,,,,,,,,,,,,,,,,
47E8201A,SALVACION,EMA,MADRE DE DIOS,MANU,-12.8312,-71.36446,M,AUTOMATICA,,,0.0,0.0,0.0,0.0,0.0,0.0,0.0,0.0,0.0,0.0,7.4,2.4,0.0,0.6,0.0,0.0,0.0,0.0,0.0
472587E0,IÑAPARI,EAMA,MADRE DE DIOS,TAHUAMANU,-10.95589,-69.578,M,AUTOMATICA,,,0.0,0.0,,0.0,0.0,0.0,0.0,0.0,0.0,0.0,0.0,0.0,0.0,0.0,0.0,0.0,0.0,0.0,0.0
260403,CACHUELA,EHMA,MADRE DE DIOS,TAMBOPATA,-12.60442,-69.18304,H,AUTOMATICA,,,0.0,0.0,0.0,0.0,0.0,0.0,0.0,0.0,0.0,0.0,0.4,0.0,0.0,0.0,0.0,0.0,0.0,0.0,0.0
47E8336C,MALINOWSKY,EMA,MADRE DE DIOS,TAMBOPATA,-12.93411,-69.5175,M,AUTOMATICA,,,0.0,0.0,0.0,0.0,0.0,0.0,3.6,0.2,0.0,0.0,0.0,0.0,0.0,0.0,0.0,0.0,0.0,0.0,0.0
260402,PUENTE HERRERA,EHMA,MADRE DE DIOS,TAMBOPATA,-12.61361,-69.19413,H,AUTOMATICA,,,0.0,0.0,0.0,0.0,0.0,0.0,0.0,0.0,0.0,0.0,0.0,0.0,0.0,0.0,0.0,0.0,0.0,0.0,0.0
112279,PUERTO MALDONADO,EMA,MADRE DE DIOS,TAMBOPATA,-12.5873,-69.2088,M,AUTOMATICA,,,0.0,0.0,0.0,0.0,0.0,0.0,0.0,0.0,0.0,0.0,0.2,0.0,0.0,0.0,0.0,0.0,0.0,0.0,0.0
260002,TAMBOPATA,EHA,MADRE DE DIOS,TAMBOPATA,-12.5925,-69.17529,H,AUTOMATICA,,,,,,,,,,,,,,,,,,,,,
4723F1BE,MOQUEGUA,EMA,MOQUEGUA,MARISCAL NIETO,-17.17874,-70.93267,M,AUTOMATICA,,,0.0,0.0,0.0,0.0,0.0,0.0,0.0,0.0,0.0,0.0,0.0,0.0,0.0,0.0,0.0,0.0,0.0,0.0,0.0
110137,12 DE OCTUBRE,EAMA,PASCO,DANIEL ALCIDES CARRION,-10.60641,-76.52927,M,AUTOMATICA,,,0.0,0.0,0.0,0.0,0.0,,0.0,0.0,0.0,0.0,0.0,0.0,0.2,0.0,0.0,0.0,0.0,0.0,0.0
4725D79C,OXAPAMPA,EMA,PASCO,OXAPAMPA,-10.59417,-75.38417,M,AUTOMATICA,,,0.0,0.0,0.0,0.0,0.6,0.0,0.0,0.0,0.0,0.0,3.0,0.0,0.0,0.0,0.0,0.0,0.0,0.0,0.6
109093,PUERTO BERMUDEZ,EAMA,PASCO,OXAPAMPA,-10.28619,-74.94356,M,AUTOMATICA,,,0.0,0.0,6.1,0.2,0.0,0.0,20.2,9.9,0.0,0.0,0.0,0.0,0.0,0.0,61.2,0.0,0.0,1.5,0.4
104114,ALTO DE POCLUS,PE,PIURA,AYABACA,-4.91691,-79.89052,M,AUTOMATICA,,,,,,,0.0,,,,,,0.0,,,,,,,,
47E9177A,EL CIRUELO,EHA,PIURA,AYABACA,-4.29899,-80.1673,H,AUTOMATICA,,,0.0,0.0,0.0,0.0,0.0,0.0,0.0,0.0,0.8,5.2,0.7,0.0,1.6,0.3,0.0,0.1,0.0,,0.0
47E281B0,HUALCUY,EMA,PIURA,AYABACA,-4.74701,-79.60729,M,AUTOMATICA,,,0.0,0.0,0.0,0.0,0.0,0.0,0.0,0.3,0.0,0.0,0.1,0.0,6.5,0.0,0.1,0.0,0.0,0.0,0.0
472FC5B8,PAIMAS,EMA,PIURA,AYABACA,-4.63439,-79.94581,M,AUTOMATICA,,,0.0,0.0,0.0,0.0,0.0,0.0,0.0,0.0,0.0,0.0,0.0,0.0,13.9,0.0,0.0,0.0,0.0,0.0,0.0
47E0C74E,PUENTE MACARA,EHA,PIURA,AYABACA,-4.39338,-79.96412,H,AUTOMATICA,,,0.0,0.0,0.0,0.0,0.0,0.0,0.0,0.0,0.1,0.0,0.0,0.0,0.0,0.1,0.0,0.0,0.0,,0.0
472FF022,SAPILLICA,EMA,PIURA,AYABACA,-4.79639,-79.99972,M,AUTOMATICA,,,0.0,0.0,0.5,0.0,0.6,0.1,0.1,0.1,0.2,1.5,0.1,0.1,6.9,0.0,0.1,0.0,0.0,0.0,0.0
472F86B2,CANCHAQUE,EMA,PIURA,HUANCABAMBA,-5.40055,-79.6052,M,AUTOMATICA,,,0.0,0.0,0.1,0.0,0.3,0.1,0.1,0.0,1.7,3.0,0.3,0.9,3.1,0.3,0.0,0.0,0.0,0.0,0.0
472FE354,HUANCABAMBA,EMA,PIURA,HUANCABAMBA,-5.24681,-79.45399,M,AUTOMATICA,,,0.0,0.0,0.0,0.0,0.0,0.0,0.0,0.0,0.0,0.0,0.0,0.0,0.0,0.0,0.0,0.0,0.0,0.0,0.0
472761E6,HUARMACA,EAMA,PIURA,HUANCABAMBA,-5.56586,-79.52544,M,AUTOMATICA,,,0.0,0.0,0.0,0.0,1.4,0.1,0.1,0.0,0.6,0.6,0.1,0.4,0.8,0.1,0.0,0.0,0.7,0.1,0.0
472FB328,CHALACO,EMA,PIURA,MORROPON,-5.03389,-79.83,M,AUTOMATICA,,,0.0,0.0,0.0,0.0,1.6,0.2,0.2,0.0,0.3,0.1,0.1,0.0,5.3,0.3,0.2,0.0,1.2,0.3,0.1
472F6540,CHULUCANAS,EMA,PIURA,MORROPON,-5.10844,-80.16954,M,AUTOMATICA,,,0.0,0.0,0.0,0.0,0.0,0.0,0.0,0.0,0.0,0.0,0.0,0.0,3.0,0.0,0.0,0.0,0.0,0.0,0.0
47E037CA,CORRAL DEL MEDIO,EHA,PIURA,MORROPON,-5.18871,-79.89148,H,AUTOMATICA,,,,,,,,,,,,,,,,,,,,,
472F50DA,EL VIRREY,EMA,PIURA,MORROPON,-5.53579,-79.98416,M,AUTOMATICA,,,0.0,0.0,0.0,0.0,0.0,0.0,0.0,0.0,0.0,0.0,0.0,0.0,0.0,,0.0,0.0,0.0,0.0,0.0
47E074C0,HACIENDA BARRIOS,EHA,PIURA,MORROPON,-5.2895,-79.69909,H,AUTOMATICA,,,0.0,0.0,0.0,0.0,0.0,0.0,0.0,0.0,0.0,0.0,0.0,0.0,0.5,0.5,0.0,0.0,0.0,0.0,0.0
472F95C4,HACIENDA BIGOTE ,EMA,PIURA,MORROPON,-5.32089,-79.78569,M,AUTOMATICA,,,0.0,0.0,0.0,0.0,0.0,0.0,0.0,0.0,0.0,0.0,0.0,0.0,0.7,0.0,0.0,0.0,0.0,0.0,0.0
472FA05E,MALACASI,EMA,PIURA,MORROPON,-5.33977,-79.85794,M,AUTOMATICA,,,0.0,0.0,0.0,0.0,0.0,0.0,0.0,0.0,0.0,0.0,0.0,0.0,1.1,0.0,0.0,0.0,0.0,0.0,0.0
472F7636,MORROPON,EMA,PIURA,MORROPON,-5.19465,-79.97107,M,AUTOMATICA,,,0.0,0.0,0.0,0.0,0.0,0.0,0.0,0.0,0.0,0.0,0.0,0.0,2.5,0.3,0.0,0.0,0.0,0.0,0.0
47E067B6,SALITRAL,EHA,PIURA,MORROPON,-5.34602,-79.83761,H,AUTOMATICA,,,0.0,0.0,0.0,0.0,0.0,0.0,0.0,0.0,0.0,0.0,0.0,0.0,1.2,,0.0,0.0,0.0,0.0,0.0
47E08444,SAN PEDRO,EHA,PIURA,MORROPON,-5.07954,-80.0162,H,AUTOMATICA,,,0.0,0.0,0.0,0.0,0.0,0.0,0.0,0.0,0.0,0.0,0.0,0.0,3.8,0.0,0.0,0.0,0.0,0.0,0.0
105145,SANTO DOMINGO,EMA,PIURA,MORROPON,-5.03827,-79.87049,M,AUTOMATICA,,,,,,,,,,,,,,,,,,,,,
47E0B1DE,PUENTE SIMON RODRIGUEZ,EHA,PIURA,PAITA,-4.87999,-81.02038,H,AUTOMATICA,,,0.0,0.0,0.0,0.0,0.0,0.0,0.0,0.0,0.0,0.0,2.2,0.0,0.0,0.9,0.0,0.0,0.0,,0.0
47E0E1A2,BOCATOMA CHIPILLICO,EHA,PIURA,PIURA,-4.7142,-80.11825,H,AUTOMATICA,,,0.0,0.0,0.0,0.0,0.0,0.0,0.0,0.0,0.0,0.0,,0.0,5.2,0.2,0.0,0.0,0.0,,0.0
47E0F2D4,LAGARTERA,EHA,PIURA,PIURA,-4.7285,-80.06956,H,AUTOMATICA,,,0.0,0.0,0.29,0.14,0.19,0.0,0.0,0.0,0.0,0.0,0.0,0.0,,0.0,0.01,0.05,0.04,0.0,0.0
105112,MIRAFLORES,EMA,PIURA,PIURA,-5.17528,-80.61654,M,AUTOMATICA,,,,,,,,,,,,,,,,,,,,,
104113,PARTIDOR,EMA,PIURA,PIURA,-4.73197,-80.27978,M,AUTOMATICA,,,,,,,,,,,,,,,,,,,,,
105143,SAN MIGUEL,PE,PIURA,PIURA,-5.24619,-80.68425,M,AUTOMATICA,,,0.0,0.0,0.1,0.0,0.0,0.0,0.0,0.0,0.0,0.0,0.0,0.0,0.0,0.1,0.0,0.0,0.0,0.0,0.0
47E0522C,TAMBO GRANDE,EHA,PIURA,PIURA,-4.93848,-80.34703,H,AUTOMATICA,,,0.0,0.0,0.0,0.0,0.0,0.0,0.0,0.0,0.0,29.2,8.2,3.1,0.0,,0.0,0.0,0.0,,0.0
105144,BERNAL,EMA,PIURA,SECHURA,-5.45449,-80.74262,M,AUTOMATICA,,,,,,,,,,,,,,,,,,,,,
105120,CHUSIS,EMA,PIURA,SECHURA,-5.51694,-80.83361,M,AUTOMATICA,,,,,,,,,,,,,,,,,,,,,
47E0D438,ALAMOR,EHA,PIURA,SULLANA,-4.47749,-80.39788,H,AUTOMATICA,,,0.0,0.0,0.0,0.0,0.0,0.0,0.0,0.0,0.0,1.1,0.2,0.0,0.8,0.0,0.0,0.0,0.0,0.0,0.0
47E09732,LA ARDILLA,EHA,PIURA,SULLANA,-4.49094,-80.38819,H,AUTOMATICA,,,0.0,0.0,0.0,0.0,0.0,0.0,0.0,0.0,0.0,0.7,0.3,0.0,0.8,0.0,0.0,0.0,0.0,0.0,0.0
472FD6CE,LANCONES,EMA,PIURA,SULLANA,-4.6429,-80.54716,M,AUTOMATICA,,,0.0,0.0,0.0,0.0,0.0,0.0,0.0,0.0,0.0,0.1,1.2,0.0,,0.5,0.0,0.0,0.0,0.0,0.0
270202,PUENTE AZANGARO,EHMA,PUNO,AZANGARO,-14.92139,-70.18861,H,AUTOMATICA,,,0.0,0.0,0.0,0.0,0.0,0.0,0.0,0.0,0.0,0.0,0.0,0.0,0.0,0.0,0.0,0.0,0.0,0.0,0.0
4721AAE4,AYMAÑA,EMA,PUNO,CARABAYA,-13.87279,-70.66759,M,AUTOMATICA,,,0.0,0.0,0.0,0.0,0.0,0.0,0.0,0.0,0.1,0.0,,0.0,0.0,0.0,0.0,0.0,0.0,0.0,0.0
114137,CRUCERO,EMA,PUNO,CARABAYA,-14.36416,-70.02583,M,AUTOMATICA,,,0.0,0.0,0.0,0.0,0.0,,,,,,,,,,,,,,
4721B992,UPINA,EAMA,PUNO,CARABAYA,-13.88492,-70.08281,M,AUTOMATICA,,,0.0,0.0,0.0,0.0,0.0,0.0,0.0,0.0,0.0,0.0,0.0,0.0,0.0,0.0,0.0,0.0,0.0,0.0,0.0
210003,HUANCASAYA,EHMA,PUNO,HUANCANE,-15.14308,-69.21467,H,AUTOMATICA,,,0.0,0.0,,0.0,0.0,0.0,0.0,0.0,0.1,0.0,0.0,0.0,0.0,0.0,,0.0,0.0,0.0,0.0
47251282,PUENTE CARRETERA RAMIS,EHMA,PUNO,HUANCANE,-15.25544,-69.87381,H,AUTOMATICA,,,0.0,0.0,,0.0,0.0,0.0,0.0,0.0,0.0,0.0,0.0,0.0,0.0,0.0,,0.0,0.0,0.0,0.0
472E37C6,PALCA,EMA,PUNO,LAMPA,-15.2359,-70.59313,M,AUTOMATICA,,,0.0,0.0,0.0,0.0,0.0,0.0,0.0,0.0,0.0,0.0,0.0,0.0,0.0,0.0,0.0,0.0,0.0,0.0,0.0
472DE6A0,PAMPAHUTA,EMA,PUNO,LAMPA,-15.48369,-70.67599,M,AUTOMATICA,,,0.0,0.0,0.0,0.0,0.0,0.0,0.0,0.0,0.0,0.0,0.0,0.0,0.0,0.0,0.0,0.0,0.0,0.0,0.0
114134,ANANSAYA -PUNA,EMA,PUNO,MELGAR,-14.33386,-70.52334,M,AUTOMATICA,,,,,,,,,,,,,,,,,,,,,
47256412,ENAFER,EHA,PUNO,PUNO,-15.83647,-70.016,H,AUTOMATICA,,,,,,,,,,,,,,,,,,,,,
472E4156,ILLPA,EMA,PUNO,PUNO,-15.68726,-70.07988,M,AUTOMATICA,,,0.0,0.0,0.0,0.0,0.0,,0.0,0.0,0.0,0.0,0.0,0.0,0.0,0.0,0.0,0.0,0.0,0.0,0.0
472CB426,LARAQUERI,EMA,PUNO,PUNO,-16.13592,-70.04589,M,AUTOMATICA,,,0.0,0.0,0.0,0.0,0.0,0.0,0.0,0.0,0.0,0.0,0.0,0.0,0.0,0.0,0.0,0.0,0.0,0.0,0.0
472DD33A,PUNO,EMA,PUNO,PUNO,-15.82625,-70.01208,M,AUTOMATICA,,,0.0,0.0,0.0,0.0,0.0,,0.0,0.0,0.0,0.0,0.0,0.0,0.0,0.0,0.0,0.0,0.0,0.0,0.0
115156,CABANILLAS,EMA,PUNO,SAN ROMAN,-15.63909,-70.34661,M,AUTOMATICA,,,0.2,0.0,0.0,0.0,0.3,0.0,,,,,,,,,,,,,
472CF72C,JULIACA,EMA,PUNO,SAN ROMAN,-15.47106,-70.17122,M,AUTOMATICA,,,0.0,0.0,0.0,0.0,0.0,,0.0,0.0,0.0,0.0,0.0,0.0,0.0,0.0,0.0,0.0,0.0,0.0,0.0
107142,BELLAVISTA,PE,SAN MARTIN,BELLAVISTA,-7.05517,-76.55836,M,AUTOMATICA,,,,,,,,,,,,,,,,,,,,,
210006,SHANAO,EHA,SAN MARTIN,LAMAS,-6.41291,-76.60001,H,AUTOMATICA,,,,,,,,,,,,,,,,,,,,,
106144,JEPELACIO,PE,SAN MARTIN,MOYOBAMBA,-6.11275,-76.90761,M,AUTOMATICA,,,,,,,,,,,,,,,,,,,,,
106145,TINGO DE PONAZA,PE,SAN MARTIN,PICOTA,-6.93722,-76.25267,M,AUTOMATICA,,,,,,,,,,,,,,,,,,,,,
4724851A,NARANJILLO,EAMA,SAN MARTIN,RIOJA,-5.80962,-77.39321,M,AUTOMATICA,,,0.0,0.0,0.0,,,0.0,0.0,0.0,0.0,0.0,0.0,1.5,0.0,0.0,0.0,0.0,0.0,0.0,0.0
4723013A,EL PORVENIR,EAMA,SAN MARTIN,SAN MARTIN,-6.58906,-76.31824,M,AUTOMATICA,,,0.0,0.0,0.0,0.0,0.0,0.0,0.0,0.0,0.0,0.0,0.0,0.0,0.0,0.0,0.0,0.0,0.0,0.0,0.0
47E2E456,TOCACHE,EHMA,SAN MARTIN,TOCACHE,-8.18475,-76.50789,H,AUTOMATICA,,,0.0,0.0,0.0,0.0,0.0,0.0,0.0,0.0,0.0,0.0,0.1,0.0,,0.0,0.0,0.0,,0.0,0.0
47E2C2BA,CANDARAVE,EMA,TACNA,CANDARAVE,-17.268,-70.25409,M,AUTOMATICA,,,0.0,0.0,0.0,0.0,0.0,0.0,0.0,0.0,0.0,0.0,0.0,0.0,0.0,0.0,0.0,0.0,0.0,0.0,0.0
47E1654C,CORACHAY II,EHA,TACNA,CANDARAVE,-17.11435,-70.28838,H,AUTOMATICA,,,0.0,0.0,0.0,0.0,0.0,0.0,0.0,0.0,0.0,0.0,0.0,0.0,0.0,0.0,0.0,0.0,0.0,0.0,0.0
47E12646,LAGUNA ARICOTA,EHA,TACNA,CANDARAVE,-17.37093,-70.30847,H,AUTOMATICA,,,0.0,0.0,0.0,0.0,0.0,0.0,0.0,0.0,0.0,0.0,0.0,0.0,0.0,0.0,0.0,0.0,0.0,0.0,0.0
47E186BE,PUENTE VIEJO,EHA,TACNA,JORGE BASADRE,-17.61756,-70.76097,H,AUTOMATICA,,,0.0,0.0,0.0,0.0,0.0,0.0,0.0,0.0,0.0,0.0,0.0,0.0,0.0,0.0,0.0,0.0,0.0,0.0,0.0
47E2B42A,BOCATOMA EL AYRO,EMA,TACNA,TACNA,-17.58019,-69.62673,M,AUTOMATICA,,,0.0,0.0,0.0,0.0,0.0,0.0,0.0,0.0,0.0,0.0,0.0,0.0,0.0,0.0,0.0,0.0,0.0,0.0,0.0
47E143A0,CAPLINA,EHA,TACNA,TACNA,-17.6921,-69.92511,H,AUTOMATICA,,,0.0,0.0,0.0,0.0,0.0,0.0,0.0,0.0,0.0,0.0,0.0,0.0,,0.0,0.0,0.0,0.0,0.0,0.0
47E13530,CERRO BLANCO,EHA,TACNA,TACNA,-17.96873,-70.15231,H,AUTOMATICA,,,0.0,0.7,0.5,0.0,0.7,0.9,0.1,0.0,0.0,0.2,0.0,0.0,0.0,0.0,0.0,0.0,0.0,0.0,0.0
47E195C8,CHALLATA,EHA,TACNA,TACNA,-17.81542,-70.09896,H,AUTOMATICA,,,0.0,0.0,0.0,0.0,0.0,0.0,0.0,0.0,0.0,0.0,0.0,0.0,0.0,0.0,0.0,0.0,0.0,0.0,0.0
4722F344,LA TRANCA,EHA,TACNA,TACNA,-17.74313,-70.47178,H,AUTOMATICA,,,,,,,,,,,,,,,,,,,,,
47E113DC,REPRESA PAUCARANI,EHA,TACNA,TACNA,-17.53436,-69.76499,H,AUTOMATICA,,,0.0,0.0,0.0,0.0,0.0,0.0,0.0,0.0,0.0,0.0,0.0,0.0,0.0,0.0,0.0,0.0,0.0,0.0,0.0
117059,ANCOAQUE,EHA,TACNA,TARATA,-17.19972,-69.93917,H,AUTOMATICA,,,0.0,,0.0,0.0,0.0,,0.0,0.0,0.0,,0.0,0.0,0.0,,0.0,0.0,0.0,,0.0
47E292C6,CHUAPALCA,EMA,TACNA,TARATA,-17.30882,-69.66179,M,AUTOMATICA,,,0.0,0.0,0.0,0.0,0.0,0.0,0.0,0.0,0.0,0.0,0.0,0.0,0.0,0.0,0.0,0.0,0.0,0.0,0.0
47E150D6,PUENTE TALAPALCA,EHA,TACNA,TARATA,-17.47487,-70.17265,H,AUTOMATICA,,,0.0,0.0,0.0,0.0,0.0,0.0,0.0,0.0,0.0,0.0,0.0,0.0,,0.0,0.0,0.0,0.0,0.0,0.0
47E1B324,REPRESA JARUMAS,EHA,TACNA,TARATA,-17.3692,-69.94863,H,AUTOMATICA,,,0.0,0.0,0.0,0.0,0.0,0.0,0.0,0.0,0.0,0.0,0.0,0.0,,0.0,0.0,0.0,0.0,0.0,0.0
47E1763A,SALIDA TUNEL KOVIRE,EHA,TACNA,TARATA,-17.23804,-70.00854,H,AUTOMATICA,,,0.0,0.0,0.0,0.0,0.0,0.0,0.0,0.0,0.0,0.0,0.0,0.0,0.0,0.0,0.0,0.0,0.0,0.0,0.0
47E2D1CC,TARATA,EMA,TACNA,TARATA,-17.47937,-70.03665,M,AUTOMATICA,,,0.0,0.0,0.0,0.0,0.0,0.0,0.0,0.0,0.0,0.0,0.0,0.0,0.0,0.0,0.0,0.0,0.0,0.0,0.0
47E2A75C,VILACOTA,EMA,TACNA,TARATA,-17.07909,-70.04302,M,AUTOMATICA,,,0.0,0.0,0.0,0.0,0.0,0.0,0.0,0.0,0.0,0.0,0.0,0.0,0.0,0.0,0.0,0.0,0.0,0.0,0.0
472F13D0,CAÑAVERAL,EMA,TUMBES,CONTRALMIRANTE VILLAR,-3.93905,-80.65055,M,AUTOMATICA,,,0.0,0.0,0.0,0.0,0.0,0.0,0.0,0.0,0.0,0.0,0.0,0.0,8.1,7.5,0.1,0.0,0.0,0.0,0.0
47E01126,CABO INGA H,EHA,TUMBES,TUMBES,-3.97873,-80.39938,H,AUTOMATICA,,,0.0,0.1,0.0,0.0,0.0,0.0,0.0,0.0,1.9,9.1,0.1,0.0,33.5,,0.0,0.0,0.0,,0.0
472F00A6,CABO INGA M,EMA,TUMBES,TUMBES,-3.97594,-80.40182,M,AUTOMATICA,,,0.0,0.2,0.0,0.0,0.0,0.0,0.0,0.0,1.9,10.0,0.0,0.0,34.4,21.9,0.0,0.0,0.0,0.0,0.0
472EF2D8,CAMPAMENTO SEDE,EMA,TUMBES,TUMBES,-3.55115,-80.42962,M,AUTOMATICA,,,,0.0,0.0,0.0,0.0,0.0,0.0,,,0.0,0.0,,0.0,,0.0,,0.0,0.0,8.8
4724A3F6,EL TIGRE,EHMA,TUMBES,TUMBES,-3.7687,-80.45689,H,AUTOMATICA,,,0.0,0.0,,0.0,0.0,0.0,0.0,0.0,0.0,,0.0,0.0,6.6,0.3,0.0,0.0,0.0,,0.0
472F43AC,HUASIMO,EMA,TUMBES,TUMBES,-3.99815,-80.50392,M,AUTOMATICA,,,0.0,0.0,0.0,0.0,0.0,0.0,0.0,0.0,0.1,2.5,0.0,0.0,20.0,12.3,0.0,0.1,0.0,0.0,0.0
47E024BC,PUENTE TUMBES,EHA,TUMBES,TUMBES,-3.5709,-80.4609,H,AUTOMATICA,,,0.0,0.0,0.0,0.0,0.0,0.0,0.0,0.0,0.0,0.0,0.0,0.0,0.0,,0.0,0.0,0.0,,4.6
103068,PUERTO PIZARRO,EMA,TUMBES,TUMBES,-3.50396,-80.39538,M,AUTOMATICA,,,,0.0,,,,,0.0,,,,,,,,,,,,
472F264A,RICA PLAYA,EMA,TUMBES,TUMBES,-3.81333,-80.4575,M,AUTOMATICA,,,0.0,0.0,0.0,0.0,0.0,0.0,0.0,0.0,0.1,0.1,0.0,0.0,10.1,12.4,0.0,0.0,0.1,0.0,0.0
472F353C,MATAPALO,EMA,TUMBES,ZARUMILLA,-3.68276,-80.19851,M,AUTOMATICA,,,0.0,0.0,0.0,0.0,0.0,0.0,0.0,0.0,0.0,0.0,0.0,0.0,23.9,,0.9,0.0,0.0,0.0,0.0
47E86310,CALLERIA,EMA,UCAYALI,CORONEL PORTILLO,-7.89825,-74.49886,M,AUTOMATICA,,,,,,,,,,,,,,,,,,,,,
47E87066,PUERTO ESPERANZA,EMA,UCAYALI,PURUS,-9.77083,-70.70666,M,AUTOMATICA,,,0.0,0.0,0.0,0.0,0.0,0.0,0.0,0.0,0.0,0.0,0.0,0.0,0.0,0.0,0.0,0.0,0.0,0.0,0.0
270001,DESAGUADERO,EHA,PUNO,CHUCUITO,-16.56364,-69.03667,H,AUTOMATICA,,,,,,,,,,,,,,,,,,,,,
101004,GUEPPI,EMA,LORETO,PUTUMAYO,0.1172,-75.2503,M,AUTOMATICA,,,0.0,0.0,0.0,0.0,0.0,0.0,0.0,0.0,0.0,0.0,0.0,0.0,0.0,0.0,0.0,0.0,0.0,0.0,0.0
