codigo,estacion,latitud,longitud,2026091206,2026091212,2026091218,2026091300,2026091306,2026091312,2026091318,2026091400,2026091406,2026091412,2026091418,2026091500,2026091506,2026091512,2026091518,2026091600,2026091606,2026091612,2026091618,2026091700
ACOBAMBA,ACOBAMBA,-12.84361,-74.56161,4.45,-0.0,0.0,0.03,0.0,0.0,0.0,6.52,2.55,0.0,0.0,17.4,4.38,0.42,0.06,2.2,0.85,0.46,0.55,0.0
ACOPALCA,ACOPALCA,-11.98732,-75.10352,1.36,-0.0,2.33,3.84,9.43,0.0,0.01,0.49,5.57,0.0,1.2,0.64,8.54,0.17,1.74,1.03,0.21,0.28,1.29,0.01
ACOSTAMBO,ACOSTAMBO,-12.36078,-75.05725,6.63,-0.0,0.01,2.66,0.32,0.0,0.01,0.01,2.4,0.0,0.0,3.18,7.49,1.34,0.05,0.69,10.27,0.01,0.41,0.0
AGUAYTIA,AGUAYTIA,-9.04225,-75.50624,0.0,0.0,0.0,0.0,0.0,0.0,0.33,0.0,22.92,18.67,1.86,0.0,0.0,0.0,0.0,0.26,0.0,0.0,1.38,7.21
AIJA,AIJA,-9.78164,-77.60674,0.0,0.0,0.0,0.0,0.0,0.0,0.0,0.0,0.0,0.0,0.0,0.0,0.0,0.0,0.0,0.0,0.0,0.03,0.05,0.03
ALAO,ALAO,-6.517,-76.73806,0.0,0.0,0.04,0.85,0.0,0.0,0.03,0.07,0.0,0.0,10.88,1.94,0.0,0.0,0.56,0.76,0.0,0.0,0.49,0.05
ALCANTARILLA,ALCANTARILLA,-11.06068,-77.55028,0.03,0.07,0.0,0.0,0.0,0.0,0.0,0.0,0.0,0.0,0.0,0.0,0.0,0.0,0.0,0.0,0.0,0.0,0.0,0.0
ALTO DE POCLUS,ALTO DE POCLUS,-4.9169,-79.89047,0.0,0.0,0.0,0.0,0.0,0.0,0.0,0.1,0.0,0.0,0.0,0.12,0.0,0.0,0.0,0.38,0.0,0.0,0.0,0.43
AMAZONAS,AMAZONAS,-3.7,-73.3,0.0,0.0,0.0,0.41,0.0,0.0,0.33,0.28,0.0,0.0,42.83,0.0,0.0,0.0,0.81,4.98,0.0,0.02,3.57,0.03
AMBAR,AMBAR,-10.75484,-77.2668,0.0,0.0,0.0,0.0,0.0,0.0,0.0,0.0,0.01,0.0,0.0,0.0,0.0,0.0,0.0,0.0,0.0,0.0,0.0,0.0
ANANEA,ANANEA,-14.67628,-69.53386,0.08,1.16,0.54,1.27,0.0,0.0,0.0,0.03,0.0,0.0,1.07,3.44,0.0,0.0,0.06,1.73,8.46,0.11,0.15,3.31
ANDAHUA,ANDAHUA,-15.5009,-72.3551,0.0,0.0,0.0,0.0,0.0,0.0,0.0,0.0,0.0,0.0,0.0,0.0,0.0,0.0,0.0,0.0,0.0,0.0,0.0,0.0
ANDAJES,ANDAJES,-10.78361,-76.90028,0.0,0.0,0.08,0.03,0.0,0.0,0.0,0.01,0.02,0.0,0.0,0.0,0.0,0.0,0.01,0.03,0.04,0.0,0.06,0.09
ANGAMOS,ANGAMOS,-5.18318,-72.87709,0.0,0.0,0.0,0.0,0.0,0.0,3.79,9.2,0.0,7.22,6.82,0.01,0.0,0.0,0.03,0.04,0.0,0.0,0.91,11.58
ANTA ANCACHURO,ANTA ANCACHURO,-13.47242,-72.21876,0.0,-0.0,0.21,0.0,0.0,0.0,0.01,0.09,0.0,0.0,0.11,0.11,0.04,0.0,0.92,0.78,0.5,0.08,1.08,0.1
APLAO,APLAO,-16.07288,-72.49226,0.0,0.0,0.0,0.0,0.0,0.0,0.0,0.0,0.0,0.0,0.0,0.0,0.0,0.0,0.0,0.0,0.0,0.0,0.0,0.0
ARAHUAY,ARAHUAY,-11.62091,-76.67034,0.0,0.0,0.0,0.0,0.0,0.0,0.0,0.0,0.0,0.0,0.0,0.0,0.0,0.0,0.0,0.0,0.0,0.0,0.0,0.3
ARAMANGO,ARAMANGO,-5.41994,-78.43553,0.0,0.0,0.0,0.0,0.0,0.0,0.0,0.04,0.0,0.0,0.0,3.63,0.0,0.0,0.0,1.18,0.03,0.0,0.0,0.03
ARAPA,ARAPA,-15.17857,-70.10904,0.62,2.21,0.05,0.35,0.0,0.0,0.0,0.0,0.0,0.0,0.0,0.0,0.0,0.0,0.0,12.79,0.8,2.2,0.0,0.61
ARICOTA,ARICOTA,-17.32914,-70.23731,0.0,0.0,0.0,0.0,0.0,0.0,0.0,0.0,0.0,0.0,0.0,0.0,0.0,0.0,0.0,0.0,0.0,0.0,0.0,0.0
ASUNCION,ASUNCION,-7.30938,-78.51583,0.0,0.0,0.0,0.0,0.0,0.0,0.0,0.0,0.01,0.0,0.0,0.0,0.5,0.01,0.0,0.01,0.0,0.0,0.01,0.01
AUCAYACU,AUCAYACU,-8.92972,-76.11167,0.07,0.0,0.0,0.44,0.02,7.21,0.0,0.01,0.0,11.4,10.57,0.04,0.0,0.0,0.0,0.67,0.02,0.01,0.07,0.06
AUGUSTO WEBERBAUER,AUGUSTO WEBERBAUER,-7.15083,-78.49309,0.0,0.0,0.0,1.17,0.0,0.0,0.0,0.01,0.0,0.0,0.0,1.01,1.51,0.0,0.0,0.1,0.01,0.0,0.0,0.01
AYABACA,AYABACA,-4.63776,-79.72743,0.0,0.0,0.0,0.0,0.0,0.0,0.0,0.0,0.0,0.0,0.0,0.07,0.0,0.0,0.0,0.0,0.0,0.0,0.01,0.04
AYAVIRI,AYAVIRI,-12.38208,-76.13672,0.0,0.0,0.0,0.0,0.0,0.0,0.0,0.0,0.0,0.0,0.0,0.0,0.0,0.0,0.0,0.0,0.0,0.0,0.01,0.0
AYLAMBO,AYLAMBO,-7.19345,-78.52679,0.0,0.0,0.0,1.78,0.0,0.0,0.0,0.01,0.0,0.0,0.0,0.22,0.55,0.0,0.01,0.35,0.0,0.0,0.0,0.05
AYMARAES,AYMARAES,-14.29056,-73.25168,0.02,-0.0,0.0,0.0,0.0,0.0,0.0,0.01,0.0,0.0,0.0,3.45,0.59,0.0,0.15,8.97,5.75,2.27,0.17,0.12
AYO,AYO,-15.68329,-72.27045,0.0,0.0,0.0,0.0,0.0,0.0,0.0,0.0,0.0,0.0,0.0,0.0,0.0,0.0,0.0,0.0,0.0,0.0,0.0,0.0
AZANGARO,AZANGARO,-14.91719,-70.19047,0.03,3.06,0.26,0.39,0.0,0.0,0.0,0.0,0.0,0.0,0.0,0.0,0.0,0.0,0.1,15.5,4.47,1.21,0.01,1.22
BAGAZAN,BAGAZAN,-4.72402,-73.53213,0.0,0.0,0.0,0.0,0.0,0.0,2.25,3.51,0.0,1.63,1.44,0.0,0.0,0.0,0.0,0.55,0.0,0.0,4.2,0.39
BAGUA CHICA,BAGUA CHICA,-5.66148,-78.53396,0.0,0.0,0.0,0.0,0.0,0.0,0.0,0.01,0.0,0.0,0.0,0.1,0.09,0.0,0.0,0.01,0.07,0.0,0.0,0.0
BAMBAMARCA,BAMBAMARCA,-6.67655,-78.51834,0.0,0.0,0.0,0.0,0.0,0.0,0.0,0.0,0.08,0.0,0.0,0.75,14.4,0.0,0.0,0.18,0.01,0.0,0.0,0.0
BELLAVISTA,BELLAVISTA,-3.49542,-73.06798,0.0,0.0,0.0,0.0,0.0,0.0,0.6,0.34,0.0,0.0,1.42,0.0,0.0,0.0,2.78,7.12,0.0,0.04,3.7,0.01
BERNAL,BERNAL,-5.48783,-80.75929,0.0,0.0,0.0,0.0,0.0,0.0,0.0,0.0,0.0,0.0,0.0,0.0,0.0,0.0,0.0,0.0,0.0,0.0,0.0,0.0
BOCATOMA,BOCATOMA,-17.57583,-69.62667,0.0,0.0,0.0,0.0,0.0,0.0,0.0,0.0,0.0,0.0,0.0,0.0,0.0,0.0,0.0,0.0,0.0,0.0,0.0,0.0
BRETAÑA,BRETAÑA,-5.25028,-74.35028,0.0,0.0,0.0,0.0,0.0,0.0,0.97,1.11,0.0,2.46,15.04,0.0,0.0,0.0,0.0,0.0,0.0,0.01,1.7,1.27
BUENA VISTA,BUENA VISTA,-9.43371,-78.20825,0.0,0.0,0.0,0.0,0.0,0.0,0.0,0.0,0.0,0.0,0.0,0.0,0.0,0.0,0.0,0.0,0.0,0.0,0.0,0.0
CABALLOCOCHA,CABALLOCOCHA,-3.91123,-70.51189,0.0,0.0,0.06,0.38,0.0,0.0,0.08,0.0,4.66,34.18,1.07,0.0,0.0,0.0,0.06,0.05,0.0,0.0,0.2,0.01
CABANA,CABANA,-8.39058,-78.00461,0.0,0.0,0.0,0.0,0.0,0.0,0.01,0.01,0.0,0.0,0.0,0.0,0.0,0.0,0.2,2.15,0.0,0.0,0.01,0.59
CABANACONDE,CABANACONDE,-15.62259,-71.97409,0.0,0.0,0.0,0.0,0.0,0.0,0.0,0.0,0.0,0.0,0.0,0.0,0.0,0.0,0.0,0.0,0.0,0.0,0.0,0.47
CABANILLAS,CABANILLAS,-15.63911,-70.34661,0.03,0.0,0.79,0.09,0.0,0.0,0.0,0.0,0.0,0.0,0.0,0.0,0.0,0.0,0.0,0.0,0.05,0.11,0.09,7.5
CACHACHI,CACHACHI,-7.45106,-78.26855,0.0,0.0,0.0,1.21,0.0,0.0,0.0,0.05,0.1,0.0,0.0,0.39,7.08,0.0,0.0,0.69,0.02,0.0,0.0,0.51
CACHICADAN,CACHICADAN,-8.10851,-78.16605,0.0,0.0,0.0,0.0,0.0,0.0,0.0,0.01,0.0,0.0,0.0,0.0,0.97,0.0,0.0,1.11,0.0,0.0,0.0,0.19
CAICAY,CAICAY,-13.59999,-71.69548,0.0,0.0,0.05,0.03,0.0,0.0,0.0,0.0,0.0,0.0,0.0,0.0,0.01,0.0,0.89,0.11,0.0,0.01,0.18,0.39
CAIRANI,CAIRANI,-17.28121,-70.36269,0.0,0.0,0.0,0.0,0.0,0.0,0.0,0.0,0.0,0.0,0.0,0.0,0.0,0.0,0.0,0.0,0.0,0.0,0.0,0.0
CAJABAMBA,CAJABAMBA,-7.62166,-78.05131,0.0,0.0,0.0,0.0,0.0,0.0,0.05,0.16,0.0,0.0,0.0,1.41,0.39,0.0,0.07,0.01,0.09,0.0,0.0,0.0
CAJAMARQUILLA,CAJAMARQUILLA,-9.63204,-77.74136,0.0,0.0,0.0,0.0,0.0,0.0,0.0,0.0,0.0,0.0,0.0,0.0,0.0,0.0,0.0,0.0,0.0,0.0,0.01,0.0
CAJATAMBO,CAJATAMBO,-10.47788,-76.98971,0.0,0.0,0.0,0.01,0.0,0.0,0.0,0.43,2.6,0.0,0.0,0.01,0.74,1.3,0.0,0.88,0.1,0.18,0.02,0.12
CALACOA,CALACOA,-16.73989,-70.68764,0.0,0.0,0.0,0.0,0.0,0.0,0.0,0.0,0.0,0.0,0.0,0.0,0.0,0.0,0.0,0.0,0.0,0.0,0.0,0.0
CALANA,CALANA,-17.97458,-70.19264,0.0,0.0,0.0,0.0,0.0,0.01,0.0,0.0,0.0,0.0,0.0,0.0,0.0,0.0,0.0,0.0,0.0,0.0,0.0,0.0
CALIENTES,CALIENTES,-17.88402,-70.14248,0.0,0.0,0.0,0.0,0.01,0.0,0.0,0.0,0.0,0.0,0.0,0.0,0.0,0.0,0.0,0.0,0.0,0.0,0.0,0.0
CALLANCAS,CALLANCAS,-7.76747,-78.49394,0.0,0.0,0.0,0.0,0.0,0.0,0.0,0.0,0.0,0.0,0.0,0.0,0.05,0.76,0.0,0.0,0.0,0.13,0.0,0.0
CAMANA,CAMANA,-16.61062,-72.68765,0.02,0.0,0.0,0.01,0.0,0.0,0.0,0.0,0.0,0.0,0.0,0.0,0.0,0.0,0.0,0.0,0.0,0.0,0.0,0.0
CAMAY,CAMAY,-10.91294,-77.6489,0.01,0.02,0.0,0.0,0.0,0.0,0.0,0.0,0.0,0.0,0.0,0.0,0.0,0.0,0.0,0.0,0.0,0.0,0.0,0.0
CAMPO DE MARTE,CAMPO DE MARTE,-12.07053,-77.04317,0.06,0.07,0.0,0.0,0.0,0.0,0.0,0.0,0.0,0.01,0.0,0.0,0.0,0.0,0.0,0.0,0.0,0.0,0.0,0.0
CANCHAN,CANCHAN,-9.94889,-76.28806,0.0,0.0,0.0,0.0,0.0,0.0,0.0,0.0,0.0,0.0,0.01,0.0,0.0,0.0,0.0,0.0,0.0,0.67,0.0,0.0
CANDARAVE,CANDARAVE,-17.26775,-70.25536,0.0,0.0,0.0,0.0,0.0,0.0,0.0,0.0,0.0,0.0,0.0,0.0,0.0,0.0,0.0,0.0,0.0,0.0,0.0,0.0
CANTA,CANTA,-11.47121,-76.62569,0.0,0.0,0.0,0.0,0.0,0.0,0.0,0.06,0.0,0.0,0.0,0.0,0.0,0.0,0.0,0.01,0.0,0.0,0.14,1.38
CAPACHICA,CAPACHICA,-15.61344,-69.84222,0.54,1.18,0.03,0.01,0.0,0.0,0.0,0.0,0.0,0.0,0.0,0.0,0.0,0.0,0.0,0.0,0.59,0.55,0.0,16.16
CARAMPOMA,CARAMPOMA,-11.65531,-76.51514,0.0,0.0,0.0,0.0,0.0,0.0,0.0,0.04,0.27,0.0,0.0,0.0,0.0,0.0,0.0,0.0,0.0,0.05,0.1,3.23
CARANIA,CARANIA,-12.3444,-75.87215,0.0,0.0,0.0,0.0,0.0,0.0,0.0,0.0,0.0,0.0,0.27,0.0,0.0,0.0,1.21,0.03,0.44,0.39,0.11,0.77
CARAVELI,CARAVELI,-15.77568,-73.36259,0.0,0.0,0.0,0.0,0.0,0.0,0.0,0.0,0.0,0.0,0.0,0.0,0.0,0.0,0.0,0.0,0.0,0.0,0.0,0.0
CARPISH,CARPISH,-9.70567,-76.09425,0.0,0.0,0.66,0.5,0.0,0.02,1.61,0.22,0.0,0.07,21.7,0.66,0.0,0.0,0.0,0.07,2.61,6.46,0.58,0.01
CARUMAS,CARUMAS,-16.81145,-70.69543,0.0,0.0,0.0,0.0,0.0,0.0,0.0,0.0,0.0,0.0,0.0,0.0,0.0,0.0,0.0,0.0,0.0,0.0,0.0,0.0
CASAPALCA,CASAPALCA,-11.63804,-76.23332,0.0,0.0,0.09,5.22,0.0,0.0,0.0,1.44,8.55,0.0,0.01,0.96,0.15,0.0,0.01,15.65,4.19,0.25,0.18,1.63
CAYALTI,CAYALTI,-6.88079,-79.54701,0.0,0.0,0.01,0.0,0.0,0.0,0.0,0.0,0.0,0.0,0.0,0.0,0.0,0.0,0.0,0.0,0.0,0.0,0.0,0.0
CAYLLOMA,CAYLLOMA,-15.18361,-71.77019,0.3,0.02,0.01,0.0,0.0,0.0,0.0,0.0,0.0,0.0,0.0,0.0,0.0,0.0,0.35,1.3,0.0,0.03,0.25,8.71
CAÑAVERAL,CAÑAVERAL,-3.9391,-80.65058,0.0,0.0,0.0,0.0,0.0,0.0,0.0,0.0,0.0,0.0,0.01,0.0,0.0,0.0,0.0,0.0,0.2,0.0,0.0,0.0
CCATCCA,CCATCCA,-13.60989,-71.56011,0.0,0.05,0.02,0.05,0.0,0.0,0.0,0.0,0.0,0.0,0.0,0.01,0.0,0.0,0.51,0.2,0.03,0.03,0.12,0.01
CELENDIN,CELENDIN,-6.85292,-78.14485,0.0,0.0,0.0,0.0,0.0,0.0,0.0,0.0,0.0,0.0,0.0,0.58,0.67,0.0,0.05,0.0,0.01,0.0,0.0,0.0
CERRO DE PASCO,CERRO DE PASCO,-10.69338,-76.26419,4.07,0.09,0.5,0.04,0.0,0.0,0.0,0.07,0.02,0.0,0.26,0.06,0.01,0.0,0.04,0.78,0.32,0.11,0.68,0.0
CHACCHAN,CHACCHAN,-9.53519,-77.77536,0.0,0.0,0.0,0.0,0.0,0.0,0.0,0.0,0.0,0.0,0.0,0.0,0.0,0.0,0.0,0.0,0.0,0.0,0.01,0.03
CHACHAPOYAS,CHACHAPOYAS,-6.2083,-77.86712,0.0,0.0,0.0,0.03,0.0,0.02,0.0,0.01,0.08,0.08,0.0,2.31,0.15,0.0,0.0,2.34,0.0,0.0,0.0,0.08
CHACHAS,CHACHAS,-15.50246,-72.26858,0.0,0.0,0.0,0.0,0.0,0.0,0.0,0.0,0.0,0.0,0.0,0.0,0.0,0.0,0.0,0.0,0.0,0.0,0.0,0.15
CHACLLABAMBA,CHACLLABAMBA,-13.10855,-71.72,0.0,0.0,2.22,3.63,0.14,0.0,0.69,3.21,0.0,0.0,0.85,0.98,0.33,0.0,1.44,3.62,4.36,0.35,4.07,2.45
CHAGLLA,CHAGLLA,-9.85008,-75.90706,0.0,0.0,0.0,1.29,0.0,0.0,0.93,0.0,0.0,0.01,4.29,0.19,0.0,0.0,0.55,0.43,0.0,0.02,0.02,0.68
CHALACO,CHALACO,-5.03865,-79.82502,0.0,0.0,0.0,0.0,0.0,0.0,0.0,0.02,0.0,0.0,0.0,0.03,0.0,0.0,0.0,0.01,0.0,0.0,0.0,0.12
CHALLABAMBA,CHALLABAMBA,-13.21754,-71.64938,0.0,-0.0,0.54,0.62,0.03,0.0,0.62,2.15,0.0,0.0,0.16,1.24,1.56,0.0,0.72,2.3,0.78,1.75,0.48,0.82
CHALLACA,CHALLACA,-13.79047,-75.38212,0.0,0.0,0.0,0.0,0.0,0.0,0.0,0.0,0.0,0.0,0.0,0.0,0.0,0.0,0.0,0.0,0.0,0.0,0.0,0.0
CHALLACA PLU,CHALLACA PLU,-13.7896,-75.40029,0.0,0.0,0.0,0.0,0.0,0.0,0.0,0.0,0.0,0.0,0.0,0.0,0.0,0.0,0.0,0.0,0.0,0.0,0.0,0.0
CHANCAY BAÑOS,CHANCAY BAÑOS,-6.57583,-78.88111,0.0,0.0,0.0,0.0,0.0,0.0,0.0,0.01,0.0,0.0,0.0,0.01,0.05,0.0,0.0,0.4,0.0,0.0,0.0,0.17
CHAPARRA,CHAPARRA,-15.74765,-73.87089,0.0,0.0,0.0,0.0,0.0,0.0,0.0,0.0,0.0,0.0,0.0,0.0,0.0,0.0,0.0,0.0,0.0,0.0,0.0,0.0
CHAVIN,CHAVIN,-9.58633,-77.17526,5.77,0.17,0.02,0.0,0.0,0.0,0.0,0.72,1.69,1.0,0.0,0.79,10.2,0.0,0.0,0.65,0.24,0.01,0.57,0.0
CHAZUTA,CHAZUTA,-6.57119,-76.1315,0.0,0.0,0.08,0.11,0.0,0.0,0.84,0.27,1.99,2.13,6.94,0.6,0.0,0.0,0.0,0.02,0.0,0.0,0.3,0.37
CHERREPE,CHERREPE,-7.11887,-79.56118,0.0,0.0,0.0,0.0,0.0,0.0,0.0,0.0,0.0,0.0,0.0,0.0,0.0,0.0,0.0,0.0,0.0,0.0,0.0,0.0
CHICHAS,CHICHAS,-15.54811,-72.90165,0.0,0.0,0.0,0.0,0.0,0.0,0.0,0.0,0.0,0.0,0.0,0.0,0.0,0.0,0.0,0.0,0.0,0.0,0.0,0.08
CHIGUATA,CHIGUATA,-16.40644,-71.40914,0.0,0.0,0.0,0.0,0.0,0.0,0.0,0.0,0.0,0.0,0.0,0.0,0.0,0.0,0.0,0.0,0.0,0.0,0.0,0.0
CHILCAYOC,CHILCAYOC,-13.88298,-73.7268,1.98,0.0,0.0,0.0,0.0,0.0,0.0,0.79,0.0,0.0,0.0,3.97,0.51,0.0,1.15,0.67,9.09,0.31,1.57,0.05
CHILETE,CHILETE,-7.21968,-78.83799,0.0,0.0,0.0,0.0,0.0,0.0,0.0,0.01,0.0,0.0,0.0,0.0,0.04,0.0,0.0,0.01,0.0,0.0,0.0,0.0
CHIQUIAN,CHIQUIAN,-10.14763,-77.15949,0.06,0.0,0.01,1.55,0.0,0.0,0.0,0.6,2.43,0.0,0.0,5.14,0.34,0.0,0.0,12.99,0.97,0.0,0.0,1.78
CHIRINOS,CHIRINOS,-5.3085,-78.91426,0.0,0.0,0.0,0.0,0.0,0.0,0.0,0.0,0.0,0.0,0.05,0.01,0.0,0.0,0.01,0.0,0.0,0.0,0.0,0.0
CHIVAY,CHIVAY,-15.64163,-71.58502,0.0,0.0,0.0,0.0,0.0,0.0,0.0,0.0,0.0,0.0,0.0,0.0,0.0,0.0,0.0,0.0,0.0,0.0,0.0,6.03
CHOCO,CHOCO,-15.57707,-72.12963,0.0,0.0,0.0,0.0,0.0,0.0,0.0,0.0,0.0,0.0,0.0,0.0,0.0,0.0,0.0,0.0,0.0,0.0,0.0,0.56
CHONTACHACA,CHONTACHACA,-13.02389,-71.46778,0.0,0.0,0.25,0.35,12.54,15.25,13.45,8.98,1.31,1.1,0.0,0.08,0.0,0.05,0.54,16.85,10.66,6.53,0.0,2.78
CHONTALI,CHONTALI,-5.64361,-79.08472,0.0,0.0,0.0,0.0,0.0,0.0,0.0,0.0,0.0,0.0,0.01,0.0,0.0,0.0,0.18,0.0,0.05,0.0,0.0,0.0
CHOSICA,CHOSICA,-11.92986,-76.68975,0.0,0.0,0.0,0.0,0.0,0.0,0.0,0.0,0.0,0.0,0.0,0.0,0.0,0.0,0.0,0.0,0.0,0.0,0.0,0.0
CHOTA,CHOTA,-6.54713,-78.64863,0.0,0.0,0.0,0.0,0.0,0.03,0.0,0.0,0.01,0.0,0.0,0.51,0.02,0.0,0.01,0.0,0.0,0.0,0.0,0.01
CHOTANO LAJAS,CHOTANO LAJAS,-6.56216,-78.73885,0.0,0.0,0.0,0.0,0.0,0.0,0.0,0.0,0.03,0.0,0.0,0.02,0.03,0.0,0.0,0.0,0.01,0.0,0.0,0.0
CHUGUR,CHUGUR,-6.66874,-78.73799,0.0,0.0,0.0,0.0,0.0,0.0,0.01,0.37,0.74,0.0,0.01,0.04,4.0,0.0,0.34,0.22,0.0,0.0,0.03,0.55
CHULUCANAS,CHULUCANAS,-5.10843,-80.16956,0.0,0.0,0.0,0.0,0.0,0.0,0.0,0.0,0.0,0.0,0.0,0.0,0.0,0.0,0.0,0.01,0.0,0.0,0.0,0.0
CHUQUIBAMBA,CHUQUIBAMBA,-15.84601,-72.63398,0.0,0.0,0.0,0.0,0.0,0.0,0.0,0.0,0.0,0.0,0.0,0.0,0.0,0.0,0.0,0.0,0.0,0.0,0.0,0.0
CHUQUIBAMBILLA,CHUQUIBAMBILLA,-14.78791,-70.72849,4.64,0.31,0.56,0.0,0.0,0.0,0.0,0.0,0.0,0.0,0.02,0.01,0.0,0.0,0.13,1.86,9.61,0.63,0.04,0.26
COCHABAMBA,COCHABAMBA,-6.46009,-78.8886,0.0,0.0,0.0,0.0,0.0,0.07,0.0,0.0,0.07,0.7,0.0,0.03,0.0,0.0,0.0,0.0,0.21,0.0,0.0,0.0
COLCABAMBA,COLCABAMBA,-12.415,-74.68351,20.29,0.05,0.0,0.06,1.07,0.0,0.06,0.0,0.45,0.02,0.0,0.45,15.71,0.96,0.03,0.02,3.89,5.29,2.03,1.71
COLQUEPATA,COLQUEPATA,-13.36313,-71.67336,0.0,0.0,0.04,0.03,0.0,0.0,0.0,3.63,0.0,0.0,0.0,0.01,0.0,0.0,2.23,0.0,0.01,0.0,0.12,0.11
COMAS,COMAS,-11.74794,-75.13011,0.59,0.01,0.14,0.24,0.01,0.0,0.01,0.27,0.14,0.0,0.82,0.61,0.95,0.1,1.3,2.53,16.33,1.25,1.64,2.76
CONTAMANA,CONTAMANA,-7.35256,-75.00638,0.0,0.0,0.0,0.0,0.0,0.0,0.27,0.01,0.0,21.09,9.73,1.2,0.0,0.0,0.0,0.0,0.0,0.86,0.11,0.03
CONTUMAZA,CONTUMAZA,-7.36521,-78.82273,0.0,0.0,0.0,0.0,0.0,0.0,0.0,0.0,0.0,0.0,0.0,0.0,0.47,0.0,0.0,0.01,0.0,0.0,0.0,0.0
COPARA,COPARA,-14.97501,-74.90749,0.0,0.0,0.0,0.0,0.0,0.0,0.0,0.0,0.0,0.0,0.0,0.0,0.0,0.0,0.0,0.0,0.0,0.0,0.0,0.0
CORACORA,CORACORA,-15.02861,-73.79611,0.0,0.0,0.0,0.0,0.0,0.0,0.0,0.0,0.0,0.0,0.0,0.0,0.0,0.0,0.0,0.0,0.0,0.0,0.0,0.0
CORDOVA,CORDOVA,-14.04061,-75.18698,0.0,0.0,0.0,0.0,0.0,0.0,0.0,0.0,0.0,0.0,0.0,0.0,0.0,0.0,0.0,0.0,0.0,0.0,0.0,0.0
COSPAN,COSPAN,-7.44524,-78.54106,0.0,0.0,0.0,0.0,0.0,0.0,0.05,0.07,0.0,0.0,0.0,0.0,0.18,0.01,0.04,1.82,0.0,0.0,0.07,0.16
COTAHUASI,COTAHUASI,-15.21111,-72.89325,0.0,0.0,0.0,0.0,0.0,0.0,0.0,0.0,0.0,0.0,0.0,0.0,0.0,0.0,0.0,0.0,0.0,0.0,0.0,0.26
CRUCERO,CRUCERO,-14.3626,-70.0238,0.0,0.28,1.49,2.65,0.0,0.0,0.0,0.06,0.0,0.0,0.14,6.72,0.0,0.0,0.62,2.94,3.94,0.13,0.65,5.13
CRUCERO ALTO,CRUCERO ALTO,-15.781,-70.92793,0.01,0.01,0.0,0.0,0.0,0.0,0.0,0.0,0.0,0.0,0.0,0.0,0.0,0.0,0.0,0.0,0.0,0.0,0.0,5.22
CUEVA BLANCA,CUEVA BLANCA,-6.1313,-79.4045,0.0,0.0,0.0,0.0,0.0,0.0,0.0,0.0,0.0,0.0,0.0,0.0,0.01,0.0,0.0,0.0,0.0,0.0,0.0,0.02
CURAHUASI,CURAHUASI,-13.55253,-72.73487,1.37,0.01,0.26,0.03,0.0,0.0,0.0,0.0,0.24,0.0,0.05,0.0,0.87,7.68,0.73,0.1,0.01,0.11,0.36,0.01
CURPAHUASI,CURPAHUASI,-14.06284,-72.6669,3.26,0.05,0.01,0.0,0.0,0.0,0.0,0.0,0.0,0.0,0.23,1.22,2.61,0.09,0.46,0.34,2.09,0.56,1.14,0.0
CUSICANCHA,CUSICANCHA,-13.48732,-75.305,0.0,0.0,0.0,0.0,0.0,0.0,0.0,0.0,0.0,0.0,0.0,0.0,0.0,0.0,0.0,0.0,0.0,0.0,0.0,0.0
CUTERVO,CUTERVO,-6.37964,-78.80512,0.0,0.0,0.0,0.0,0.1,0.9,0.0,0.0,1.78,0.38,0.11,0.08,1.48,0.0,0.0,0.0,1.73,0.0,0.0,0.01
CUYO CUYO,CUYO CUYO,-14.47218,-69.55004,0.03,-0.0,0.66,1.89,0.37,0.0,0.0,1.89,0.15,0.0,0.0,3.91,0.0,0.0,0.29,4.64,6.26,1.06,0.44,3.23
CUÑUMBUQUE,CUÑUMBUQUE,-6.50825,-76.48075,0.0,0.0,0.0,0.0,0.0,0.0,0.0,0.0,0.0,0.0,5.26,0.28,0.0,0.0,0.0,0.12,0.0,0.0,0.24,0.06
DESAGUADERO,DESAGUADERO,-16.57994,-69.03681,0.73,0.57,0.01,0.94,0.0,0.0,0.0,0.0,0.0,0.0,0.0,0.0,0.0,0.0,0.0,0.0,0.0,0.05,0.34,2.2
DOS DE MAYO,DOS DE MAYO,-9.70043,-76.77374,0.76,0.32,0.0,0.0,0.0,0.0,0.02,0.18,0.0,0.0,0.02,4.48,0.23,0.0,0.09,1.28,0.0,0.5,0.28,0.08
EL ALTO,EL ALTO,-4.27865,-81.21815,0.0,0.0,0.0,0.0,0.0,0.0,0.0,0.0,0.0,0.0,0.0,0.0,0.0,0.0,0.0,0.0,0.0,0.0,0.0,0.0
EL ESTRECHO,EL ESTRECHO,-2.59665,-72.66434,0.0,0.0,0.0,0.0,0.0,0.0,0.54,0.01,3.71,2.84,37.72,0.0,0.0,0.31,0.08,0.01,0.0,0.0,0.16,0.01
EL LIMON,EL LIMON,-5.91778,-79.31722,0.0,0.0,0.0,0.0,0.0,0.0,0.0,0.0,0.0,0.0,0.0,0.0,0.0,0.0,0.0,0.0,0.0,0.0,0.0,0.0
EL PALTO,EL PALTO,-6.00039,-78.47444,0.0,0.0,0.0,0.0,0.08,3.29,0.19,0.0,6.32,0.09,0.32,3.32,0.16,0.02,0.47,0.04,1.42,0.2,0.15,0.16
EL PORVENIR,EL PORVENIR,-6.58903,-76.31825,0.0,0.0,0.0,0.03,0.0,0.0,0.11,0.0,0.2,0.11,41.13,0.02,0.0,0.0,0.0,0.54,0.0,0.0,0.17,0.52
EL SALTO,EL SALTO,-3.45171,-80.2802,0.07,0.0,0.0,0.03,0.63,0.0,0.01,0.02,0.09,0.02,0.0,0.0,0.0,0.0,0.01,0.0,1.27,0.0,0.0,0.01
EL VIRREY,EL VIRREY,-5.5337,-79.98233,0.0,0.0,0.0,0.0,0.0,0.0,0.0,0.0,0.0,0.0,0.0,0.0,0.0,0.0,0.0,0.0,0.0,0.0,0.0,0.0
FLOR DE PUNGA,FLOR DE PUNGA,-5.38884,-74.32578,0.0,0.0,0.0,0.0,0.0,0.03,0.24,0.43,0.0,10.79,13.73,0.0,0.0,0.0,0.0,0.0,0.0,0.08,2.32,0.53
FONAGRO (CHINCHA),FONAGRO (CHINCHA),-13.47444,-76.13556,0.0,0.06,0.01,0.0,0.0,0.0,0.0,0.0,0.0,0.0,0.0,0.0,0.0,0.0,0.0,0.0,0.0,0.0,0.0,0.0
FRANCISCO ORELLANA,FRANCISCO ORELLANA,-3.42361,-72.76694,0.0,0.0,0.0,0.04,0.0,0.0,0.82,1.33,0.0,0.02,2.91,0.0,0.0,0.0,0.13,0.65,0.0,7.49,0.04,0.07
GENARO HERRERA,GENARO HERRERA,-4.91003,-73.66944,0.0,0.0,0.0,0.0,0.0,0.0,0.93,3.6,0.0,2.07,0.0,0.01,0.0,0.0,0.01,0.3,0.0,0.0,2.56,3.87
GORGOR,GORGOR,-10.62136,-77.04026,0.0,0.0,0.0,0.0,0.0,0.0,0.0,0.0,1.01,0.0,0.0,0.0,0.03,1.08,0.0,0.55,0.44,0.09,0.16,0.07
GRANJA KAYRA,GRANJA KAYRA,-13.55675,-71.87517,0.0,0.0,0.01,0.0,0.0,0.0,0.0,0.08,0.0,0.0,0.01,0.62,0.0,0.0,2.39,0.14,0.01,0.01,0.51,0.4
GRANJA PORCON,GRANJA PORCON,-7.03753,-78.63339,0.0,0.0,0.0,0.26,0.0,0.0,0.26,0.99,0.12,0.0,0.0,2.9,11.04,0.0,0.84,12.23,0.0,0.0,0.0,0.03
GRANJA SAN ANTONIO,GRANJA SAN ANTONIO,-13.60492,-72.85693,6.32,0.0,1.9,0.09,0.0,0.0,0.0,0.0,2.83,0.02,0.9,0.31,10.02,4.72,1.35,2.7,1.23,1.3,2.55,0.11
HACIENDA BERNALES,HACIENDA BERNALES,-13.7578,-75.96641,0.0,0.0,0.0,0.0,0.0,0.0,0.0,0.0,0.0,0.0,0.0,0.0,0.0,0.0,0.0,0.0,0.0,0.0,0.0,0.0
HACIENDA BIGOTE,HACIENDA BIGOTE,-5.33757,-79.7857,0.0,0.0,0.0,0.0,0.01,0.0,0.0,0.0,0.0,0.0,0.0,0.0,0.0,0.0,0.0,0.0,0.02,0.0,0.0,0.0
HACIENDA PUCARA,HACIENDA PUCARA,-6.0419,-79.1342,0.0,0.0,0.0,0.0,0.0,0.0,0.0,0.0,0.0,0.0,0.0,0.0,0.02,0.0,0.0,0.0,0.0,0.04,0.0,0.0
HUAC-HUAS,HUAC-HUAS,-14.13236,-74.94104,0.0,0.0,0.0,0.0,0.0,0.0,0.0,0.0,0.0,0.0,0.0,0.0,0.0,0.0,0.0,0.0,0.0,0.0,0.31,0.33
HUACHOS,HUACHOS,-13.2206,-75.53348,0.0,0.0,0.0,0.0,0.0,0.0,0.0,0.0,0.0,0.0,0.0,0.0,0.0,0.0,0.0,0.0,0.0,0.0,0.02,0.66
HUAMACHUCO,HUAMACHUCO,-7.81916,-78.0568,0.0,0.0,0.0,1.35,0.0,0.0,0.0,0.01,0.0,0.0,0.0,0.24,0.14,0.0,0.0,1.31,0.16,0.0,0.01,0.04
HUAMANI,HUAMANI,-13.843,-75.59037,0.0,0.0,0.0,0.0,0.0,0.0,0.0,0.0,0.0,0.0,0.0,0.0,0.0,0.0,0.0,0.0,0.0,0.0,0.0,0.0
HUAMANTANGA,HUAMANTANGA,-11.50247,-76.74675,0.0,0.0,0.0,0.0,0.0,0.0,0.0,0.02,0.0,0.0,0.0,0.0,0.0,0.0,0.0,0.0,0.0,0.08,0.34,0.25
HUAMBO,HUAMBO,-15.74867,-72.10693,0.0,0.0,0.0,0.0,0.0,0.0,0.0,0.0,0.0,0.0,0.0,0.0,0.0,0.0,0.0,0.0,0.0,0.0,0.0,0.01
HUAMBOS,HUAMBOS,-6.45368,-78.96315,0.0,0.0,0.0,0.0,0.0,0.06,0.0,0.0,0.08,0.24,0.0,0.0,0.01,0.0,0.0,0.0,0.07,0.0,0.0,0.0
HUANCA,HUANCA,-16.01791,-71.88108,0.0,0.0,0.0,0.0,0.0,0.0,0.0,0.0,0.0,0.0,0.0,0.0,0.0,0.0,0.0,0.0,0.0,0.0,0.0,0.0
HUANCABAMBA,HUANCABAMBA,-5.24681,-79.45399,0.0,0.0,0.0,0.0,0.0,0.0,0.0,0.0,0.0,0.0,0.0,0.0,0.0,0.0,0.0,0.0,0.0,0.0,0.0,0.0
HUANCALPI,HUANCALPI,-12.58031,-75.24178,0.0,0.0,0.0,1.39,0.0,0.0,0.0,0.07,0.15,0.0,0.01,11.1,0.0,0.01,0.1,11.59,6.07,1.11,0.18,6.3
HUANCANO,HUANCANO,-13.61784,-75.67102,0.0,0.0,0.0,0.0,0.0,0.0,0.0,0.0,0.0,0.0,0.0,0.0,0.0,0.0,0.0,0.0,0.0,0.0,0.0,0.0
HUANCAPI,HUANCAPI,-13.749,-74.06811,6.24,-0.0,0.01,0.04,0.08,0.0,0.0,3.93,0.0,0.0,0.0,5.25,0.07,0.02,0.07,5.57,5.84,0.25,1.34,2.77
HUANCASANCOS,HUANCASANCOS,-13.93194,-74.33889,0.01,-0.0,0.0,0.0,0.0,0.0,0.0,0.02,0.0,0.0,0.0,7.71,0.0,0.0,0.0,1.81,0.01,1.23,0.14,5.39
HUANCATA,HUANCATA,-12.18618,-76.24066,0.0,0.0,0.0,0.0,0.0,0.0,0.0,0.0,0.0,0.0,0.0,0.0,0.0,0.0,0.0,0.0,0.0,0.0,0.0,0.0
HUANCAVELICA,HUANCAVELICA,-12.77154,-75.01241,0.37,0.0,0.0,0.1,0.09,0.0,0.01,0.63,0.02,0.0,0.03,5.01,0.02,0.01,0.11,16.24,1.64,0.9,1.31,4.03
HUANGACOCHA,HUANGACOCHA,-7.93754,-78.06807,0.0,0.0,0.0,0.42,0.0,0.0,0.0,1.42,0.0,0.0,0.0,0.1,0.16,0.0,0.0,1.09,0.01,0.0,0.01,0.0
HUANGASCAR,HUANGASCAR,-12.89858,-75.83365,0.0,0.0,0.0,0.0,0.0,0.0,0.0,0.0,0.0,0.0,0.0,0.0,0.0,0.0,0.0,0.0,0.0,0.0,0.0,0.0
HUANTA,HUANTA,-12.91133,-74.28324,0.73,0.0,0.0,0.0,0.0,0.0,0.0,0.0,0.01,0.0,0.0,1.74,4.42,0.66,0.32,0.01,0.01,0.19,0.0,0.0
HUANUCO,HUANUCO,-9.96556,-76.23694,0.0,0.0,0.0,0.0,0.0,0.0,0.0,0.0,0.0,0.0,0.0,0.0,0.0,0.0,0.0,0.0,0.0,0.54,0.0,0.0
HUARAYA MOHO,HUARAYA MOHO,-15.3881,-69.48419,0.37,3.21,0.06,0.1,0.0,0.0,0.0,0.0,0.0,0.0,0.0,0.0,0.0,0.0,0.0,3.42,0.15,0.0,0.15,2.1
HUARMACA,HUARMACA,-5.56479,-79.51975,0.0,0.0,0.0,0.0,0.0,0.0,0.0,0.0,0.0,0.0,0.0,0.0,0.0,0.0,0.0,0.0,0.0,0.0,0.0,0.0
HUARMEY,HUARMEY,-10.06812,-78.16232,0.0,0.05,0.01,0.0,0.0,0.0,0.0,0.0,0.0,0.0,0.0,0.0,0.0,0.0,0.0,0.0,0.0,0.0,0.0,0.0
HUAROS,HUAROS,-11.40743,-76.5758,0.0,0.0,0.0,0.0,0.0,0.0,0.0,0.44,0.12,0.0,0.0,0.0,0.0,0.0,0.02,0.2,0.0,0.2,1.4,1.93
HUASACACHE,HUASACACHE,-16.45774,-71.56635,0.0,0.0,0.0,0.0,0.0,0.0,0.0,0.0,0.0,0.0,0.0,0.0,0.0,0.0,0.0,0.0,0.0,0.0,0.0,0.0
HUASAHUASI,HUASAHUASI,-11.26769,-75.63911,1.11,0.01,0.77,0.13,1.04,0.0,0.0,0.0,0.0,0.0,0.05,0.02,6.71,0.06,0.01,0.02,0.43,0.21,0.01,0.33
HUAYAN,HUAYAN,-11.45281,-77.12201,0.15,0.38,0.0,0.0,0.0,0.0,0.0,0.0,0.0,0.0,0.0,0.0,0.0,0.0,0.0,0.0,0.0,0.0,0.0,0.0
HUAYAO,HUAYAO,-12.04019,-75.3205,0.01,0.0,0.0,4.54,0.0,0.0,0.0,4.48,0.05,0.0,0.0,3.25,2.45,0.09,0.0,1.47,5.39,0.02,0.0,0.38
HUAÑEC,HUAÑEC,-12.29359,-76.13902,0.0,0.0,0.0,0.0,0.0,0.0,0.0,0.0,0.0,0.0,0.0,0.0,0.0,0.0,0.0,0.0,0.0,0.05,0.17,0.0
ICHUÑA,ICHUÑA,-16.14109,-70.5427,0.0,0.0,0.0,0.0,0.0,0.0,0.0,0.0,0.0,0.0,0.0,0.0,0.0,0.0,0.0,0.0,0.0,0.0,0.01,0.73
ILABAYA,ILABAYA,-17.40639,-70.525,0.0,0.0,0.0,0.0,0.0,0.0,0.0,0.0,0.0,0.0,0.0,0.0,0.0,0.0,0.0,0.0,0.0,0.0,0.0,0.0
ILAVE,ILAVE,-16.05994,-69.64039,0.19,0.23,0.0,0.2,0.0,0.0,0.0,0.0,0.0,0.0,0.0,0.0,0.0,0.0,0.0,0.19,4.12,0.0,0.0,5.11
ILO,ILO,-17.62381,-71.27189,0.0,0.0,0.0,0.0,0.0,0.0,0.0,0.0,0.0,0.0,0.0,0.0,0.0,0.0,0.0,0.0,0.0,0.0,0.0,0.0
IMATA,IMATA,-15.84266,-71.09062,0.0,0.0,0.0,0.0,0.0,0.0,0.0,0.0,0.0,0.0,0.0,0.0,0.0,0.0,0.0,0.0,0.0,0.0,0.12,0.39
INCAHUASI,INCAHUASI,-6.23389,-79.33472,0.0,0.0,0.0,0.0,0.0,0.0,0.0,0.0,0.0,0.0,0.0,0.01,0.01,0.0,0.0,0.0,0.0,0.0,0.01,0.0
INGENIO,INGENIO,-11.87522,-75.29664,0.97,-0.0,0.1,1.81,0.0,0.0,0.0,0.92,0.0,0.0,0.0,0.86,5.4,0.01,0.0,0.06,0.21,0.01,0.03,0.0
ISLA SOTO,ISLA SOTO,-15.56219,-69.48897,2.66,2.8,0.13,1.34,0.94,0.0,0.0,0.0,0.0,0.0,0.0,0.0,0.0,0.0,0.0,0.12,0.13,0.55,0.0,4.58
ISLA SUANA,ISLA SUANA,-16.34658,-68.85033,7.52,2.1,0.01,0.34,0.0,0.62,0.32,0.0,0.0,0.0,0.0,0.0,0.0,0.0,0.0,0.0,1.19,3.52,0.77,0.24
ISLA TAQUILE,ISLA TAQUILE,-15.77019,-69.69106,0.79,1.87,0.03,0.03,0.0,0.0,0.0,0.0,0.0,0.0,0.0,0.0,0.0,0.0,0.0,0.0,0.56,0.12,0.0,6.7
ITE,ITE,-17.86008,-70.95169,0.0,-0.0,0.0,0.0,0.0,0.0,0.0,0.0,0.0,0.0,0.0,0.0,0.0,0.0,0.0,0.0,0.0,0.0,0.0,0.0
IÑAPARI,IÑAPARI,-10.95589,-69.578,0.0,0.0,0.0,0.0,0.0,0.18,13.98,0.01,0.0,0.0,0.0,0.0,0.0,0.0,0.0,0.0,0.0,0.0,0.0,0.0
JACAS CHICO,JACAS CHICO,-9.88474,-76.50094,0.58,0.12,0.0,0.0,0.0,0.0,0.59,3.19,0.0,0.0,0.21,0.24,0.04,0.0,0.06,0.15,0.41,3.27,0.6,0.2
JAEN,JAEN,-5.67664,-78.77416,0.0,0.0,0.0,0.0,0.0,0.0,0.0,0.0,0.0,0.0,0.0,0.01,0.02,0.0,0.0,0.0,0.64,0.0,0.0,0.0
JAMALCA,JAMALCA,-5.89269,-78.23394,0.0,0.0,0.0,0.0,0.0,0.0,0.0,0.09,0.0,0.0,0.0,15.89,0.02,0.0,0.01,0.0,0.0,0.0,0.0,4.11
JAUJA,JAUJA,-11.74793,-75.13013,0.59,0.01,0.14,0.24,0.01,0.0,0.01,0.27,0.14,0.0,0.82,0.61,0.95,0.1,1.3,2.53,16.33,1.25,1.64,2.76
JAYANCA,JAYANCA,-6.33159,-79.76869,0.0,0.0,0.0,0.0,0.0,0.0,0.0,0.0,0.0,0.0,0.0,0.0,0.0,0.0,0.0,0.0,0.0,0.0,0.0,0.0
JAZAN,JAZAN,-5.94484,-77.9825,0.0,0.0,0.0,0.28,0.08,0.0,0.43,7.26,0.0,0.0,1.11,16.66,0.0,0.0,0.06,0.05,0.09,0.0,0.1,2.28
JEPELACIO,JEPELACIO,-6.11275,-76.90761,0.0,0.0,0.48,2.58,0.0,0.0,0.47,2.02,2.46,0.0,2.83,2.85,0.0,0.0,0.13,0.93,1.18,0.0,0.0,2.22
JESUS,JESUS,-7.2457,-78.38841,0.0,0.0,0.0,0.0,0.0,0.0,0.0,0.02,0.1,0.0,0.0,0.05,4.37,0.01,0.0,0.57,0.0,0.0,0.0,0.03
JORGE BASADRE,JORGE BASADRE,-18.0269,-70.2509,0.0,0.0,0.0,0.0,0.0,0.0,0.0,0.0,0.0,0.0,0.0,0.0,0.0,0.0,0.0,0.0,0.0,0.0,0.0,0.0
JOSE OLAYA,JOSE OLAYA,-7.40711,-76.41389,0.0,0.0,0.0,0.0,0.0,0.0,0.0,0.0,0.0,2.61,20.7,0.02,0.0,0.0,0.16,0.26,2.7,0.08,0.33,0.1
JULCAN,JULCAN,-8.05895,-78.48607,0.0,0.0,0.0,0.0,0.0,0.0,0.0,0.0,0.0,0.0,0.0,0.0,0.0,0.0,0.0,0.98,0.0,0.0,0.09,0.38
JULIACA,JULIACA,-15.44415,-70.20778,0.0,0.13,0.05,0.01,0.0,0.0,0.0,0.0,0.0,0.0,0.0,0.0,0.0,0.0,0.0,0.62,3.43,1.72,0.01,13.79
JUNIN,JUNIN,-11.13528,-75.99972,6.63,0.71,2.84,0.59,0.07,0.0,0.01,0.12,0.04,0.01,0.07,0.23,2.35,0.04,0.19,0.55,0.47,0.04,0.36,0.12
LA CASCARILLA,LA CASCARILLA,-5.67778,-78.89778,0.0,0.0,0.0,0.0,0.0,0.0,0.0,0.0,0.0,0.0,0.31,0.2,0.31,0.0,2.72,0.79,0.08,0.2,0.0,0.0
LA CRUZ,LA CRUZ,-3.62829,-80.5526,0.0,0.0,0.0,0.0,0.0,0.0,0.0,0.0,0.01,0.0,0.0,0.0,0.02,0.0,0.0,0.01,0.09,0.0,0.0,0.0
LA ENCAÑADA,LA ENCAÑADA,-7.12327,-78.33314,0.0,0.0,0.0,0.02,0.0,0.0,0.0,0.0,0.0,0.0,0.0,2.6,3.5,0.0,0.0,0.01,0.05,0.0,0.0,0.0
LA ESPERANZA,LA ESPERANZA,-4.92114,-81.07636,0.0,0.0,0.0,0.0,0.0,0.0,0.0,0.0,0.0,0.0,0.0,0.0,0.0,0.0,0.0,0.0,0.0,0.0,0.0,0.0
LA HACIENDITA,LA HACIENDITA,-16.99861,-71.60083,0.01,0.01,0.0,0.0,0.0,0.0,0.0,0.0,0.0,0.0,0.0,0.0,0.0,0.0,0.0,0.0,0.0,0.0,0.0,0.0
LA JOYA,LA JOYA,-16.58359,-71.92464,0.0,0.0,0.0,0.0,0.0,0.0,0.0,0.0,0.0,0.0,0.0,0.0,0.0,0.0,0.0,0.0,0.0,0.0,0.0,0.0
LA OROYA,LA OROYA,-11.57178,-75.95761,0.0,-0.0,1.25,24.07,0.5,0.0,0.04,6.17,3.54,0.0,0.23,10.12,4.05,0.15,0.31,1.52,2.95,0.17,0.69,11.25
LA PAMPILLA,LA PAMPILLA,-16.41379,-71.53453,0.0,0.0,0.0,0.0,0.0,0.0,0.0,0.0,0.0,0.0,0.0,0.0,0.0,0.0,0.0,0.0,0.0,0.0,0.0,0.0
LA QUINUA,LA QUINUA,-13.03881,-74.14158,0.3,0.0,0.0,0.1,0.0,0.0,0.0,0.06,0.07,0.0,0.0,2.35,5.78,1.02,0.29,2.28,3.62,0.3,0.18,0.04
LA VICTORIA,LA VICTORIA,-7.19119,-78.45947,0.0,0.0,0.0,0.03,0.0,0.0,0.0,0.0,0.0,0.0,0.0,0.04,2.6,0.0,0.01,0.37,0.02,0.0,0.0,0.01
LA YARADA,LA YARADA,-18.21065,-70.52593,0.01,0.0,0.0,0.0,0.0,0.0,0.0,0.0,0.0,0.0,0.0,0.0,0.01,0.01,0.0,0.0,0.0,0.0,0.0,0.0
LACHAQUI,LACHAQUI,-11.554,-76.62706,0.0,0.0,0.0,0.0,0.0,0.0,0.0,0.0,0.0,0.0,0.0,0.0,0.0,0.0,0.0,0.01,0.0,0.07,0.01,0.34
LAGUNAS,LAGUNAS,-5.21937,-75.7161,0.0,0.0,0.02,0.01,0.0,0.03,0.65,0.61,0.03,0.2,1.89,0.5,0.0,0.0,0.0,0.0,0.0,0.04,0.05,0.1
LAIVE,LAIVE,-12.25228,-75.36053,4.99,-0.0,0.06,7.58,0.0,0.0,0.07,2.53,3.7,0.0,0.06,6.0,1.29,0.02,0.24,13.65,17.39,0.1,0.73,1.95
LAMAS,LAMAS,-6.41875,-76.52794,0.0,0.0,0.0,0.0,0.0,0.0,1.06,2.36,0.0,1.14,4.08,0.66,0.0,0.0,0.0,1.66,0.0,0.0,0.42,0.45
LAMBAYEQUE,LAMBAYEQUE,-6.73438,-79.9265,0.0,0.01,0.0,0.0,0.0,0.0,0.0,0.0,0.0,0.0,0.0,0.0,0.0,0.0,0.0,0.0,0.0,0.0,0.0,0.0
LAMPA,LAMPA,-15.36108,-70.37417,0.0,0.36,0.13,0.0,0.0,0.0,0.0,0.0,0.0,0.0,0.0,0.0,0.0,0.0,0.01,3.42,0.56,0.09,0.17,4.86
LANCONES,LANCONES,-4.64288,-80.54718,0.0,0.0,0.0,0.0,0.0,0.0,0.0,0.0,0.0,0.0,0.0,0.0,0.0,0.0,0.0,0.0,0.0,0.0,0.0,0.0
LARAQUERI,LARAQUERI,-16.136,-70.04589,0.0,0.0,0.0,0.34,0.0,0.0,0.0,0.0,0.0,0.0,0.0,0.0,0.0,0.0,0.0,2.1,7.73,0.14,0.24,4.29
LAS SALINAS,LAS SALINAS,-16.32064,-71.15212,0.0,0.0,0.0,0.0,0.0,0.0,0.0,0.0,0.0,0.0,0.0,0.0,0.0,0.0,0.0,0.0,0.0,0.0,0.0,0.13
LETRAYOC,LETRAYOC,-13.65773,-75.74496,0.0,-0.0,0.0,0.0,0.0,0.0,0.0,0.0,0.0,0.0,0.0,0.0,0.0,0.0,0.0,0.0,0.0,0.0,0.0,0.0
LIMBANI,LIMBANI,-14.13969,-69.68702,0.0,-0.0,1.59,3.08,1.48,0.45,1.38,1.87,0.0,0.0,0.02,2.67,0.01,0.0,5.5,2.95,0.01,0.0,0.95,2.04
LIRCAY,LIRCAY,-12.98146,-74.71809,0.01,-0.0,0.01,0.08,0.04,0.0,0.0,0.74,0.21,0.0,0.0,13.81,1.12,0.32,0.0,14.16,2.78,3.2,0.23,0.18
LIVES,LIVES,-7.09686,-79.04045,0.0,0.0,0.0,0.0,0.0,0.0,0.0,0.23,0.0,0.0,0.0,0.0,0.02,0.0,0.0,1.86,0.0,0.0,0.0,0.0
LLALLY,LLALLY,-14.95286,-70.88053,0.87,0.11,0.48,1.28,0.0,0.0,0.0,0.0,0.0,0.0,0.0,0.0,0.0,0.0,0.11,0.28,6.89,0.18,0.05,0.31
LLAMA,LLAMA,-6.51443,-79.12262,0.0,0.0,0.0,0.0,0.0,0.0,0.0,0.0,0.0,0.02,0.0,0.0,0.01,0.0,0.0,0.0,0.0,0.0,0.0,0.0
LLAPA,LLAPA,-6.995,-78.81119,0.0,0.0,0.0,0.0,0.0,0.0,0.02,0.0,0.0,0.0,0.0,0.02,0.21,0.0,0.1,4.75,0.0,0.0,0.01,0.45
LOMAS,LOMAS,-15.57119,-74.8503,0.06,0.04,0.0,0.0,0.0,0.0,0.0,0.0,0.0,0.0,0.0,0.0,0.0,0.0,0.0,0.0,0.0,0.0,0.0,0.0
LOMAS DE LACHAY,LOMAS DE LACHAY,-11.37681,-77.36839,1.25,0.79,0.0,0.0,0.0,0.0,0.0,0.0,0.0,0.0,0.0,0.0,0.0,0.0,0.0,0.0,0.0,0.0,0.0,0.0
LOS UROS,LOS UROS,-15.82039,-69.97414,0.09,0.16,0.02,0.21,0.0,0.0,0.0,0.0,0.0,0.0,0.0,0.0,0.0,0.0,0.0,0.48,2.37,0.11,0.0,7.57
LUCANAS,LUCANAS,-14.62039,-74.24944,0.0,0.0,0.0,0.0,0.0,0.0,0.0,0.0,0.0,0.0,0.0,0.01,0.0,0.0,0.0,0.0,0.0,0.0,1.41,3.09
MACHAHUAY,MACHAHUAY,-15.65322,-72.50322,0.0,0.0,0.0,0.0,0.0,0.0,0.0,0.0,0.0,0.0,0.0,0.0,0.0,0.0,0.0,0.0,0.0,0.0,0.0,0.0
MACHU PICCHU,MACHU PICCHU,-13.16655,-72.54585,0.0,0.0,0.0,0.37,0.0,0.0,0.02,4.95,0.0,0.0,0.03,0.02,0.05,0.0,0.47,1.94,20.44,14.95,0.15,4.9
MACUSANI,MACUSANI,-14.06675,-70.42206,0.0,-0.0,0.01,0.13,0.0,0.0,0.0,0.13,0.0,0.0,0.07,4.4,2.74,0.0,0.67,2.3,0.07,0.01,0.58,0.1
MADRIGAL,MADRIGAL,-15.61658,-71.81167,0.0,0.0,0.0,0.0,0.0,0.0,0.0,0.0,0.0,0.0,0.0,0.0,0.0,0.0,0.0,0.0,0.0,0.0,0.0,3.75
MAGDALENA,MAGDALENA,-7.25346,-78.65261,0.0,-0.0,0.0,0.01,0.0,0.0,0.0,0.0,0.0,0.0,0.0,0.0,1.64,0.0,0.0,0.0,0.0,0.0,0.0,0.01
MALACASI,MALACASI,-5.33978,-79.85794,0.0,0.0,0.0,0.0,0.0,0.0,0.0,0.0,0.0,0.0,0.0,0.0,0.0,0.0,0.0,0.0,0.0,0.0,0.0,0.0
MALLARES,MALLARES,-4.85574,-80.73556,0.0,0.0,0.0,0.0,0.0,0.0,0.0,0.0,0.0,0.0,0.0,0.0,0.0,0.0,0.0,0.0,0.0,0.0,0.0,0.0
MALVAS,MALVAS,-9.92723,-77.65519,0.0,0.0,0.0,0.0,0.0,0.0,0.0,0.0,0.0,0.0,0.0,0.0,0.0,0.0,0.0,0.0,0.0,0.0,0.12,0.01
MANITI,MANITI,-3.53697,-72.8742,0.0,0.0,0.0,0.0,0.0,0.0,1.09,1.42,0.0,0.0,0.46,0.0,0.0,0.0,3.58,2.82,0.0,0.03,0.9,0.08
MATAPALO,MATAPALO,-3.68277,-80.19857,0.0,-0.0,0.0,0.01,0.0,0.0,0.09,0.19,0.22,0.01,0.0,0.0,0.02,0.0,0.01,0.0,0.16,0.0,0.0,0.0
MATUCANA,MATUCANA,-11.83913,-76.37828,0.0,0.0,0.0,0.0,0.0,0.0,0.0,0.0,0.05,0.0,0.0,0.0,0.0,0.0,0.0,0.0,0.0,0.0,0.01,0.16
MAYORARCA,MAYORARCA,-10.17442,-77.34889,0.0,0.0,0.01,0.12,0.0,0.0,0.0,2.7,0.0,0.0,0.0,0.05,0.0,0.0,0.02,3.02,0.0,0.0,0.23,1.26
MAZAN,MAZAN,-3.48817,-73.08183,0.0,0.0,0.0,0.0,0.0,0.0,0.6,0.34,0.0,0.0,1.42,0.0,0.0,0.0,2.78,7.12,0.0,0.04,3.7,0.01
MAZO CRUZ,MAZO CRUZ,-16.73889,-69.71544,0.0,0.0,0.0,0.01,0.0,0.0,0.0,0.0,0.0,0.0,0.0,0.0,0.0,0.0,0.0,0.0,0.0,0.0,0.31,1.22
MAÑAZO,MAÑAZO,-15.79944,-70.3395,0.01,0.0,0.04,0.29,0.0,0.0,0.0,0.0,0.0,0.0,0.0,0.0,0.0,0.0,0.0,0.44,0.59,0.0,0.41,5.36
MOLLEPATA,MOLLEPATA,-8.19137,-77.95397,0.0,0.0,0.0,0.0,0.0,0.0,0.0,0.41,0.0,0.0,0.0,0.01,0.0,0.0,0.02,0.55,0.0,0.0,0.0,0.05
MONTEGRANDE,MONTEGRANDE,-7.22499,-79.15323,0.0,0.0,0.0,0.0,0.0,0.0,0.0,0.0,0.0,0.0,0.0,0.0,0.0,0.0,0.0,0.02,0.0,0.0,0.0,0.0
MOQUEGUA,MOQUEGUA,-17.17875,-70.93269,0.0,0.0,0.0,0.0,0.0,0.0,0.0,0.0,0.0,0.0,0.0,0.0,0.0,0.0,0.0,0.0,0.0,0.0,0.0,0.0
MORALILLO,MORALILLO,-3.89972,-73.33806,0.0,0.0,0.0,0.31,0.0,0.0,0.29,0.38,0.0,0.0,19.0,0.01,0.0,0.0,0.07,1.44,0.0,0.49,8.77,0.01
MORROPON,MORROPON,-5.19464,-79.98774,0.0,0.0,0.0,0.0,0.0,0.0,0.0,0.0,0.0,0.0,0.0,0.0,0.0,0.0,0.0,0.0,0.01,0.0,0.0,0.0
MOYOBAMBA,MOYOBAMBA,-6.04481,-76.96822,0.0,0.0,0.04,1.22,0.0,0.0,0.05,2.08,5.59,0.0,0.3,0.1,0.0,0.0,0.26,1.78,0.1,0.0,0.24,0.24
MUÑANI,MUÑANI,-14.77944,-69.96583,0.16,1.95,0.33,0.57,0.0,0.0,0.0,0.0,0.0,0.0,0.0,0.0,0.0,0.0,2.32,4.67,23.46,0.5,0.1,1.12
NAMBALLE,NAMBALLE,-4.99953,-79.08862,0.0,0.0,0.0,0.0,0.0,0.0,0.0,0.0,0.0,0.0,0.05,0.01,0.03,0.0,0.0,0.0,0.0,0.0,2.66,0.01
NAMORA,NAMORA,-7.2006,-78.32782,0.0,0.0,0.0,0.06,0.0,0.0,0.11,0.02,0.01,0.0,0.0,3.3,2.88,0.0,0.04,1.13,0.01,0.0,0.0,0.0
NARANJILLO,NARANJILLO,-5.80964,-77.39264,0.0,0.0,0.0,2.93,1.88,0.0,0.34,4.46,2.37,0.07,0.23,7.82,0.01,0.0,0.0,3.85,6.3,0.0,0.01,0.26
NAUTA,NAUTA,-4.51944,-73.60028,0.0,0.0,0.0,0.01,0.0,0.0,1.04,3.53,0.0,0.0,11.54,0.01,0.0,0.0,0.0,1.28,0.0,0.0,4.43,0.0
NIEPOS,NIEPOS,-6.92511,-79.12902,0.0,0.0,0.0,0.0,0.0,0.0,0.0,0.0,0.0,0.0,0.0,0.0,0.0,0.0,0.0,0.31,0.0,0.0,0.0,0.0
OBRAJILLO,OBRAJILLO,-11.4525,-76.62194,0.0,0.0,0.0,0.0,0.0,0.0,0.0,0.06,0.0,0.0,0.0,0.0,0.0,0.0,0.0,0.01,0.0,0.0,0.14,1.38
OCROS,OCROS,-10.40457,-77.40025,0.0,0.0,0.0,0.01,0.0,0.0,0.0,0.02,0.0,0.0,0.0,0.0,0.0,0.0,0.0,0.01,0.0,0.0,0.16,0.62
OCUCAJE,OCUCAJE,-14.37844,-75.68208,0.0,0.0,0.0,0.0,0.0,0.0,0.0,0.0,0.0,0.0,0.0,0.0,0.0,0.0,0.0,0.0,0.0,0.0,0.0,0.0
OMATE,OMATE,-16.67531,-70.97925,0.0,0.0,0.0,0.0,0.0,0.0,0.0,0.0,0.0,0.0,0.0,0.0,0.0,0.0,0.0,0.0,0.0,0.0,0.0,0.0
ORCOPAMPA,ORCOPAMPA,-15.26387,-72.34096,0.0,0.0,0.0,0.0,0.0,0.0,0.0,0.0,0.0,0.0,0.0,0.0,0.0,0.0,0.0,0.0,0.0,0.0,5.23,1.35
OXAPAMPA,OXAPAMPA,-10.56424,-75.41845,0.0,-0.0,0.83,0.75,0.01,2.12,0.68,3.84,2.56,0.15,0.06,2.31,0.0,0.0,1.61,2.05,0.02,0.02,0.51,1.16
OYON,OYON,-10.66769,-76.7687,0.04,-0.0,0.01,0.15,0.0,0.0,0.0,0.53,0.3,0.0,0.0,0.0,1.15,0.0,0.0,0.05,2.78,0.35,0.04,0.15
OYOTUN,OYOTUN,-6.86394,-79.32062,0.0,0.0,0.0,0.0,0.0,0.0,0.0,0.0,0.0,0.0,0.0,0.0,0.0,0.0,0.0,0.0,0.0,0.0,0.0,0.0
PACARAN,PACARAN,-12.85023,-76.05793,0.0,0.0,0.0,0.0,0.0,0.0,0.0,0.0,0.0,0.0,0.0,0.0,0.0,0.0,0.0,0.0,0.0,0.0,0.0,0.0
PACAYZAPA,PACAYZAPA,-6.2818,-76.76171,0.0,0.0,0.2,0.0,0.0,0.0,0.36,1.57,0.0,0.06,13.08,4.0,0.0,0.0,0.16,0.97,0.0,0.0,0.14,0.02
PACHAMACHAY,PACHAMACHAY,-11.06525,-76.9141,0.0,0.0,0.03,0.01,0.0,0.0,0.0,0.0,0.0,0.0,0.0,0.0,0.0,0.03,0.0,0.0,0.0,0.55,0.27,0.29
PACHIZA,PACHIZA,-7.29322,-76.77092,0.0,0.0,0.0,0.0,0.0,0.0,0.0,0.0,0.12,0.02,2.24,0.0,0.0,0.0,0.0,0.01,0.0,0.0,0.02,0.06
PALCA,PALCA,-17.77794,-69.95864,0.0,0.0,0.0,0.0,0.0,0.0,0.0,0.0,0.0,0.0,0.0,0.0,0.0,0.0,0.0,0.0,0.0,0.0,0.0,0.0
PALPA,PALPA,-14.54939,-75.18926,0.0,0.0,0.0,0.0,0.0,0.0,0.0,0.0,0.0,0.0,0.0,0.0,0.0,0.0,0.0,0.0,0.0,0.0,0.0,0.0
PAMPA BLANCA,PAMPA BLANCA,-14.23731,-75.10398,0.0,0.0,0.0,0.0,0.0,0.0,0.0,0.0,0.0,0.0,0.0,0.0,0.0,0.0,0.0,0.0,0.0,0.0,0.0,0.0
PAMPA DE ARRIEROS,PAMPA DE ARRIEROS,-16.06645,-71.59138,0.0,0.0,0.0,0.0,0.0,0.0,0.0,0.0,0.0,0.0,0.0,0.0,0.0,0.0,0.0,0.0,0.0,0.0,0.0,0.0
PAMPA DE MAJES,PAMPA DE MAJES,-16.319,-72.20248,0.0,0.0,0.0,0.0,0.0,0.0,0.0,0.0,0.0,0.0,0.0,0.0,0.0,0.0,0.0,0.0,0.0,0.0,0.0,0.0
PAMPACOLCA,PAMPACOLCA,-15.71672,-72.56829,0.0,0.0,0.0,0.0,0.0,0.0,0.0,0.0,0.0,0.0,0.0,0.0,0.0,0.0,0.0,0.0,0.0,0.0,0.0,0.0
PAMPAHUTA,PAMPAHUTA,-15.48369,-70.67599,0.17,0.32,0.07,0.03,0.0,0.0,0.0,0.0,0.0,0.0,0.0,0.0,0.0,0.0,0.0,0.32,0.0,0.0,0.55,2.1
PAMPAS,PAMPAS,-12.40203,-74.88414,3.27,0.0,0.0,0.73,2.31,0.0,0.0,0.0,11.11,0.05,0.0,0.67,19.22,0.65,0.0,0.02,6.42,9.41,0.05,0.01
PANANGA,PANANGA,-4.51556,-80.73944,0.0,0.0,0.0,0.0,0.0,0.0,0.0,0.0,0.0,0.0,0.0,0.0,0.0,0.0,0.0,0.0,0.0,0.0,0.0,0.0
PAPAYAL,PAPAYAL,-3.56732,-80.2499,0.11,-0.0,0.0,0.08,0.44,0.0,0.0,0.04,0.04,0.0,0.0,0.0,0.01,0.0,0.0,0.0,0.74,0.01,0.0,0.0
PARIACANCHA,PARIACANCHA,-11.39364,-76.50294,0.0,0.0,0.01,0.05,0.0,0.0,0.05,0.21,2.15,0.0,0.0,0.09,0.0,0.0,0.16,3.71,0.17,1.04,0.32,8.42
PARIACOTO,PARIACOTO,-9.55239,-77.88761,0.0,0.0,0.0,0.0,0.0,0.0,0.0,0.0,0.0,0.0,0.0,0.0,0.0,0.0,0.0,0.0,0.0,0.0,0.0,0.0
PARQUIN,PARQUIN,-10.96665,-76.71983,0.0,-0.0,0.0,0.02,0.0,0.0,0.0,0.0,0.0,0.0,0.0,0.0,0.0,0.0,0.0,0.0,1.05,1.37,0.37,0.56
PARTIDOR,PARTIDOR,-4.64864,-80.26316,0.0,0.0,0.0,0.0,0.0,0.0,0.0,0.0,0.0,0.0,0.0,0.01,0.0,0.0,0.0,0.0,0.0,0.0,0.0,0.0
PARURO,PARURO,-13.76697,-71.84469,0.0,0.0,0.0,0.19,0.0,0.0,0.0,0.0,0.02,0.0,0.0,0.69,0.06,0.0,0.5,3.23,0.66,3.33,1.55,0.53
PASABAR,PASABAR,-5.83722,-79.81908,0.0,0.0,0.0,0.0,0.0,0.0,0.0,0.0,0.0,0.0,0.0,0.0,0.0,0.0,0.0,0.0,0.0,0.0,0.0,0.0
PAUCARAY,PAUCARAY,-14.06056,-73.63862,0.19,0.0,0.0,0.0,0.0,0.0,0.0,0.04,0.0,0.0,0.0,3.16,1.18,0.0,0.43,0.96,6.74,1.59,0.66,0.69
PAUCARBAMBA,PAUCARBAMBA,-12.55572,-74.53592,9.17,0.15,0.08,0.02,0.0,0.0,0.01,0.01,0.16,0.0,0.05,0.1,7.17,0.93,0.51,0.18,1.91,1.2,2.13,0.01
PAUZA,PAUZA,-15.29194,-73.35778,0.0,0.0,0.0,0.0,0.0,0.0,0.0,0.0,0.0,0.0,0.0,0.0,0.0,0.0,0.0,0.0,0.0,0.0,0.01,0.78
PEBAS,PEBAS,-3.31877,-71.85883,0.0,0.0,0.02,0.26,0.0,0.0,0.5,1.08,0.0,32.89,51.51,0.0,0.11,0.01,1.81,0.0,0.0,0.0,0.01,0.02
PICHANAKI,PICHANAKI,-10.93353,-74.86681,0.0,0.01,0.0,0.0,0.0,1.84,1.45,0.34,0.99,28.69,0.12,0.0,0.0,0.0,0.13,0.0,0.0,0.0,0.01,0.0
PICOTA,PICOTA,-6.91989,-76.33021,0.0,0.0,0.0,0.0,0.0,0.0,0.0,0.01,0.0,2.55,0.51,0.02,0.0,0.0,0.0,0.22,0.0,0.0,0.04,0.01
PICOY,PICOY,-10.92162,-76.73701,0.0,0.0,0.01,0.0,0.0,0.0,0.0,0.0,0.01,0.0,0.01,0.0,0.0,0.0,0.0,0.01,1.4,1.21,0.23,0.55
PILCHACA,PILCHACA,-12.39939,-75.08411,4.31,-0.0,0.0,1.83,0.46,0.0,0.0,0.32,0.86,0.0,0.0,3.23,3.45,0.34,0.01,2.27,10.59,0.04,0.06,0.0
PILLONES,PILLONES,-15.98125,-71.21669,0.0,0.0,0.0,0.0,0.0,0.0,0.0,0.0,0.0,0.0,0.0,0.0,0.0,0.0,0.0,0.0,0.0,0.0,0.06,0.53
PILLUANA,PILLUANA,-6.77631,-76.29056,0.0,0.0,0.0,0.0,0.0,0.0,0.0,0.0,0.0,0.55,2.81,0.01,0.0,0.0,0.0,0.07,0.0,0.0,0.23,0.31
PIRA,PIRA,-9.58353,-77.70719,0.0,0.0,0.0,0.0,0.0,0.0,0.0,0.0,0.0,0.0,0.0,0.0,0.0,0.0,0.0,0.0,0.0,0.0,0.04,0.05
PIRCA,PIRCA,-11.24947,-76.65513,0.0,0.0,0.0,0.0,0.0,0.0,0.01,0.04,0.0,0.0,0.0,0.05,0.0,0.0,0.0,0.01,0.0,0.06,1.37,0.16
PISAC,PISAC,-13.4195,-71.85086,0.0,0.0,0.0,0.04,0.0,0.0,0.0,1.84,0.0,0.0,0.1,0.11,0.0,0.01,0.4,0.07,0.0,0.0,0.55,1.22
PISCOBAMBA II,PISCOBAMBA II,-8.87045,-77.35072,0.12,0.0,0.0,0.0,0.0,0.0,0.0,0.07,0.2,0.0,0.0,0.3,0.05,0.0,0.01,0.28,3.72,0.07,0.12,0.01
PIZACOMA,PIZACOMA,-16.90435,-69.36953,0.0,0.0,0.0,0.31,0.0,0.0,0.0,0.0,0.0,0.0,0.0,0.0,0.0,0.0,0.0,0.0,0.0,0.0,0.34,1.06
POMABAMBA,POMABAMBA,-8.8217,-77.45733,0.34,0.11,0.0,0.09,0.0,0.0,0.0,0.15,1.51,0.0,0.01,0.62,5.45,0.0,0.09,0.05,1.17,0.99,0.46,0.04
POMACANCHI,POMACANCHI,-14.02781,-71.57258,0.03,0.02,0.03,0.04,0.0,0.0,0.0,0.0,0.01,0.0,0.05,2.03,0.39,0.0,0.08,0.22,2.62,2.34,0.09,0.91
PONGO DE CAYNARACHI,PONGO DE CAYNARACHI,-6.33047,-76.28175,0.0,0.0,0.0,0.0,0.0,0.0,0.06,0.0,0.67,0.05,10.3,1.53,0.0,0.0,0.0,0.0,0.0,0.2,0.56,0.01
PORCULLA,PORCULLA,-5.84722,-79.50833,0.0,0.0,0.0,0.0,0.0,0.0,0.0,0.0,0.0,0.0,0.0,0.0,0.0,0.0,0.0,0.0,0.0,0.0,0.0,0.05
PORPERA,PORPERA,-15.3142,-71.30639,3.15,0.01,0.01,0.0,0.0,0.0,0.0,0.0,0.0,0.0,0.0,0.0,0.0,0.0,0.14,0.92,0.0,0.0,0.87,0.26
POZUZO,POZUZO,-10.08681,-75.54622,0.01,-0.0,0.04,0.63,2.06,1.28,7.03,13.03,7.93,15.22,0.8,3.16,0.28,0.0,3.08,5.89,0.0,0.03,2.23,11.2
PROGRESO,PROGRESO,-14.67169,-70.36781,0.0,2.15,0.14,0.15,0.0,0.0,0.0,0.0,0.0,0.0,0.0,0.02,0.0,0.0,0.22,8.46,6.7,0.67,0.13,0.25
PUCALLPA - HUIMBAYOC,PUCALLPA - HUIMBAYOC,-6.4575,-75.84694,0.0,0.0,0.0,0.0,0.0,0.0,0.31,0.0,0.01,6.22,45.79,0.15,0.0,0.0,0.0,0.0,0.0,0.0,0.21,0.1
PUCARA,PUCARA,-15.04567,-70.37278,2.61,3.04,0.09,0.08,0.0,0.0,0.0,0.0,0.0,0.0,0.0,0.0,0.0,0.0,0.0,12.36,0.34,0.3,0.11,0.15
PUCHACA,PUCHACA,-6.37361,-79.46951,0.0,0.0,0.0,0.0,0.0,0.0,0.0,0.0,0.0,0.0,0.0,0.0,0.0,0.0,0.0,0.0,0.0,0.0,0.0,0.0
PUENTE INAMBARI,PUENTE INAMBARI,-13.18638,-70.38401,0.0,-0.0,0.0,0.03,9.35,3.26,4.87,0.01,0.05,0.01,0.05,0.0,0.0,0.01,0.05,0.0,0.0,0.01,0.06,0.02
PUENTE MAGDALENA,PUENTE MAGDALENA,-11.7113,-76.83719,0.0,0.0,0.0,0.0,0.0,0.0,0.0,0.0,0.0,0.0,0.0,0.0,0.0,0.0,0.0,0.0,0.0,0.0,0.0,0.0
PUERTO ALMENDRA,PUERTO ALMENDRA,-3.82861,-73.37704,0.0,0.0,0.0,0.01,0.0,0.0,0.79,1.24,0.0,0.0,34.07,0.0,0.0,0.0,0.02,1.03,0.0,0.0,4.81,0.04
PUERTO INCA,PUERTO INCA,-9.38511,-74.96375,0.01,0.0,0.0,0.0,0.0,0.0,0.14,0.0,4.18,17.55,1.05,0.01,0.0,0.0,0.0,0.0,0.0,0.0,1.55,0.04
PUERTO MALDONADO,PUERTO MALDONADO,-12.5873,-69.20885,0.0,0.0,0.0,0.0,0.77,0.34,1.28,0.2,0.0,0.0,0.0,0.0,0.0,0.0,0.0,0.0,0.0,0.0,0.0,0.0
PUERTO OCOPA,PUERTO OCOPA,-11.14669,-74.30507,0.05,0.0,0.0,7.85,0.0,0.0,1.72,2.42,0.01,0.0,0.37,0.76,0.0,0.0,0.87,3.58,0.0,0.0,3.47,5.22
PUERTO PIZARRO,PUERTO PIZARRO,-3.5038,-80.39504,0.01,-0.0,0.0,0.02,0.34,0.0,0.0,0.01,0.05,0.0,0.0,0.0,0.0,0.0,0.0,0.0,0.67,0.0,0.0,0.0
PUICA,PUICA,-15.07722,-72.67594,0.0,0.0,0.0,0.0,0.0,0.0,0.0,0.0,0.0,0.0,0.0,0.0,0.0,0.0,0.0,0.0,0.0,0.0,2.4,0.71
PULLHUAY (AYAHUASI),PULLHUAY (AYAHUASI),-15.16261,-72.74393,0.0,0.0,0.0,0.0,0.0,0.0,0.0,0.0,0.0,0.0,0.0,0.0,0.0,0.0,0.0,0.0,0.0,0.0,0.13,0.32
PUNCHANA,PUNCHANA,-3.75696,-73.27226,0.0,0.0,0.0,0.01,0.0,0.0,0.43,1.8,0.0,0.0,70.7,0.0,0.0,0.0,0.15,3.48,0.0,0.02,7.62,0.02
PUNO,PUNO,-15.82333,-70.01806,0.04,0.08,0.0,0.11,0.0,0.0,0.0,0.0,0.0,0.0,0.0,0.0,0.0,0.0,0.0,0.31,3.46,0.21,0.0,9.03
PUNTA ATICO,PUNTA ATICO,-16.23174,-73.69638,0.17,0.05,0.01,0.0,0.0,0.0,0.0,0.0,0.0,0.0,0.0,0.0,0.0,0.0,0.0,0.0,0.0,0.0,0.0,0.0
PUNTA COLES,PUNTA COLES,-17.69861,-71.37331,0.0,0.04,0.0,0.0,0.0,0.0,0.0,0.0,0.0,0.0,0.0,0.0,0.0,0.0,0.0,0.0,0.0,0.0,0.0,0.0
PUQUINA,PUQUINA,-16.62978,-71.18475,0.0,0.0,0.0,0.0,0.0,0.0,0.0,0.0,0.0,0.0,0.0,0.0,0.0,0.0,0.0,0.0,0.0,0.0,0.0,0.0
PUQUIO,PUQUIO,-14.71594,-74.14826,0.0,0.0,0.0,0.0,0.0,0.0,0.0,0.0,0.0,0.0,0.0,0.0,0.0,0.0,0.0,0.0,0.0,0.0,0.89,5.33
PUTINA,PUTINA,-14.921,-69.87569,0.43,4.14,0.3,1.61,0.0,0.0,0.0,0.0,0.0,0.0,0.0,0.0,0.0,0.0,0.19,5.31,16.89,1.0,0.04,0.58
QUEBRADA SHUGAR,QUEBRADA SHUGAR,-6.69472,-78.4575,0.0,0.0,0.0,0.0,0.0,0.24,0.01,0.02,0.0,0.0,0.01,0.03,4.03,0.0,0.38,0.52,0.1,0.0,0.08,0.18
QUEBRADA YANATILE,QUEBRADA YANATILE,-12.67884,-72.27849,0.0,0.0,0.0,0.02,1.57,0.0,0.89,0.11,0.61,2.26,1.0,0.03,0.0,0.0,0.21,4.24,1.31,0.0,0.05,0.2
QUILCATE,QUILCATE,-6.82275,-78.744,0.0,0.0,0.0,0.0,0.0,0.0,0.0,0.0,0.11,0.0,0.0,2.07,0.75,0.0,0.06,0.15,0.06,0.0,0.0,0.07
QUILLABAMBA,QUILLABAMBA,-12.85645,-72.69174,0.0,0.0,0.0,0.26,0.02,0.0,0.32,3.29,0.0,0.0,0.02,0.89,0.0,0.0,0.53,2.61,0.14,0.0,0.1,1.28
QUINCEMIL,QUINCEMIL,-13.22893,-70.7544,0.04,0.0,0.03,1.43,0.27,1.27,4.87,2.58,2.02,0.22,0.15,0.0,0.0,0.03,0.06,0.0,0.0,2.19,1.28,1.71
QUINISTAQUILLAS,QUINISTAQUILLAS,-16.74972,-70.87858,0.0,0.0,0.0,0.0,0.0,0.0,0.0,0.0,0.0,0.0,0.0,0.0,0.0,0.0,0.0,0.0,0.0,0.0,0.0,0.0
QUIRUVILCA,QUIRUVILCA,-8.00422,-78.32458,0.0,0.0,0.0,0.0,0.0,0.0,0.0,0.05,0.0,0.0,0.0,0.0,0.0,0.0,0.11,3.55,0.02,0.0,0.0,0.08
RECUAY,RECUAY,-9.72947,-77.45403,0.0,-0.0,0.0,0.12,0.0,0.0,0.0,0.27,0.02,0.0,0.0,0.0,0.0,0.0,0.0,0.34,0.01,0.0,0.01,0.05
REQUE,REQUE,-6.88613,-79.8355,0.01,0.03,0.0,0.0,0.0,0.0,0.0,0.0,0.0,0.0,0.0,0.0,0.0,0.0,0.0,0.0,0.0,0.0,0.0,0.0
REQUENA,REQUENA,-5.04307,-73.83614,0.0,0.0,0.0,0.0,0.0,0.0,0.15,0.14,0.0,3.49,1.79,0.0,0.0,0.0,0.01,0.2,0.0,0.0,5.88,10.06
RICRAN,RICRAN,-11.54001,-75.5273,0.49,-0.0,0.15,0.24,0.55,0.0,0.01,0.0,0.0,0.0,0.01,0.01,0.12,1.77,0.07,0.0,0.0,0.01,0.09,0.0
RINCON DE LA CRUZ,RINCON DE LA CRUZ,-15.99017,-69.80961,0.0,0.08,0.01,0.25,0.0,0.0,0.0,0.0,0.0,0.0,0.0,0.0,0.0,0.0,0.0,0.0,8.37,0.02,0.08,2.86
RIO BLANCO,RIO BLANCO,-11.73447,-76.25967,0.0,0.0,0.0,0.17,0.0,0.0,0.0,0.0,2.83,0.0,0.0,0.02,0.03,0.0,0.0,7.68,3.85,0.29,0.02,0.58
RIO GRANDE,RIO GRANDE,-14.54314,-75.22028,0.0,0.0,0.0,0.0,0.0,0.0,0.0,0.0,0.0,0.0,0.0,0.0,0.0,0.0,0.0,0.0,0.0,0.0,0.0,0.0
RUNATULLO,RUNATULLO,-11.61811,-75.01225,0.0,0.01,0.07,2.26,0.25,0.0,0.02,5.54,2.95,0.0,2.28,1.14,6.78,0.12,3.28,3.34,0.03,0.03,0.27,2.17
SALALA,SALALA,-5.11153,-79.46349,0.0,0.0,0.0,0.0,0.0,0.0,0.0,0.0,0.0,0.0,0.0,0.01,0.56,0.0,0.0,0.0,0.0,0.0,0.01,0.0
SALAMANCA,SALAMANCA,-15.50294,-72.83203,0.0,0.0,0.0,0.0,0.0,0.0,0.0,0.0,0.0,0.0,0.0,0.0,0.0,0.0,0.0,0.0,0.0,0.0,0.0,0.03
SALCABAMBA,SALCABAMBA,-12.20399,-74.77936,13.75,0.51,0.29,2.15,2.3,0.0,1.87,0.0,13.74,1.3,1.63,0.47,23.69,0.1,0.86,0.23,8.54,0.15,2.66,0.64
SALCCA,SALCCA,-14.16997,-71.23187,0.05,3.25,0.64,0.19,0.0,0.0,0.0,0.0,0.0,0.0,0.0,1.21,0.0,0.0,0.15,0.06,2.39,3.33,0.53,0.46
SALLIQUE,SALLIQUE,-5.65886,-79.31264,0.0,0.0,0.0,0.0,0.0,0.0,0.0,0.0,0.0,0.0,0.0,0.0,0.0,0.0,0.0,0.0,0.0,0.0,0.0,0.0
SALPO,SALPO,-8.00534,-78.62377,0.0,0.0,0.0,0.0,0.0,0.0,0.0,0.0,0.0,0.0,0.0,0.0,0.0,0.0,0.0,0.0,0.0,0.0,0.0,0.0
SAMA GRANDE,SAMA GRANDE,-17.78758,-70.48961,0.0,-0.0,0.0,0.0,0.0,0.0,0.0,0.0,0.0,0.0,0.0,0.0,0.01,0.0,0.0,0.0,0.0,0.0,0.0,0.0
SAN ALEJANDRO,SAN ALEJANDRO,-8.83028,-75.20333,0.0,0.0,0.0,0.0,0.0,0.0,0.24,0.0,11.83,68.38,13.37,0.0,0.0,0.0,0.0,0.0,0.0,0.0,9.2,0.01
SAN ANTONIO,SAN ANTONIO,-6.41274,-76.4072,0.0,0.0,0.0,0.0,0.0,0.0,1.09,0.0,0.0,0.01,2.51,0.27,0.0,0.0,0.56,0.0,0.0,0.0,0.85,2.38
SAN BENITO,SAN BENITO,-7.41153,-78.92673,0.0,0.0,0.0,0.0,0.0,0.0,0.0,0.0,0.0,0.0,0.0,0.0,0.0,0.0,0.0,0.38,0.0,0.0,0.0,0.0
SAN CAMILO,SAN CAMILO,-14.07331,-75.72768,0.0,0.01,0.0,0.0,0.0,0.0,0.0,0.0,0.0,0.0,0.0,0.0,0.0,0.0,0.0,0.0,0.0,0.0,0.0,0.0
SAN GABAN,SAN GABAN,-13.46087,-70.40999,0.43,0.24,0.26,0.64,0.02,1.92,14.48,2.44,0.55,0.01,0.02,0.0,0.0,0.01,0.12,0.0,0.0,1.47,0.42,1.09
SAN IGNACIO,SAN IGNACIO,-5.14514,-78.99512,0.0,0.0,0.0,0.0,0.0,0.0,0.0,0.0,0.0,0.0,0.33,0.82,0.05,0.0,0.0,0.0,0.0,0.0,0.03,0.01
SAN JUAN,SAN JUAN,-7.29756,-78.49106,0.0,0.0,0.0,0.0,0.0,0.0,0.01,0.0,0.0,0.0,0.0,0.0,1.15,0.03,0.04,0.15,0.0,0.0,0.01,0.03
SAN JUAN DE CASTROVIRREYNA,SAN JUAN DE CASTROVIRREYNA,-13.21198,-75.64389,0.0,0.0,0.0,0.0,0.0,0.0,0.0,0.0,0.0,0.0,0.0,0.0,0.0,0.0,0.0,0.0,0.0,0.0,0.0,0.0
SAN JUAN DE JARPA,SAN JUAN DE JARPA,-12.12453,-75.43178,0.01,-0.0,0.02,8.03,0.0,0.0,0.01,11.41,1.21,0.0,0.02,2.4,0.71,0.54,0.79,7.59,2.68,0.57,0.24,1.28
SAN JUAN DE YANAC,SAN JUAN DE YANAC,-13.22725,-75.78697,0.0,0.0,0.0,0.0,0.0,0.0,0.0,0.0,0.0,0.0,0.0,0.0,0.0,0.0,0.0,0.0,0.0,0.0,0.0,0.0
SAN LAZARO DE ESCOMARCA,SAN LAZARO DE ESCOMARCA,-12.18088,-76.35207,0.0,0.0,0.0,0.0,0.0,0.0,0.0,0.0,0.0,0.0,0.0,0.0,0.0,0.0,0.0,0.0,0.0,0.01,0.36,0.0
SAN LORENZO,SAN LORENZO,-4.81694,-76.70028,0.0,0.0,0.0,0.0,0.0,0.0,0.86,0.37,0.0,1.44,18.33,18.25,0.06,0.0,0.0,0.0,0.0,0.02,0.06,0.0
SAN MARCOS,SAN MARCOS,-7.32249,-78.1727,0.0,0.0,0.0,0.04,0.0,0.0,0.0,0.32,0.04,0.0,0.0,1.72,1.68,0.0,0.01,0.0,0.05,0.0,0.0,0.0
SAN MATEO DE HUANCHOR,SAN MATEO DE HUANCHOR,-11.76044,-76.30128,0.0,0.0,0.0,0.0,0.0,0.0,0.0,0.0,1.32,0.0,0.0,0.0,0.0,0.0,0.0,0.8,1.65,0.06,0.01,0.3
SAN MATEO DE OTAO,SAN MATEO DE OTAO,-11.84695,-76.56361,0.0,0.0,0.0,0.0,0.0,0.0,0.0,0.0,0.0,0.0,0.0,0.0,0.0,0.0,0.0,0.0,0.0,0.02,0.3,0.12
SAN MIGUEL,SAN MIGUEL,-5.2462,-80.68436,0.0,0.0,0.0,0.0,0.0,0.0,0.0,0.0,0.0,0.0,0.0,0.0,0.0,0.0,0.0,0.0,0.0,0.0,0.0,0.0
SAN PABLO,SAN PABLO,-6.80956,-76.57625,0.0,0.0,0.0,0.09,0.0,0.0,0.0,0.0,0.0,0.0,0.7,0.07,0.0,0.0,0.0,0.02,0.0,0.0,0.08,0.02
SAN PEDRO DE CACHI,SAN PEDRO DE CACHI,-13.06528,-74.35861,0.62,0.0,0.0,0.0,0.0,0.0,0.0,0.0,0.0,0.0,0.0,2.29,2.82,0.44,0.66,0.02,1.58,0.37,0.0,0.0
SAN PEDRO DE HUACARPANA,SAN PEDRO DE HUACARPANA,-13.06453,-75.66304,0.0,0.0,0.0,0.0,0.0,0.0,0.0,0.0,0.0,0.0,0.0,0.0,0.0,0.0,0.0,0.0,0.0,0.0,0.0,0.4
SAN RAFAEL,SAN RAFAEL,-10.32925,-76.17658,0.0,0.44,0.0,0.0,0.0,0.0,0.0,0.1,0.0,0.0,0.01,0.04,0.01,0.0,0.05,0.06,3.85,0.19,0.54,0.06
SAN RAMON,SAN RAMON,-5.93559,-76.11813,0.0,0.0,0.0,0.06,0.0,0.0,0.07,0.01,0.0,0.13,37.99,0.04,0.0,0.0,0.0,0.0,0.0,0.43,0.05,0.0
SAN REGIS,SAN REGIS,-4.51301,-73.90751,0.0,0.0,0.0,0.0,0.0,0.0,0.23,1.03,0.0,0.0,0.86,0.04,0.0,0.0,0.0,0.63,0.0,0.0,3.82,0.0
SAN ROQUE,SAN ROQUE,-3.75322,-73.25992,0.0,0.0,0.07,0.09,0.0,0.0,0.78,7.15,0.0,0.0,84.22,0.0,0.0,0.0,0.71,3.66,0.0,0.0,8.55,0.03
SANTA ANA,SANTA ANA,-12.00956,-75.22158,0.07,0.0,0.0,7.01,0.93,0.0,0.0,9.83,8.98,0.0,0.0,1.94,13.65,0.01,0.04,1.04,0.02,0.4,0.03,0.24
SANTA CRUZ,SANTA CRUZ,-6.61657,-78.94761,0.0,0.0,0.0,0.0,0.0,0.0,0.01,0.03,0.0,0.0,0.0,0.0,0.01,0.0,0.0,0.51,0.0,0.0,0.0,0.09
SANTA EULALIA,SANTA EULALIA,-11.92,-76.66664,0.0,0.0,0.0,0.0,0.0,0.0,0.0,0.0,0.0,0.0,0.0,0.0,0.0,0.0,0.0,0.0,0.0,0.0,0.0,0.0
SANTA LUCIA,SANTA LUCIA,-15.71074,-70.61594,0.0,0.07,0.04,0.1,0.0,0.0,0.0,0.0,0.0,0.0,0.0,0.0,0.0,0.0,0.0,0.0,0.0,0.0,0.48,2.17
SANTA MARIA DE NANAY,SANTA MARIA DE NANAY,-3.08891,-73.69714,0.0,0.0,0.0,0.0,0.0,0.0,0.32,1.01,0.0,0.0,95.1,2.03,0.0,0.0,2.85,16.22,0.0,0.0,0.21,0.18
SANTA MARIA DE NIEVA,SANTA MARIA DE NIEVA,-4.83083,-77.93972,0.0,0.0,0.0,0.0,0.0,0.0,0.13,0.29,0.0,0.44,0.68,0.98,0.01,0.0,0.12,0.19,0.0,0.0,0.0,0.07
SANTA ROSA,SANTA ROSA,-14.61781,-70.79278,0.18,0.6,1.36,0.01,0.0,0.0,0.0,0.0,0.0,0.0,0.01,0.18,0.01,0.0,1.28,3.0,8.19,1.7,0.17,0.17
SANTIAGO DE CHOCORVOS,SANTIAGO DE CHOCORVOS,-13.83,-75.25417,0.0,0.0,0.0,0.0,0.0,0.0,0.0,0.0,0.0,0.0,0.0,0.0,0.0,0.0,0.0,0.0,0.0,0.0,0.0,0.0
SANTIAGO DE TUNA,SANTIAGO DE TUNA,-11.98322,-76.52419,0.0,0.0,0.0,0.0,0.0,0.0,0.0,0.0,0.0,0.0,0.0,0.0,0.0,0.0,0.0,0.0,0.0,0.01,0.0,0.13
SANTO DOMINGO,SANTO DOMINGO,-5.03825,-79.88715,0.0,0.0,0.0,0.03,0.0,0.0,0.0,0.11,0.0,0.0,0.0,0.0,0.0,0.0,0.0,0.02,0.01,0.0,0.0,0.01
SANTO TOMAS,SANTO TOMAS,-14.39878,-72.08774,1.13,0.05,0.0,0.0,0.0,0.0,0.0,0.0,0.0,0.0,0.25,0.06,7.45,0.55,0.81,0.0,13.85,11.64,0.81,0.01
SAPILLICA,SAPILLICA,-4.79484,-79.99845,0.0,0.0,0.0,0.0,0.0,0.0,0.0,0.01,0.0,0.0,0.0,0.01,0.0,0.0,0.0,0.01,0.0,0.0,0.0,0.0
SAPOSOA,SAPOSOA,-6.94313,-76.76823,0.0,0.0,0.0,0.03,0.0,0.0,0.0,0.0,0.0,0.0,1.52,0.63,0.0,0.0,0.0,0.01,0.01,0.0,0.13,0.65
SATIPO,SATIPO,-11.22467,-74.60869,0.0,0.0,0.0,4.35,0.0,0.0,0.59,1.5,5.06,1.93,1.58,0.0,0.0,0.0,0.09,2.31,0.0,0.0,0.07,5.74
SAUCE,SAUCE,-6.69432,-76.20099,0.0,0.0,0.01,0.01,0.0,0.0,0.24,0.06,0.01,0.66,5.55,0.06,0.0,0.0,0.19,0.07,0.0,0.0,1.22,0.71
SAUSAL DE CULUCAN,SAUSAL DE CULUCAN,-4.75238,-79.77459,0.0,0.0,0.0,0.0,0.0,0.0,0.0,0.0,0.0,0.0,0.0,0.09,0.0,0.0,0.0,0.0,0.0,0.0,0.0,0.0
SHANAO,SHANAO,-6.41312,-76.60028,0.0,0.0,0.07,0.13,0.0,0.0,0.06,0.08,0.0,0.75,2.25,1.2,0.0,0.0,0.0,0.51,0.0,0.0,0.43,0.13
SHEQUE,SHEQUE,-11.67762,-76.48563,0.0,0.0,0.0,0.0,0.0,0.0,0.0,0.32,1.27,0.0,0.0,0.0,0.0,0.0,0.0,0.01,0.01,0.44,0.27,6.21
SIBAYO,SIBAYO,-15.48919,-71.45697,0.21,-0.0,0.0,0.0,0.0,0.0,0.0,0.0,0.0,0.0,0.0,0.0,0.0,0.0,0.0,0.01,0.0,0.0,0.18,4.98
SICUANI,SICUANI,-14.23736,-71.23669,0.01,0.42,0.05,0.17,0.0,0.0,0.0,0.05,0.0,0.0,0.0,0.72,0.0,0.01,0.0,0.01,10.62,6.7,0.01,0.27
SIHUAS,SIHUAS,-8.56694,-77.65028,0.09,-0.0,0.0,0.11,0.0,0.0,0.07,0.26,1.16,0.0,0.0,6.15,8.33,0.04,0.0,2.2,0.06,0.01,0.1,1.49
SOCSI CAÑETE,SOCSI CAÑETE,-13.03051,-76.20027,0.0,0.0,0.0,0.0,0.0,0.0,0.0,0.0,0.0,0.0,0.0,0.0,0.0,0.0,0.0,0.0,0.0,0.0,0.0,0.0
SONDOR-MATARA,SONDOR-MATARA,-7.23688,-78.21262,0.0,0.0,0.0,0.0,0.0,0.0,0.04,0.0,0.01,0.0,0.0,1.23,4.83,0.0,0.04,0.01,0.0,0.0,0.0,0.0
SONDORILLO,SONDORILLO,-5.33979,-79.43137,0.0,0.0,0.0,0.0,0.0,0.0,0.0,0.0,0.0,0.0,0.0,0.01,0.0,0.0,0.0,0.01,0.0,0.0,0.01,0.08
SORITOR,SORITOR,-6.142,-77.09179,0.0,0.0,0.07,1.37,0.43,0.07,0.13,0.7,2.8,0.82,1.39,1.08,0.0,0.0,0.02,0.02,3.12,0.0,0.76,0.07
SUSAPAYA,SUSAPAYA,-17.34772,-70.11806,0.0,0.0,0.0,0.0,0.0,0.0,0.0,0.0,0.0,0.0,0.0,0.0,0.0,0.0,0.0,0.0,0.0,0.0,0.0,0.0
TABACONAS,TABACONAS,-5.31515,-79.28488,0.0,0.0,0.0,0.0,0.0,0.0,0.0,0.0,0.0,0.0,0.0,0.01,0.03,0.0,0.03,0.0,0.0,0.0,0.0,0.0
TABALOSOS,TABALOSOS,-6.39533,-76.62533,0.0,0.0,0.07,0.13,0.0,0.0,0.06,0.08,0.0,0.75,2.25,1.2,0.0,0.0,0.0,0.51,0.0,0.0,0.43,0.13
TACAMA,TACAMA,-13.99978,-75.75386,0.0,0.0,0.0,0.0,0.0,0.0,0.0,0.0,0.0,0.0,0.0,0.0,0.0,0.0,0.0,0.0,0.0,0.0,0.0,0.0
TAHUACO - YUNGUYO,TAHUACO - YUNGUYO,-16.305,-69.0675,3.85,2.15,0.0,0.41,0.0,0.23,0.39,0.0,0.0,0.0,0.0,0.0,0.0,0.0,0.01,0.0,0.23,0.13,0.56,0.51
TALABAYA,TALABAYA,-17.55255,-69.98678,0.0,0.0,0.0,0.0,0.0,0.0,0.0,0.0,0.0,0.0,0.0,0.0,0.0,0.0,0.0,0.0,0.0,0.0,0.0,0.0
TALLA (GUADALUPE),TALLA (GUADALUPE),-7.28009,-79.41906,0.0,0.0,0.0,0.0,0.0,0.0,0.0,0.0,0.0,0.0,0.0,0.0,0.0,0.0,0.0,0.0,0.0,0.0,0.0,0.0
TAMANCO,TAMANCO,-5.79207,-74.28904,0.0,0.0,0.0,0.0,0.0,0.0,0.49,0.8,0.77,1.26,4.83,0.15,0.0,0.0,0.0,0.02,0.0,0.11,2.52,2.6
TAMBO,TAMBO,-13.69163,-75.27418,0.0,0.0,0.0,0.0,0.0,0.0,0.0,0.0,0.0,0.0,0.0,0.0,0.0,0.0,0.0,0.0,0.0,0.0,0.0,0.0
TAMBOBAMBA,TAMBOBAMBA,-13.94492,-72.17522,0.16,0.07,0.54,0.0,0.0,0.0,0.0,0.02,0.0,0.01,2.9,0.27,3.79,2.36,1.43,0.19,4.05,3.72,0.87,0.01
TAMSHIYACU,TAMSHIYACU,-4.00356,-73.16112,0.0,0.0,0.0,0.14,0.0,0.0,1.09,3.32,0.0,0.0,13.31,0.0,0.0,0.0,0.22,1.49,0.0,0.31,9.18,0.0
TANANTA,TANANTA,-8.10972,-76.59556,0.0,0.0,0.0,0.04,0.0,0.0,0.03,0.0,19.76,21.86,16.89,0.0,0.0,0.0,0.06,0.51,3.04,0.15,0.1,0.07
TANTA,TANTA,-12.11694,-76.01694,0.0,0.0,0.0,0.0,0.0,0.0,0.0,0.0,0.0,0.0,0.0,0.0,0.0,0.02,0.0,0.0,0.81,0.08,0.01,0.56
TARACO,TARACO,-15.305,-69.9825,1.0,1.06,0.03,0.07,0.0,0.0,0.0,0.0,0.0,0.0,0.0,0.0,0.0,0.0,0.11,3.84,1.73,0.12,0.0,5.47
TARAPOTO,TARAPOTO,-6.47597,-76.37039,0.0,0.0,0.0,0.0,0.0,0.0,0.05,0.0,0.01,0.0,4.8,0.6,0.0,0.0,0.0,0.14,0.0,0.0,0.0,0.38
TARATA,TARATA,-17.47936,-70.03664,0.0,0.0,0.0,0.0,0.0,0.0,0.0,0.0,0.0,0.0,0.0,0.0,0.0,0.0,0.0,0.0,0.0,0.0,0.0,0.0
TARMA,TARMA,-11.39672,-75.68991,3.04,-0.0,0.7,0.9,0.33,0.0,0.0,0.0,0.0,0.0,0.0,0.0,1.1,0.5,0.01,0.0,0.0,0.0,0.0,0.0
TINGO DE PONAZA,TINGO DE PONAZA,-6.93722,-76.25267,0.0,0.0,0.0,0.01,0.0,0.0,0.0,0.0,0.0,0.05,3.01,0.02,0.0,0.0,0.0,0.97,0.0,0.0,0.24,0.4
TINGO MARIA,TINGO MARIA,-9.2935,-75.98383,0.09,0.01,0.0,0.0,0.0,6.07,0.03,0.0,9.84,26.41,1.0,0.01,0.0,0.0,0.02,0.85,1.89,0.03,0.02,0.22
TISCO,TISCO,-15.34577,-71.44701,1.52,0.0,0.04,0.0,0.0,0.0,0.0,0.0,0.0,0.0,0.0,0.0,0.0,0.0,0.0,1.02,0.0,0.0,0.11,3.85
TOCMOCHE,TOCMOCHE,-6.41009,-79.35572,0.0,0.0,0.0,0.0,0.0,0.0,0.0,0.0,0.0,0.0,0.0,0.0,0.11,0.0,0.0,0.0,0.0,0.0,0.0,0.0
TOURNAVISTA,TOURNAVISTA,-8.92972,-74.71667,0.0,0.0,0.0,0.0,0.0,0.0,0.44,0.0,10.49,20.17,2.92,0.0,0.0,0.0,0.0,0.0,0.0,0.0,0.78,0.0
TRUJILLO,TRUJILLO,-8.11203,-78.9851,0.0,0.01,0.0,0.0,0.0,0.0,0.0,0.0,0.0,0.0,0.0,0.0,0.0,0.0,0.0,0.0,0.0,0.0,0.0,0.0
TULUMAYO,TULUMAYO,-9.10028,-75.90028,0.05,0.0,3.24,2.17,0.01,0.68,2.24,3.01,2.55,6.35,2.2,0.03,0.0,0.0,1.18,5.83,0.01,0.0,5.1,10.05
TUMILACA,TUMILACA,-17.12773,-70.83694,0.0,0.0,0.0,0.0,0.0,0.0,0.0,0.0,0.0,0.0,0.0,0.0,0.0,0.0,0.0,0.0,0.0,0.0,0.0,0.0
UBINAS,UBINAS,-16.38878,-70.85406,0.0,0.0,0.0,0.0,0.0,0.0,0.0,0.0,0.0,0.0,0.0,0.0,0.0,0.0,0.0,0.0,0.0,0.0,0.0,0.0
UDIMA,UDIMA,-6.81474,-79.09377,0.0,0.0,0.0,0.0,0.0,0.0,0.0,0.0,0.0,0.0,0.0,0.0,0.0,0.0,0.0,1.14,0.0,0.0,0.0,0.0
UNJF SANCHEZ CARRION - HUACHO,UNJF SANCHEZ CARRION - HUACHO,-11.12386,-77.60603,0.0,0.01,0.01,0.0,0.0,0.0,0.0,0.0,0.0,0.0,0.0,0.0,0.0,0.0,0.0,0.0,0.0,0.0,0.0,0.0
URUBAMBA,URUBAMBA,-13.30517,-72.12456,0.0,-0.0,0.0,0.0,0.0,0.0,0.0,0.32,0.0,0.0,0.0,0.03,0.0,0.0,1.08,0.56,0.0,0.0,0.08,0.01
VILCASHUAMAN,VILCASHUAMAN,-13.66881,-73.95239,3.72,-0.0,0.02,0.0,0.0,0.0,0.0,1.11,0.0,0.0,0.02,8.19,0.37,0.05,0.14,3.42,10.14,0.69,1.11,0.18
VIQUES,VIQUES,-12.15603,-75.22831,0.18,-0.0,0.0,6.68,0.0,0.0,0.0,0.92,4.66,0.0,0.0,4.49,9.96,0.01,0.0,10.98,9.04,0.01,0.0,0.08
WAYLLAPAMPA,WAYLLAPAMPA,-13.0765,-74.2165,0.34,0.0,0.0,0.21,0.0,0.0,0.0,0.04,0.01,0.0,0.0,1.89,3.61,1.25,0.48,0.17,0.22,0.15,0.03,0.0
YACANGO,YACANGO,-17.09078,-70.85033,0.0,0.0,0.0,0.0,0.0,0.0,0.0,0.0,0.0,0.0,0.0,0.0,0.0,0.0,0.0,0.0,0.0,0.0,0.0,0.0
YANAHUANCA,YANAHUANCA,-10.4896,-76.51291,4.71,0.02,1.0,0.1,0.0,0.0,0.0,0.25,0.07,0.0,0.06,0.09,0.29,0.03,0.01,2.03,0.98,0.31,0.54,0.01
YANAQUIHUA,YANAQUIHUA,-15.7765,-72.87583,0.0,0.0,0.0,0.0,0.0,0.0,0.0,0.0,0.0,0.0,0.0,0.0,0.0,0.0,0.0,0.0,0.0,0.0,0.0,0.04
YANTAC,YANTAC,-11.34583,-76.40453,0.0,0.0,0.77,6.56,0.01,0.0,0.01,2.38,11.77,0.0,0.06,5.12,0.0,0.0,0.08,5.67,2.64,1.56,0.32,5.68
YAULI,YAULI,-11.66667,-76.08333,0.0,0.0,0.15,19.89,0.01,0.0,0.0,0.1,1.85,0.02,0.01,6.3,2.11,0.01,0.04,13.6,3.23,0.89,0.48,7.78
YAUYOS,YAUYOS,-12.49173,-75.91039,0.0,0.0,0.0,0.0,0.0,0.0,0.0,0.0,0.0,0.0,0.0,0.0,0.0,0.0,0.0,0.0,0.0,0.01,0.04,0.03
YUNGAY,YUNGAY,-9.14189,-77.76664,0.0,0.0,0.0,0.0,0.0,0.0,0.0,0.0,0.0,0.0,0.0,0.0,0.0,0.0,0.0,0.0,0.01,0.02,0.0,0.0
ÑAÑA,ÑAÑA,-11.98744,-76.84194,0.0,0.0,0.0,0.0,0.0,0.0,0.0,0.0,0.0,0.0,0.0,0.0,0.0,0.0,0.0,0.0,0.0,0.0,0.0,0.0
